ts,game_id,langs_top10
2026-08-11T01:00:52Z,509658,en:192353|es:27407|pt:27208|ru:19637|fr:6538|de:5655|zh:4296|ja:3729|it:3003|ko:1100
2026-08-11T01:00:52Z,27471,en:162930|es:2832|fr:2823|pt:2615|de:2147|ru:1947|ja:172|bg:100|pl:46|ar:42
2026-08-11T01:00:52Z,491931,en:105070|ja:16961|ru:5756|es:3272|fr:2173|pt:1450|de:1302|hu:193|zh:174|pl:161
2026-08-11T01:00:52Z,32982,en:30427|fr:29163|pt:11727|de:5395|es:1108|ru:888|pl:774|cs:425|it:405|other:117
2026-08-11T01:00:52Z,21779,en:32935|es:23901|de:7634|pt:6387|fr:3457|ja:1517|zh:1233|ru:372|ar:206|it:163
2026-08-11T01:00:52Z,509672,en:34690|fr:12295|uk:6265|de:1447|es:727|pt:557|ja:281|it:271|hu:270|ru:249
2026-08-11T01:00:52Z,33214,en:38696|es:3317|fr:1522|pt:1487|ru:1466|it:978|de:603|ar:108|ja:70|pl:32
2026-08-11T01:00:52Z,32399,en:15084|pt:9996|ru:8384|pl:6672|es:1641|de:510|tr:165|el:151|fr:134|da:133
2026-08-11T01:00:52Z,2112738408,en:44807|pt:26|es:13|fr:8|it:2|de:2|sv:1|nl:1|id:1|ar:1
2026-08-11T01:00:52Z,516575,en:14643|pt:8534|fr:4143|es:3447|ja:1314|ru:1093|de:1082|ar:535|zh:265|pl:197
2026-08-11T01:00:52Z,1264310518,en:28959|es:1217|pt:1106|ar:421|ja:243|fr:114|ru:75|tl:32|zh:25|nl:24
2026-08-11T01:00:52Z,126542259,en:30306
2026-08-11T01:00:52Z,491487,en:17696|pt:3014|es:2253|ru:646|ja:502|ar:456|de:447|fr:395|nl:38|it:29
2026-08-11T01:00:52Z,512710,en:18133|es:4830|pt:1487|fr:1299|de:827|it:145|ar:62|pl:48|nl:20|ru:5
2026-08-11T01:00:52Z,31339,en:21381|pt:1296|fr:479|es:424|de:365|ru:176|zh:107|ja:28|it:6|pl:4
2026-08-11T01:00:52Z,18122,en:19599|pt:1308|ru:717|de:489|es:408|fr:282|other:71|zh:19|ar:11|tr:9
2026-08-11T01:00:52Z,29595,ru:15528|pt:3159|en:2708|es:358|uk:263|other:122|de:35|fr:10|it:6|th:5
2026-08-11T01:00:52Z,498566,en:9138|es:5050|de:4743|pt:2106|fr:706|fi:530|hu:199|no:186
2026-08-11T01:00:52Z,263490,es:16868|en:4064|ru:344|pt:156|ja:130|it:130|de:82|fr:53|hu:27|tr:2
2026-08-11T01:00:52Z,515025,en:15192|es:1421|pt:1411|ja:1189|ar:353|fr:315|ru:123|zh:90|it:82|de:54
2026-08-11T01:00:52Z,511224,en:15213|ja:1360|es:743|zh:545|pt:242|ar:165|fr:160|ru:149|de:84|pl:27
2026-08-11T01:00:52Z,624536948,pt:7581|en:4681|es:885|de:467|fr:402|it:329|ru:137|ar:51|uk:17|pl:10
2026-08-11T01:00:52Z,2132205352,en:13613|pt:394|ru:353|pl:158|es:156|ja:31|ar:30|fr:10|it:4|de:2
2026-08-11T01:00:52Z,499973,en:11128|de:1260|es:901|fr:865|ja:287|pt:55|bg:10|ca:3|nl:2|other:1
2026-08-11T01:00:52Z,676802825,en:13989|pt:146|es:76|ar:47|de:41|fr:29|ru:6|other:6|it:0
2026-08-11T01:00:52Z,852009328,en:6650|pt:3854|de:2725|ru:494|fr:444|ja:204|es:170|ar:112|it:13|tr:8
2026-08-11T01:00:52Z,29307,en:11308|ru:1288|pt:410|es:258|ja:169|zh:74|fr:30|tr:27|pl:15|de:10
2026-08-11T01:00:52Z,490242481,en:13859|pt:45|de:44|ru:8|fr:5|ar:5|ja:1
2026-08-11T01:00:52Z,670138298,en:11530|other:977
2026-08-11T01:00:52Z,2012789438,en:3786|fr:342|ar:231|pt:53|es:51|de:35|ja:18|no:7|fi:5|it:4
2026-08-11T01:00:52Z,492535,ja:11411|en:183|pt:34|es:10|fr:7
2026-08-11T01:00:52Z,1036710512,en:8641|fr:464|pt:411|es:319|ja:267|de:220|ar:52|ru:43|zh:41|pl:7
2026-08-11T01:00:52Z,509660,en:7590|es:837|pt:532|zh:381|ja:304|th:106|ru:36|de:29|pl:28|fr:28
2026-08-11T01:00:52Z,509659,en:8862|pt:928|es:298|fr:191|ru:89|ja:64|it:4|de:2|other:1
2026-08-11T01:00:52Z,630009802,en:8877|ja:302|fr:287|pt:234|ru:220|es:161|de:114|it:84|zh:14|bg:3
2026-08-11T01:00:52Z,26936,en:7503|pt:863|es:524|ja:198|fr:89|zh:19|ru:16|de:13|other:10|it:5
2026-08-11T01:00:52Z,386821,en:6312|pt:1760|zh:532|es:416|ja:394|ru:236|th:70|de:58|fr:46|tr:44
2026-08-11T01:00:52Z,23020,en:6828|es:1091|pt:365|ru:147|fr:51|zh:33|de:33|ar:28|it:19|pl:4
2026-08-11T01:00:52Z,19619,pt:8593|es:533|en:201|pl:4
2026-08-11T01:00:52Z,24241,en:8069|ja:510|zh:146|pt:139|es:101|fr:37|de:33|zh-hk:2
2026-08-11T01:00:52Z,1669431183,en:6183|fr:1353|de:690|pt:100|ja:94|es:45|other:19|uk:14|ru:6|da:6
2026-08-11T01:00:52Z,460630,en:5558|pt:1727|es:276|fr:51|de:48|pl:41|ar:28|it:19|ru:4|hu:4
2026-08-11T01:00:52Z,2083,en:7875|pt:9|es:8|fr:5
2026-08-11T01:00:52Z,513143,en:5879|pt:677|ja:440|es:285|zh:227|fr:39|nl:38|it:29|de:25
2026-08-11T01:00:52Z,30921,en:5955|es:586|fr:235|pt:147|de:64|ar:32|it:20|ja:10|ru:7|pl:6
2026-08-11T01:00:52Z,29452,pt:7125|en:168|ru:124|es:3
2026-08-11T01:00:52Z,27284,en:4934|pt:631|es:475|ja:314|ru:142|fr:103|de:43|no:3|it:3
2026-08-11T01:00:52Z,499003,en:6605|es:90|pt:39|fr:7|zh:3|ja:3
2026-08-11T01:00:52Z,138585,en:3022|ja:1246|ru:830|pt:661|fr:510|es:96|it:54|ar:40|zh:7|de:7
2026-08-11T01:00:52Z,459931,en:6290|pt:28|fi:22|de:17|fr:14|no:2
2026-08-11T01:00:52Z,369418,en:6406|ja:106|de:14|es:6|pt:2|ru:1
2026-08-11T01:00:52Z,464339927,en:4379|es:719|pt:439|ru:315|de:120|fr:108|ar:43|it:35|ja:32|other:4
2026-08-11T01:00:52Z,512953,en:4990|ru:251|es:178|pt:158|ar:128|de:83|fr:50|ja:28|zh:13|el:9
2026-08-11T01:00:52Z,292679852,en:5767|pt:16
2026-08-11T01:00:52Z,27546,en:4023|pl:1026|ja:196|ru:103|es:90|pt:32|de:30|hu:17|sk:4|fr:3
2026-08-11T01:00:52Z,518203,en:3743|it:877|es:469|de:331|pt:76|ja:4|zh:1|fr:1
2026-08-11T01:00:52Z,19976,en:4365|zh:918|ja:54|pt:32|other:1|fr:1|es:0
2026-08-11T01:00:52Z,499634,en:4633|ru:269|pt:232|es:75|fr:50|de:3|tr:1|other:1|it:1
2026-08-11T01:00:52Z,55453844,ja:3152|en:1670|pt:281|zh:59|es:48|other:21|no:9|fr:1
2026-08-11T01:00:52Z,471100653,it:4176
2026-08-11T01:00:52Z,272263131,en:4065|ja:208|zh:168|de:29|fr:16|fi:9|es:6|pt:2|other:2|ru:1
2026-08-11T01:00:52Z,513181,es:1829|en:1704|pt:398|ru:260|ja:104|tl:39|de:27|fr:24|it:13|zh:2
2026-08-11T01:00:52Z,539257489,de:2294|en:1258|pt:350|es:258|ru:54|fr:53|ja:35|zh:10|it:8|ar:4
2026-08-11T01:00:52Z,493057,pt:1696|en:1554|ru:719|es:125|zh:48|el:40|ja:27|ar:18|pl:16|hu:14
2026-08-11T01:00:52Z,512923,en:3764|pt:87|ru:66|de:63|es:42|other:19|fr:17|it:1|ar:0
2026-08-11T01:00:52Z,417528,es:1653|en:1152|pt:985|ru:45|fr:35|zh:19|ja:18|pl:6
2026-08-11T01:00:52Z,497057,en:3490|es:56|fr:49|pt:22|de:11|ar:9|ja:0
2026-08-11T01:00:52Z,13332,en:3432|ru:38|pt:31|es:8|ja:4
2026-08-11T01:00:52Z,493959,en:2435|pt:459|ru:253|ar:182|fr:63|es:63|de:49|ja:4|it:4|th:1
2026-08-11T01:00:52Z,66082,en:2153|es:474|pt:372|el:280|hu:64|ja:30|zh:27|de:21|fr:15|ru:7
2026-08-11T01:00:52Z,66170,en:2887|es:244|pt:99|fr:58|ja:43|ru:14|de:6|tl:3|it:2|ar:2
2026-08-11T01:00:52Z,1494,en:2482|es:215|pt:124|fr:95|de:26|it:22|ar:19|pl:3|fi:3|cs:3
2026-08-11T01:00:52Z,1448964995,en:3111|es:216|ru:87|zh:83|pt:26|ja:21|de:3|it:2|other:1|fr:1
2026-08-11T01:00:52Z,1678532194,en:2922|ar:5|other:1|de:1|bg:1
2026-08-11T01:00:52Z,509663,en:1605|de:1372|fr:141|pt:70|es:7|ar:2|tl:0|other:0
2026-08-11T01:00:52Z,401587136,en:1725|pt:654|ru:429|es:262|de:61|fr:58|ja:47|tr:12|zh:10|pl:4
2026-08-11T01:00:52Z,836519689,de:3151|en:39|pt:6
2026-08-11T01:00:52Z,488190,en:1983|pt:769|ru:234|es:63|fr:14|hu:9|de:5|zh:2
2026-08-11T01:00:52Z,1846293708,en:2877|es:73|pt:13|fr:4|ja:3
2026-08-11T01:00:52Z,116747788,en:2780|el:252|pt:8|de:6|es:5|other:4|tl:1
2026-08-11T01:00:52Z,168648543,en:2586|pt:274|es:117|ja:31|de:23|fr:10|ru:9|da:8|pl:4|uk:3
2026-08-11T01:00:52Z,399457773,en:3044|es:5|pt:1
2026-08-11T01:00:52Z,149675302,es:2734|en:161|ja:42|pt:4
2026-08-11T01:00:52Z,518184,en:2562|de:140|pt:86|fr:46|es:34|ja:11|ru:8|it:8
2026-08-11T01:00:52Z,417752,pt:1728|en:624|es:303|fr:165|ja:30|bg:6|it:5|el:1|asl:1|ru:0
2026-08-11T01:00:52Z,498592,ru:829|zh:714|en:361|de:197|it:152|pl:139|fr:115|hu:105|es:98|pt:47
2026-08-11T01:00:52Z,71375,en:2074|de:456|es:115|fr:114|pt:30|ru:22
2026-08-11T01:00:52Z,1881949588,en:1334|es:1243|pt:197|fr:7|ru:5|other:1|ja:0
2026-08-11T01:00:52Z,2059463486,en:2478|pt:196|other:17|ja:15|de:10|es:6|fr:2
2026-08-11T01:00:52Z,31336,tr:762|de:726|es:656|pt:264|ro:122|pl:91|en:49|it:29|fr:28|cs:17
2026-08-11T01:00:52Z,1282866981,en:1843|ru:234|pt:186|zh:138|ja:125|es:94|fr:67|th:35|de:22|it:10
2026-08-11T01:00:52Z,210472759,en:2518|es:109|pt:7|fr:3
2026-08-11T01:00:52Z,65632,en:2318|fr:196|es:137|pt:67|ru:38|de:29|uk:4|sv:4|it:1|fi:1
2026-08-11T01:00:52Z,2094865572,en:2007|es:114|pt:96|fr:35|de:7|ru:3
2026-08-11T01:00:52Z,509577,en:2479|fr:45|pt:30|es:8|de:4|zh:1
2026-08-11T01:00:52Z,509511,en:2337|es:100|cs:72|de:22|pt:14|nl:1
2026-08-11T01:00:52Z,1525333074,en:2451|fr:1
2026-08-11T01:00:52Z,1832641890,en:2201|es:58|fr:26
2026-08-11T01:00:52Z,491168,de:912|es:708|en:696|tr:68|ru:3|pt:2|fr:2|it:1
2026-08-11T01:00:52Z,36799602,en:1799|ru:232|de:86|ar:50|es:32|pt:23|fr:14|sv:0
2026-08-11T03:10:13Z,509658,en:193903|es:28844|pt:15930|ja:13450|ru:11805|zh:8615|fr:2966|ko:1263|de:806|it:730
2026-08-11T03:10:13Z,27471,en:160127|es:2893|de:940|pt:872|fr:257|ru:131|ja:93|ar:49|zh:18|pl:17
2026-08-11T03:10:13Z,491931,en:101625|ja:19602|ru:5169|fr:1622|es:1502|de:1038|pt:874|zh:223|hu:154|pl:40
2026-08-11T03:10:13Z,21779,en:28760|es:16525|pt:6367|fr:3121|ja:3049|zh:876|de:654|ru:243|th:44|it:42
2026-08-11T03:10:13Z,32399,en:25932|pt:8879|ru:4149|pl:3485|es:2363|da:229|tr:166|fi:118|other:90|fr:81
2026-08-11T03:10:13Z,32982,en:23409|pt:8488|fr:4547|de:2391|es:1136|pl:411|ru:357|th:69|other:18|no:18
2026-08-11T03:10:13Z,1264310518,en:29870|es:6558|pt:1093|ja:324|ar:247|fr:131|ru:52|zh:40|tl:32|de:12
2026-08-11T03:10:13Z,33214,en:19780|es:4808|pt:1691|de:958|fr:752|it:186|ja:124|ar:33|other:13|tl:11
2026-08-11T03:10:13Z,509672,en:19563|fr:5588|uk:2420|de:1538|pt:934|es:819|other:502|ru:239|ja:206|hu:90
2026-08-11T03:10:13Z,516575,en:12512|es:6513|pt:2528|ja:2325|fr:1681|de:859|ru:452|zh:444|ar:441|th:79
2026-08-11T03:10:13Z,491487,en:16213|es:8341|pt:2163|ja:426|ar:386|fr:246|de:184|ru:119|zh:106|it:18
2026-08-11T03:10:13Z,460630,en:24371|pt:1497|es:687|ar:28|ja:26|de:25|fr:18|nl:17|other:12|el:7
2026-08-11T03:10:13Z,515025,en:16407|ja:2465|es:2144|pt:1001|ar:374|zh:175|fr:60|de:39|ru:33|th:28
2026-08-11T03:10:13Z,511224,en:17218|ja:1817|es:722|zh:537|ar:167|fr:77|pt:69|ru:31|th:23|de:21
2026-08-11T03:10:13Z,31339,en:19718|pt:849|es:494|ru:217|zh:114|ja:49|fr:35|de:11|it:4|ko:1
2026-08-11T03:10:13Z,512710,en:16738|es:1816|pt:772|fr:226|ar:54|da:37|it:12|de:11|nl:10|no:1
2026-08-11T03:10:13Z,18122,en:16592|es:852|pt:609|de:405|ru:306|fr:83|zh:20|ar:12|sk:11|cs:5
2026-08-11T03:10:13Z,498566,es:4524|de:4153|en:3973|pt:1306|fr:780|fi:522|no:198|th:93|ko:0
2026-08-11T03:10:13Z,630009802,en:14286|ja:433|es:272|zh:243|pt:196|de:120|fr:17|ar:1
2026-08-11T03:10:13Z,1036710512,en:9955|ja:2999|es:442|pt:351|fr:275|zh:86|no:86|de:60|ar:50|ru:41
2026-08-11T03:10:13Z,676802825,en:14849|es:180|pt:105|ar:28|ja:7|ru:4|fr:4
2026-08-11T03:10:13Z,624536948,pt:10236|en:3110|es:1075|de:289|fr:81|it:60|ru:20|ar:7|ja:6|nl:3
2026-08-11T03:10:13Z,1229,ja:14460|en:322|es:19|fr:2
2026-08-11T03:10:13Z,29595,ru:8020|en:3492|pt:1749|es:459|other:179|uk:44|ja:12|th:7|fr:4|zh:2
2026-08-11T03:10:13Z,499973,en:10273|de:838|es:780|fr:703|ja:244|pt:47|bg:9|ca:3|ru:1|other:1
2026-08-11T03:10:13Z,884569009,en:10834|es:292
2026-08-11T03:10:13Z,1881949588,es:10967|en:1497|fr:281|pt:41|ru:1|ja:0
2026-08-11T03:10:13Z,509659,en:10504|es:571|ja:219|pt:115|fr:105|other:2|de:2|ru:1
2026-08-11T03:10:13Z,852009328,en:6175|pt:3029|de:990|ja:455|ru:388|es:187|fr:48|ar:26|zh:8|hu:2
2026-08-11T03:10:13Z,670138298,en:8843|other:1308|es:1
2026-08-11T03:10:13Z,29307,en:7799|ru:549|pt:290|es:227|zh:158|ja:122|de:35|ar:9|th:8|fr:7
2026-08-11T03:10:13Z,24241,en:8140|ja:785|zh:188|es:106|pt:73|zh-hk:8|fr:6|other:0
2026-08-11T03:10:13Z,509660,en:5672|es:988|zh:897|ja:509|pt:191|th:141|fr:44|ko:25|pl:21|ar:19
2026-08-11T03:10:13Z,2132205352,en:7899|ru:185|pl:148|pt:135|es:114|ja:59|fr:6|sv:3|tl:1
2026-08-11T03:10:13Z,513143,en:5777|zh:1006|pt:686|ja:650|es:324|fr:34|de:21|tl:5|ru:1|pl:1
2026-08-11T03:10:13Z,1669431183,en:7951|de:188|pt:147|fr:62|es:15|uk:9|other:4|ja:4|da:3|sv:1
2026-08-11T03:10:13Z,29452,pt:7432|es:3
2026-08-11T03:10:13Z,43579844,en:7487
2026-08-11T03:10:13Z,26936,en:6285|pt:102|es:99|ja:74|zh:56|de:13|other:7|pl:6|it:5|ru:3
2026-08-11T03:10:13Z,55453844,ja:4634|en:2464|pt:110|es:91|other:62|ko:33|zh:3|de:2
2026-08-11T03:10:13Z,23020,en:5276|es:1083|pt:234|ar:69|ru:62|zh:28|fr:27|de:14|other:2|ja:2
2026-08-11T03:10:13Z,27284,en:5543|pt:699|es:446|ja:287|de:81|ru:80|fr:71|other:3|no:3|it:3
2026-08-11T03:10:13Z,138585,en:3468|ja:1448|ru:894|pt:584|fr:390|zh:347|es:47|it:25|de:7|ko:1
2026-08-11T03:10:13Z,386821,en:3959|pt:1079|zh:550|es:376|ja:369|ru:222|th:83|de:58|tr:41|fr:24
2026-08-11T03:10:13Z,19619,pt:6009|es:543|en:46|pl:3|other:3
2026-08-11T03:10:13Z,459931,en:6400|fi:8|pt:6|de:6
2026-08-11T03:10:13Z,499003,en:5981|es:367|zh:20|pt:16|ja:3|ru:2|fr:1
2026-08-11T03:10:13Z,464339927,en:4731|es:775|pt:245|ru:225|de:65|ja:64|other:5|it:4|fr:3
2026-08-11T03:10:13Z,513181,en:5228|es:619|pt:314|ru:113|ja:109|tl:50|fr:20|zh:7|ko:3|it:2
2026-08-11T03:10:13Z,2012789438,en:4299|fr:261|pt:71|ar:70|es:50|de:21|ja:9|asl:6|no:2|pl:1
2026-08-11T03:10:13Z,498592,en:1967|ru:1668|zh:711|de:420|pt:340|fr:340|pl:135|hu:99|es:98|it:95
2026-08-11T03:10:13Z,66082,en:4692|es:549|pt:82|ja:76|zh:55|hu:55|de:25|ar:10|fr:8|ru:7
2026-08-11T03:10:13Z,2083,en:5413|pt:12|es:5|fr:3
2026-08-11T03:10:13Z,2112738408,en:4952|es:15|pt:2|de:2|ar:1|asl:0
2026-08-11T03:10:13Z,1354825803,en:4860
2026-08-11T03:10:13Z,499634,en:4519|ru:248|pt:159|fr:41|es:5|tr:1|it:1|other:0
2026-08-11T03:10:13Z,263490,en:2804|es:670|fi:600|ru:238|it:186|ja:182|pt:134|fr:33|hu:17|de:6
2026-08-11T03:10:13Z,30921,en:3495|es:758|fr:124|pt:69|ar:48|de:23|pl:5|other:5|cs:4|it:2
2026-08-11T03:10:13Z,19976,en:3384|zh:1084|ja:49|es:14|ko:8|other:4|fr:1
2026-08-11T03:10:13Z,272263131,en:4077|zh:166|ja:165|de:25|fr:9|fi:5|es:5|other:1|ca:0
2026-08-11T03:10:13Z,27546,en:3575|ja:229|ru:108|es:95|pl:13|de:13|zh:11|cs:10|pt:0
2026-08-11T03:10:13Z,1820839024,en:3603|ja:35|pt:20|es:17|de:4|ru:0
2026-08-11T03:10:13Z,417528,es:1968|en:888|pt:660|ru:52|fr:36|ja:29|pl:26|zh:20
2026-08-11T03:10:13Z,512953,en:2828|es:274|ar:111|pt:97|de:65|ja:32|fr:24|ru:16|other:1
2026-08-11T03:10:13Z,512923,en:3282|pt:134|de:53|es:23|other:18|ru:11|fr:5|it:1
2026-08-11T03:10:13Z,428189042,en:1948|pt:1388|es:15|ru:3
2026-08-11T03:10:13Z,66170,en:2911|es:215|ja:65|pt:57|fr:17|ru:5|tl:4|ar:4|other:3|zh:2
2026-08-11T03:10:13Z,1966055328,en:3257|es:13
2026-08-11T03:10:13Z,1678532194,en:2998|ar:8|other:1
2026-08-11T03:10:13Z,1933717313,en:2542
2026-08-11T03:10:13Z,1494,en:2677|es:266|pt:76|fr:36|de:10|other:9|ar:6|ja:3|cs:3|pl:2
2026-08-11T03:10:13Z,493057,en:2055|pt:551|ru:303|es:195|ja:49|th:17|zh:13|de:6|el:3|vi:2
2026-08-11T03:10:13Z,13182,en:3015
2026-08-11T03:10:13Z,2059463486,en:2546|es:364|ja:6|de:5
2026-08-11T03:10:13Z,509663,en:1549|de:1119|fr:134|es:14|pt:3|ar:2|tl:0|other:0
2026-08-11T03:10:13Z,491381,de:2720|cs:68|pt:42|es:38|en:23|fr:5
2026-08-11T03:10:13Z,518184,en:2538|es:169|de:63|pt:60|fr:34|ja:13|ru:5|other:3
2026-08-11T03:10:13Z,461221,en:2213|es:512|pt:22
2026-08-11T03:10:13Z,490242481,zh:1799|en:871|pt:19|es:10|ar:4|ja:3|fr:2
2026-08-11T03:10:13Z,497057,en:2430|es:173|pt:13|de:7|ja:2|other:1
2026-08-11T03:10:13Z,626298054,en:2443|es:93|other:22|pt:8
2026-08-11T03:10:13Z,493959,en:2035|pt:342|es:79|fr:20|de:14|ru:13|ja:12|ar:9|th:5
2026-08-11T03:10:13Z,1081998272,en:1534|es:805|ja:61|pt:37|other:5
2026-08-11T03:10:13Z,401587136,en:1358|pt:338|ru:270|es:265|fr:35|ja:34|de:22|ar:15|zh:4|sv:1
2026-08-11T03:10:13Z,509511,en:2200|es:116|cs:48|nl:2
2026-08-11T03:10:13Z,1846293708,en:2327|es:31|ja:13
2026-08-11T03:10:13Z,1282866981,en:1179|ru:413|es:162|zh:153|ja:146|pt:114|de:92|fr:49|th:31|ar:2
2026-08-11T03:10:13Z,116747788,en:2050|es:172|de:7|other:4|tl:1
2026-08-11T03:10:13Z,210472759,en:2139|es:105|pt:8|zh:6|ja:2|fr:2
2026-08-11T03:10:13Z,1525333074,en:2263|es:1
2026-08-11T03:10:13Z,31336,tr:657|es:567|de:565|ro:122|pt:114|pl:73|en:36|fr:27|it:16|cs:16
2026-08-11T03:10:13Z,168648543,en:1811|pt:116|es:107|ja:26|fr:14|de:6|pl:2|other:1|it:1
2026-08-11T03:10:13Z,34134,en:1969|fr:59|de:40|es:36|pt:7|ar:5|ja:2
2026-08-11T03:10:13Z,514858,pt:1587|es:227|en:209|ru:51|other:2|zh:1|fr:0
2026-08-11T03:10:13Z,2094865572,en:2034|es:117|pt:8|fr:7
2026-08-11T03:10:13Z,1832641890,en:2043|es:53
2026-08-11T03:10:13Z,1435206302,en:1846|ru:81|ja:34|tl:15|zh:11|es:11|fr:3
2026-08-11T03:10:13Z,71375,en:1478|de:385|es:89|pt:8|ja:7|fr:5
2026-08-11T03:10:13Z,1448964995,es:1242|en:446|zh:77|ja:60|ru:26|de:14|pt:4|it:2|fr:2
2026-08-11T03:10:13Z,65632,en:1676|es:168|fr:24|pt:16|ru:8|uk:3|it:1
2026-08-11T04:37:23Z,509658,en:126453|ja:17369|es:15582|zh:12240|pt:10562|ru:10162|fr:2822|ko:1052|de:794|it:462
2026-08-11T04:37:23Z,27471,en:132629|es:2229|de:625|pt:577|ja:171|ru:162|fr:72|ar:54|zh:25|pl:5
2026-08-11T04:37:23Z,491931,en:85374|ja:26074|ru:5107|fr:1383|pt:514|de:430|es:336|zh:218|hu:112|fi:43
2026-08-11T04:37:23Z,999744789,en:62616|ru:4
2026-08-11T04:37:23Z,21779,en:27657|es:12891|pt:4331|ja:3921|fr:1515|zh:1142|de:465|ru:356|th:36|el:23
2026-08-11T04:37:23Z,1264310518,en:27740|es:3917|ar:280|ru:269|pt:243|ja:213|fr:37|zh:34|tl:16|th:8
2026-08-11T04:37:23Z,516575,en:14418|es:5963|ja:2803|pt:2299|zh:1829|de:1261|fr:842|ru:514|ar:453|th:81
2026-08-11T04:37:23Z,509672,en:12797|pt:11968|de:2413|fr:1402|es:392|ja:234|ru:182|uk:169|cs:83|zh-hk:59
2026-08-11T04:37:23Z,32399,en:13297|ru:4959|pt:4421|pl:2338|es:1878|fi:226|tr:161|other:87|de:42|zh:38
2026-08-11T04:37:23Z,33214,en:20018|es:3743|pt:754|fr:458|ja:123|de:87|ru:51|ar:36|other:33|tl:15
2026-08-11T04:37:23Z,32982,en:18811|pt:3558|de:1455|es:522|ru:327|fr:327|th:65|other:35|ja:26|ar:8
2026-08-11T04:37:23Z,515025,en:15607|ja:3286|es:2072|pt:1123|ar:336|zh:255|th:81|fr:53|de:28|ko:17
2026-08-11T04:37:23Z,491487,en:13407|es:7708|pt:1092|ja:546|de:176|zh:143|ar:104|ru:101|fr:30|th:22
2026-08-11T04:37:23Z,511224,en:13828|ja:2647|es:913|zh:672|ru:106|th:27|pt:27|de:27|fr:19|zh-hk:15
2026-08-11T04:37:23Z,31339,en:18419|es:401|pt:397|zh:104|ja:49|ru:40|fr:26|ko:2
2026-08-11T04:37:23Z,1511581722,ja:17568
2026-08-11T04:37:23Z,18122,en:11054|pt:1688|es:977|de:315|ru:301|fr:100|zh:28|hu:2|other:0
2026-08-11T04:37:23Z,512710,en:12022|es:1535|pt:144|de:141|da:41|ar:38|fr:21|nl:17|other:4|ru:3
2026-08-11T04:37:23Z,29595,ru:8923|en:2978|pt:1826|other:218|es:115|uk:29|ja:14|th:6|zh:2|tl:2
2026-08-11T04:37:23Z,509659,en:12395|es:1325|ja:252|fr:46|ru:2|de:2|other:1
2026-08-11T04:37:23Z,498566,de:3924|en:3767|es:3506|pt:2041|fr:656|fi:272|no:202|ko:1|th:0
2026-08-11T04:37:23Z,1036710512,en:8653|ja:3465|es:326|fr:237|de:194|pt:116|zh:85|ar:48|ru:13|id:12
2026-08-11T04:37:23Z,630009802,en:11596|ja:567|es:375|zh:203|de:114|hu:104|pt:47|fr:14|other:4|ru:2
2026-08-11T04:37:23Z,499973,en:9613|es:740|de:705|fr:658|ja:276|pt:48|bg:5|ru:1|other:1|nl:1
2026-08-11T04:37:23Z,624536948,pt:7627|en:2834|es:837|fr:119|de:118|ru:12|ar:6|ja:5|other:4|nl:2
2026-08-11T04:37:23Z,676802825,en:11072|es:165|pt:26|ja:7
2026-08-11T04:37:23Z,670138298,en:9750|other:1395|es:1
2026-08-11T04:37:23Z,1669431183,en:10200|de:209|fr:60|pt:57|es:7|ja:5|other:2|da:1
2026-08-11T04:37:23Z,852009328,en:6125|pt:2118|zh:827|ru:449|ja:410|fr:294|es:146|de:63|ar:5|ca:4
2026-08-11T04:37:23Z,460630,en:8708|pt:1350|es:260|ja:71|other:13|fr:9|zh:4|nl:4|ru:3|de:3
2026-08-11T04:37:23Z,498592,uk:3137|en:2064|ru:1511|es:1165|zh:839|fr:445|de:358|pt:324|pl:107|hu:104
2026-08-11T04:37:23Z,626298054,en:9586|es:150|pt:5
2026-08-11T04:37:23Z,884569009,en:6765|es:186|ar:1
2026-08-11T04:37:23Z,24241,en:6935|ja:1127|zh:242|es:89|pt:36|zh-hk:11|fr:3|other:1
2026-08-11T04:37:23Z,2132205352,en:7408|ru:169|pl:144|ja:92|es:82|pt:41|sv:3
2026-08-11T04:37:23Z,55453844,ja:5513|en:2262|es:68|other:20|zh:9|pt:8
2026-08-11T04:37:23Z,29307,en:6458|ru:473|zh:242|es:201|pt:165|ja:127|de:40|th:29|pl:10|ar:9
2026-08-11T04:37:23Z,509660,en:4436|zh:1277|es:656|ja:408|th:162|de:123|ko:108|pt:71|ru:43|other:20
2026-08-11T04:37:23Z,29452,pt:6931|en:23|es:6
2026-08-11T04:37:23Z,138585,en:3473|ru:1693|ja:823|pt:422|zh:365|fr:288|it:27|es:25|other:11|de:4
2026-08-11T04:37:23Z,386821,en:3511|ja:1466|pt:701|zh:519|ru:309|es:142|th:133|de:54|fr:23|tr:21
2026-08-11T04:37:23Z,23020,en:5011|es:935|ru:92|pt:82|ar:79|zh:33|fr:21|de:5|ja:4|tl:2
2026-08-11T04:37:23Z,26936,en:5721|es:130|zh:95|ja:54|pt:24|da:16|de:13|nl:5|it:4|ru:3
2026-08-11T04:37:23Z,263490,es:3758|en:1853|it:209|ja:198|ru:177|pt:106|fr:20|hu:12|de:8|th:1
2026-08-11T04:37:23Z,513181,en:5545|es:303|ja:193|ru:151|pt:59|zh:17|ar:4|fr:2|de:1
2026-08-11T04:37:23Z,27284,en:4666|pt:512|ja:323|es:274|de:83|ru:63|fr:63|other:5|no:3|it:3
2026-08-11T04:37:23Z,880752437,en:5733
2026-08-11T04:37:23Z,513143,en:2873|zh:1367|ja:702|pt:473|es:149|fr:28|tl:5|de:4|vi:3|ru:3
2026-08-11T04:37:23Z,499003,en:5143|es:128|zh:27|ko:5|ru:2|ja:1
2026-08-11T04:37:23Z,2012789438,en:3292|es:1286|fr:228|ar:98|pt:42|no:8|ca:7|it:5|asl:5|pl:2
2026-08-11T04:37:23Z,2083,en:4705|es:7
2026-08-11T04:37:23Z,19976,en:2823|zh:2093|ja:88|es:7|other:3|ko:2|fr:1
2026-08-11T04:37:23Z,2112738408,en:4749|es:7|other:5|pt:3|ja:2|de:2|asl:1|ar:1
2026-08-11T04:37:23Z,2059463486,en:3512|es:399|de:12|ja:7
2026-08-11T04:37:23Z,66082,en:4432|es:76|hu:73|ja:49|pt:24|zh:11|ar:11|ru:10|de:9|fr:8
2026-08-11T04:37:23Z,459931,en:4505|fi:14|pt:6|es:2
2026-08-11T04:37:23Z,272263131,en:3836|ja:193|zh:160|de:19|fi:18|fr:9|es:5|other:1|ru:0|ca:0
2026-08-11T04:37:23Z,464339927,en:3500|ru:273|pt:168|es:75|ja:61|de:15|it:6|other:4|fr:4
2026-08-11T04:37:23Z,30921,en:3278|es:508|ar:97|fr:79|pt:29|de:23|ja:13|other:11|pl:5|it:2
2026-08-11T04:37:23Z,19619,pt:3255|es:603|en:123|pl:9|other:6|sv:0
2026-08-11T04:37:23Z,34134,en:3330|es:59|fr:56|de:22|ar:10|pt:5|ja:2|it:2|nl:1
2026-08-11T04:37:23Z,13182,en:3776|es:10
2026-08-11T04:37:23Z,27546,en:3110|ja:242|ru:144|es:75|de:39|uk:9|cs:8|zh:7|pl:3|fr:3
2026-08-11T04:37:23Z,512953,en:2388|es:147|pt:119|de:88|ar:86|ru:28|ja:21|fr:17|zh:3|other:2
2026-08-11T04:37:23Z,417528,es:1544|en:744|pt:480|fr:59|ru:58|zh:20|pl:1
2026-08-11T04:37:23Z,66170,en:2483|es:169|pt:35|ja:28|ru:17|fr:15|de:5|ar:5|tl:4|pl:1
2026-08-11T04:37:23Z,428189042,en:2069|pt:654|ru:1
2026-08-11T04:37:23Z,493959,en:1741|es:528|pt:184|fr:13|ar:8|de:4|th:1|ru:1
2026-08-11T04:37:23Z,493057,en:1161|es:679|ru:298|pt:228|zh:91|ja:71|de:13|th:9|other:1|fr:1
2026-08-11T04:37:23Z,499634,en:2209|ru:230|pt:24|es:8|tr:1|other:1|it:1|fr:1
2026-08-11T04:37:23Z,6521,es:2152|pt:128|ru:101|en:49|pl:9
2026-08-11T04:37:23Z,1966055328,en:2659|es:15|de:8
2026-08-11T04:37:23Z,9423,en:2369|es:2
2026-08-11T04:37:23Z,65632,en:2256|es:36|fr:24|ru:10|pt:10|ja:5|uk:4|other:1|it:1|hu:1
2026-08-11T04:37:23Z,512923,en:2131|other:18|es:15|de:13|ru:11|pt:8|it:1|th:0
2026-08-11T04:37:23Z,1494,en:1840|es:248|fr:34|pt:33|ja:4|ar:4|pl:3|other:3|zh:2|it:2
2026-08-11T04:37:23Z,509511,en:2024|es:106|de:62|cs:53|nl:2
2026-08-11T04:37:23Z,318184140,en:2103|es:132
2026-08-11T04:37:23Z,491168,es:1556|en:552|pt:75
2026-08-11T04:37:23Z,1846293708,en:2101|es:47|ja:17|fr:1
2026-08-11T04:37:23Z,1282866981,en:970|zh:516|ru:312|ja:141|de:111|th:36|pt:34|fr:31|es:30|ar:1
2026-08-11T04:37:23Z,401587136,en:1242|ru:312|es:236|pt:205|fr:19|zh:14|de:12|ja:9|ar:2|sv:1
2026-08-11T04:37:23Z,1678532194,en:1839|other:2|es:1
2026-08-11T04:37:23Z,497057,en:1847|es:132|ja:12|fr:11|pt:7|other:1|it:1|ar:1|nl:0
2026-08-11T04:37:23Z,1169827,en:1947|ru:65
2026-08-11T04:37:23Z,168648543,en:1523|es:124|ja:36|pt:26|fr:22|de:3|other:1
2026-08-11T04:37:23Z,1901865180,en:1672|es:68|pt:60|ja:50|zh:38|ru:27|de:11|ar:2
2026-08-11T04:37:23Z,515474,en:1804|pt:59|th:23|es:11|zh:10
2026-08-11T04:37:23Z,511399,en:1740|es:177|other:5
2026-08-11T04:37:23Z,460951,en:1749|es:50|ru:6
2026-08-11T04:37:23Z,210472759,en:1737|es:106|pt:5|fr:0
2026-08-11T04:37:23Z,1832641890,en:1721|es:62
2026-08-11T04:37:23Z,500188,en:1404|ru:185|es:113|pt:84|de:47|ar:9|fr:5|ja:3|cs:1
2026-08-11T04:37:23Z,796500915,en:1115|es:446|ja:6|ru:1|fr:1
2026-08-11T04:37:23Z,116747788,en:1266|ko:496|zh:10|de:4|tl:1|other:1
2026-08-11T04:37:23Z,1435206302,en:1606|ru:67|ja:36|tl:19|fr:2|es:2
2026-08-11T04:37:23Z,1881949588,en:1057|fr:314|pt:210|es:138|ja:8|de:5
2026-08-11T04:37:23Z,518184,en:1503|es:124|pt:32|ja:15|de:12|fr:9|other:4|ru:3
2026-08-11T04:37:23Z,1834446791,en:1755
2026-08-11T04:37:23Z,31336,de:694|es:401|tr:269|ro:125|pl:93|pt:61|en:34|fr:24|cs:20|it:18
2026-08-11T05:40:26Z,509658,en:123174|ja:16015|zh:14148|es:9747|pt:6998|ru:6642|fr:3383|de:1354|ko:1215|ar:850
2026-08-11T05:40:26Z,27471,en:116098|es:1575|de:549|pt:477|ru:286|ja:216|zh:161|fr:61|ar:55|uk:4
2026-08-11T05:40:26Z,491931,en:54352|ja:43004|ru:5735|de:992|fr:632|pt:372|es:298|zh:229|hu:143|fi:70
2026-08-11T05:40:26Z,2059463486,en:62151|ja:10|ru:8|de:2
2026-08-11T05:40:26Z,21779,en:22280|es:11158|ja:4399|pt:2085|zh:1419|fr:1084|de:638|ru:327|ar:80|pl:57
2026-08-11T05:40:26Z,516575,en:11715|pt:3504|ja:3126|es:3007|zh:1131|de:1025|ru:961|fr:783|ar:337|pl:62
2026-08-11T05:40:26Z,1264310518,en:22766|es:1374|ru:1080|ja:301|ar:275|pt:202|zh:46|fr:30|de:12|other:10
2026-08-11T05:40:26Z,32399,en:12896|ru:6143|pt:3360|pl:2437|es:1230|de:468|fi:140|other:83|da:33|uk:26
2026-08-11T05:40:26Z,32982,en:16985|pt:2483|ru:1274|de:499|fr:440|es:392|th:210|ja:38|other:30|uk:4
2026-08-11T05:40:26Z,515025,en:14253|ja:3713|es:1586|pt:484|ar:254|zh:225|fr:128|ru:103|th:78|de:34
2026-08-11T05:40:26Z,33214,en:14897|es:3449|ru:347|pt:208|fr:196|ja:190|de:50|ar:46|other:29|it:16
2026-08-11T05:40:26Z,491487,en:10512|es:7200|ja:1068|pt:764|de:256|ru:178|zh:118|ar:109|fr:32|zh-hk:19
2026-08-11T05:40:26Z,509672,en:10510|de:3552|fr:1491|ru:1115|pt:915|zh:248|uk:200|cs:148|fi:132|es:98
2026-08-11T05:40:26Z,511224,en:11876|ja:3832|es:786|zh:643|ru:292|pt:50|de:35|th:24|zh-hk:16|ar:13
2026-08-11T05:40:26Z,19824,ja:18320
2026-08-11T05:40:26Z,31339,en:2580|pt:471|es:196|ja:73|ru:64|fr:27|ko:1|zh:0
2026-08-11T05:40:26Z,29595,ru:10122|en:2277|pt:1619|other:212|es:47|ja:20|th:9|uk:8|tl:6|zh:1
2026-08-11T05:40:26Z,509659,en:12088|es:2050|ja:88|fr:57|ru:20|de:2|other:1
2026-08-11T05:40:26Z,498566,es:3859|en:3456|de:3283|pt:2030|fr:618|fi:274|no:192|ko:1
2026-08-11T05:40:26Z,1036710512,en:7925|ja:3209|es:270|fr:247|de:190|zh:56|pt:52|ru:35|th:16|id:14
2026-08-11T05:40:26Z,18122,en:9638|es:848|ru:588|de:495|fr:194|pt:179|zh:25|hu:3|pl:2|other:0
2026-08-11T05:40:26Z,499973,en:9227|fr:829|de:662|es:598|ja:241|pt:49|bg:9|pl:3|ru:1|other:1
2026-08-11T05:40:26Z,498592,uk:4035|en:2081|ru:1186|es:960|zh:787|pt:438|fr:416|de:334|pl:134|hu:89
2026-08-11T05:40:26Z,676802825,en:9840|es:184|pt:21|ja:18
2026-08-11T05:40:26Z,884569009,en:9824|es:175
2026-08-11T05:40:26Z,512710,en:7307|es:1358|de:245|pt:149|fr:98|ar:17|ru:15|it:15|ja:4|nl:1
2026-08-11T05:40:26Z,737093112,en:8585
2026-08-11T05:40:26Z,852009328,en:6058|zh:1112|ru:497|ja:336|fr:282|pt:194|es:114|de:59|tl:15|th:5
2026-08-11T05:40:26Z,2132205352,en:7519|ru:417|ja:106|es:49|pt:30|sv:2
2026-08-11T05:40:26Z,670138298,en:7020|other:1197|es:2|ar:1
2026-08-11T05:40:26Z,624536948,pt:4073|en:2760|es:663|de:220|fr:110|ru:34|it:12|tr:2|cs:2|ar:2
2026-08-11T05:40:26Z,509660,en:4446|zh:1404|ja:612|es:549|fr:243|de:207|th:205|ko:103|ru:89|other:30
2026-08-11T05:40:26Z,24241,en:5904|ja:1437|zh:399|es:76|de:10|zh-hk:8|fr:5|tl:2|other:1
2026-08-11T05:40:26Z,29307,en:6297|ru:685|zh:296|ja:168|pt:131|es:92|th:25|fr:10|pl:7|ar:5
2026-08-11T05:40:26Z,386821,en:3339|ja:2178|pt:613|zh:502|ru:372|th:196|es:116|de:78|fr:32|tr:28
2026-08-11T05:40:26Z,138585,en:3697|ru:2194|ja:733|fr:372|pt:343|it:26|es:23|zh:20|de:6|pl:1
2026-08-11T05:40:26Z,263490,es:4705|en:1280|fi:570|ru:214|it:203|ja:160|pt:54|hu:19|fr:17|de:2
2026-08-11T05:40:26Z,460630,en:5946|es:237|ja:154|pt:91|fr:25|other:9|zh:4|ru:2|ar:2|sv:1
2026-08-11T05:40:26Z,1669431183,en:6329|de:302|ja:46|fr:33|es:19|zh:7|ru:5|other:2|da:1
2026-08-11T05:40:26Z,630009802,en:5440|ja:531|es:273|ru:201|de:124|pt:48|zh:19|fr:16|other:7|ar:2
2026-08-11T05:40:26Z,29452,pt:6650|es:2|en:1
2026-08-11T05:40:26Z,23020,en:4671|es:750|ru:169|pt:49|zh:27|ar:25|fr:18|ja:10|de:5|th:4
2026-08-11T05:40:26Z,19976,zh:3629|en:2308|ja:114|es:6|other:3|fr:1
2026-08-11T05:40:26Z,55453844,ja:4756|en:1187|es:39|zh:15|ar:0
2026-08-11T05:40:26Z,513143,en:2980|zh:1563|ja:773|pt:379|es:150|it:73|fr:48|ru:15|tl:9|de:3
2026-08-11T05:40:26Z,1435206302,en:5475|ja:42|fr:4|es:2
2026-08-11T05:40:26Z,26936,en:4117|zh:106|ja:74|es:67|pt:41|th:32|de:28|da:20|tl:13|fr:11
2026-08-11T05:40:26Z,513181,en:5065|pt:554|es:233|ru:166|ja:151|fr:4|de:4|zh:3|th:3|ar:3
2026-08-11T05:40:26Z,27284,en:3619|pt:418|ja:408|es:310|fr:61|ru:57|fi:47|other:6|it:4|no:3
2026-08-11T05:40:26Z,2012789438,en:2948|es:1126|fr:308|ar:77|pt:36|ja:23|de:6|asl:6|no:5|pl:2
2026-08-11T05:40:26Z,66082,en:4172|es:70|ja:62|hu:61|pt:24|zh:18|ru:12|fr:8|ar:7|other:2
2026-08-11T05:40:26Z,2083,en:4389|pt:2
2026-08-11T05:40:26Z,459931,en:4213|fi:32|es:1
2026-08-11T05:40:26Z,27546,en:3381|ja:274|ru:182|de:128|uk:70|es:65|pl:19|fr:15|zh:12|cs:9
2026-08-11T05:40:26Z,272263131,en:3681|ja:184|zh:160|de:31|fi:19|fr:8|es:5|other:2|it:2|nl:1
2026-08-11T05:40:26Z,464339927,en:3574|ru:285|es:98|ja:66|pt:39|de:23|fr:6|other:2|it:2|tl:0
2026-08-11T05:40:26Z,493057,en:2803|ru:559|pt:176|es:153|zh:102|ja:89|th:64|de:38|hu:34|fr:2
2026-08-11T05:40:26Z,13182,en:3642
2026-08-11T05:40:26Z,2112738408,en:3420|es:7|other:3|ru:2|de:1|ar:1|ja:0
2026-08-11T05:40:26Z,30921,en:2432|es:439|ar:92|fr:73|de:21|pt:16|other:7|ja:7|ru:3|it:1
2026-08-11T05:40:26Z,19619,pt:2314|es:497|sv:79|en:60|pl:11
2026-08-11T05:40:26Z,9423,en:2841|es:5
2026-08-11T05:40:26Z,537344499,ja:2716|en:16
2026-08-11T05:40:26Z,499003,en:2555|es:62|zh:27|ko:10|ja:2
2026-08-11T05:40:26Z,318184140,en:2549|es:123
2026-08-11T05:40:26Z,66170,en:2293|es:113|pt:33|ja:25|fr:22|ru:15|zh:10|de:10|tl:6|pl:1
2026-08-11T05:40:26Z,512953,en:2109|pt:108|es:91|de:76|ar:71|ru:49|ja:17|fi:12|fr:8|ko:3
2026-08-11T05:40:26Z,512923,en:2412|es:31|other:18|tl:12|ru:9|de:8|pt:6|th:1
2026-08-11T05:40:26Z,417528,es:951|en:468|pt:359|ru:69|fr:68|ja:39|zh:19|tr:3|pl:1
2026-08-11T05:40:26Z,428189042,en:2224|ru:3|zh-hk:1|pt:1
2026-08-11T05:40:26Z,1282866981,en:877|zh:688|ru:310|de:122|fr:86|ja:58|pt:24|es:23|th:17|tl:1
2026-08-11T05:40:26Z,1846293708,en:2097|es:22|ja:14
2026-08-11T05:40:26Z,493959,en:1390|es:484|pt:134|fr:13|ru:11|ar:11|de:6|th:2|it:0
2026-08-11T05:40:26Z,509511,en:1733|pt:147|cs:66|es:18|hi:3|nl:1
2026-08-11T05:40:26Z,491168,es:1455|en:497|ro:13
2026-08-11T05:40:26Z,34134,en:1864|es:71|ja:11|pt:6|ar:4|fr:2
2026-08-11T05:40:26Z,1901865180,en:1795|es:64|ja:46|pt:37|ru:22|zh:11|de:5|uk:1
2026-08-11T05:40:26Z,168648543,en:1660|ja:69|es:66|ru:24|fr:18|pt:11|other:1
2026-08-11T05:40:26Z,65632,en:1670|es:61|fr:30|ru:10|pt:10|ja:10|other:3|it:1
2026-08-11T05:40:26Z,401587136,en:960|ru:547|pt:133|es:70|de:41|ja:36|fr:23|zh:9|hu:2|tr:1
2026-08-11T05:40:26Z,1834446791,en:1842
2026-08-11T05:40:26Z,1494,en:1475|es:205|fr:22|pt:19|ru:7|ja:6|de:4|other:3|it:3|zh:2
2026-08-11T05:40:26Z,497057,en:1617|es:127|ja:12|pt:10
2026-08-11T05:40:26Z,709941216,en:1654|es:20
2026-08-11T05:40:26Z,1169827,en:1674|ru:26
2026-08-11T05:40:26Z,499634,en:1443|ru:200|pt:26|es:8|tr:1|other:1|it:1|fr:1
2026-08-11T05:40:26Z,511399,en:1540|es:173|other:4
2026-08-11T05:40:26Z,31336,de:675|es:329|tr:266|ro:122|pl:122|pt:50|en:35|fr:25|cs:20|it:8
2026-08-11T05:40:26Z,500188,en:1088|ru:189|de:174|pt:80|es:78|fr:7|th:1
2026-08-11T05:40:26Z,116747788,en:1640|ja:13|zh:7|de:5|tl:1|other:1
2026-08-11T05:40:26Z,369418,en:1911|es:28|de:3|ja:2|ru:1
2026-08-11T05:40:26Z,7022,de:1475|en:45|es:24|pt:1
2026-08-11T05:40:26Z,1189321824,ja:1537
2026-08-11T05:40:26Z,1881949588,en:821|fr:595|es:43|pt:10|ar:9|zh-hk:7|ja:6|de:3|ru:2|it:0
2026-08-11T05:40:26Z,1832641890,en:1382|es:54
2026-08-11T05:40:26Z,984276556,en:1438
2026-08-11T05:40:26Z,210472759,en:1334|es:68|pt:2|ja:2|fr:1
2026-08-11T05:40:26Z,1429246898,en:1311|fr:147
2026-08-11T05:40:26Z,71375,en:829|de:424|es:111|fr:29|ja:10|pt:3
2026-08-11T05:40:26Z,518184,en:1227|es:76|ja:34|de:19|fr:10|ru:6|pt:1
2026-08-11T06:33:38Z,509658,en:79950|ja:17553|zh:13754|ru:10002|es:9950|pt:4285|de:2199|fr:1857|ko:1177|ar:1042
2026-08-11T06:33:38Z,491931,ja:44166|en:43377|ru:6503|de:1509|pt:386|es:326|fr:309|zh:179|hu:130|fi:117
2026-08-11T06:33:38Z,27471,en:64829|es:1189|de:729|ru:426|ja:282|pt:193|zh:185|fr:63|ar:48|th:9
2026-08-11T06:33:38Z,21779,en:22460|es:10525|ja:5427|fr:1699|zh:1684|pt:1671|de:1416|ru:481|pl:134|th:105
2026-08-11T06:33:38Z,509672,en:16707|uk:7116|de:4756|ru:2141|fr:2000|pt:669|zh:259|fi:166|ja:153|cs:137
2026-08-11T06:33:38Z,2132205352,en:26584|ru:494|ja:105|es:37|pt:34|fr:5|uk:2|sv:2|de:1
2026-08-11T06:33:38Z,516575,en:12273|ja:3366|zh:2631|es:1886|ru:1306|de:1150|pt:976|fr:832|ar:401|pl:199
2026-08-11T06:33:38Z,33214,en:15118|es:3113|ru:430|fr:188|ja:174|pt:147|de:96|ar:76|it:74|hu:22
2026-08-11T06:33:38Z,1264310518,en:17477|es:1052|ar:439|ja:315|ru:200|pt:144|zh:62|de:14|fr:13|pl:8
2026-08-11T06:33:38Z,491487,en:10430|es:5185|ja:1122|pt:615|de:337|ru:275|fr:225|zh:157|ar:119|zh-hk:31
2026-08-11T06:33:38Z,511224,en:12796|ja:3582|zh:686|es:560|ru:296|de:70|th:34|fr:21|zh-hk:20|ar:11
2026-08-11T06:33:38Z,837120140,ja:19025
2026-08-11T06:33:38Z,515025,en:12215|ja:2821|es:1537|pt:324|zh:225|fr:205|ar:195|ru:177|th:144|de:43
2026-08-11T06:33:38Z,32982,en:13021|ru:1721|pt:1468|de:669|fr:390|es:281|uk:223|th:169|ja:48|zh:36
2026-08-11T06:33:38Z,29595,ru:13066|en:2920|pt:1368|es:24|ja:17|de:14|th:9|uk:6|tl:6|zh:2
2026-08-11T06:33:38Z,32399,ru:6396|pt:2853|en:2767|pl:2658|es:911|uk:210|fi:117|other:86|sv:85|de:50
2026-08-11T06:33:38Z,499973,en:12733|fr:1259|de:628|es:600|ja:243|pt:48|bg:7|sk:1|ru:1|pl:1
2026-08-11T06:33:38Z,498566,de:3729|es:2843|en:2535|pt:1469|fr:593|fi:256|no:185|th:77|ru:42|other:2
2026-08-11T06:33:38Z,1036710512,en:7534|ja:3892|fr:283|es:205|zh:91|de:71|ru:60|pt:39|id:19|th:17
2026-08-11T06:33:38Z,676802825,en:10119|zh:1673|de:195|es:84|ja:20|pt:4
2026-08-11T06:33:38Z,509659,en:10276|es:1053|ja:82|ru:24|fr:13|de:2|other:1
2026-08-11T06:33:38Z,18122,en:7491|de:1052|ru:740|es:422|fr:404|pt:179|zh:6|el:6|hu:4|other:0
2026-08-11T06:33:38Z,512710,en:7162|es:994|de:447|fr:128|pt:125|ru:31|ar:25|cs:17|it:12|nl:5
2026-08-11T06:33:38Z,24241,en:6278|ja:1671|zh:425|es:56|fr:28|de:14|zh-hk:7|other:1
2026-08-11T06:33:38Z,29307,en:6673|ru:902|zh:313|ja:201|pt:126|es:66|th:42|fr:36|uk:17|pl:10
2026-08-11T06:33:38Z,509660,en:4317|zh:1537|ja:570|es:349|th:279|fr:257|de:237|ko:128|other:29|ru:21
2026-08-11T06:33:38Z,498592,en:2256|ru:2176|es:911|zh:778|fr:438|pt:371|de:349|hu:109|it:81|pl:80
2026-08-11T06:33:38Z,138585,en:4861|ru:1233|ja:864|fr:530|it:26|es:25|zh:13|de:10|pt:5|bg:0
2026-08-11T06:33:38Z,504463,en:7392|ja:98|de:19|fr:15|es:13|pt:11|zh:7|ko:1|ar:1|pl:0
2026-08-11T06:33:38Z,670138298,en:6008|other:1269|es:1
2026-08-11T06:33:38Z,624536948,en:3012|pt:2826|es:828|de:278|fr:95|ru:36|it:30|ja:3|ar:3|other:2
2026-08-11T06:33:38Z,1669431183,en:5728|ja:743|de:403|fr:24|es:12|ru:11|fi:5|other:2|da:1
2026-08-11T06:33:38Z,386821,en:2979|ja:1728|pt:571|zh:535|ru:468|th:236|de:128|es:101|fr:50|tr:42
2026-08-11T06:33:38Z,29452,pt:6599|es:3|en:1
2026-08-11T06:33:38Z,852009328,en:5100|fr:346|ja:311|ru:230|pt:177|de:89|es:76|th:12|zh:6|tr:2
2026-08-11T06:33:38Z,55453844,ja:5033|en:1296|zh:25|es:19|fi:4|ko:1
2026-08-11T06:33:38Z,263490,es:3856|en:1315|ru:418|it:257|ja:150|pt:44|fr:20|hu:15|cs:8|de:4
2026-08-11T06:33:38Z,513143,en:3171|zh:1696|ja:794|fr:240|it:77|ru:59|es:58|ar:12|pt:10|de:3
2026-08-11T06:33:38Z,630009802,en:4692|ja:541|ru:206|de:131|es:74|pt:49|zh:18|fr:13|other:5|ar:1
2026-08-11T06:33:38Z,19976,zh:4140|en:1504|ja:126|es:5|other:3|fr:2
2026-08-11T06:33:38Z,513181,en:4562|pt:399|ja:183|es:182|ru:139|de:19|fr:12|zh:8|ar:3|tl:1
2026-08-11T06:33:38Z,460630,en:4954|es:231|ja:189|fr:29|de:15|ru:7|zh:6|ar:3|sv:2|it:2
2026-08-11T06:33:38Z,23020,en:4146|es:613|ru:233|pt:81|ar:33|zh:30|fr:16|de:9|ja:7|th:6
2026-08-11T06:33:38Z,66170,en:4810|es:102|zh:21|ja:20|pt:19|ru:13|fr:10|de:10|pl:5|ar:5
2026-08-11T06:33:38Z,27546,en:3815|ru:362|de:336|ja:282|uk:180|fr:40|es:31|hu:28|pl:27|zh:10
2026-08-11T06:33:38Z,9423,en:4968|id:1
2026-08-11T06:33:38Z,26936,en:3845|zh:144|ja:105|es:71|pt:33|fr:25|th:21|da:20|de:17|tl:11
2026-08-11T06:33:38Z,31339,en:3628|fr:286|es:192|pt:176|ru:140|de:79|ja:78|zh:3|tl:1|ko:1
2026-08-11T06:33:38Z,27284,en:3106|ja:455|pt:354|es:266|ru:66|fr:53|fi:41|it:27|pl:26|uk:4
2026-08-11T06:33:38Z,459931,en:4383|fi:31|es:3
2026-08-11T06:33:38Z,2083,en:4316
2026-08-11T06:33:38Z,13182,en:4295
2026-08-11T06:33:38Z,66082,en:3647|hu:243|pt:132|es:107|ja:70|zh:17|fr:8|ar:7|ru:6|other:2
2026-08-11T06:33:38Z,464339927,en:3391|ru:438|ja:80|es:70|it:54|de:42|pt:24|fr:5|other:2
2026-08-11T06:33:38Z,272263131,en:3574|ja:200|zh:160|de:43|fi:19|fr:12|es:5|it:4|other:3|nl:1
2026-08-11T06:33:38Z,493057,en:1503|ru:919|zh:453|pt:147|es:140|el:118|ja:111|de:73|hu:55|uk:42
2026-08-11T06:33:38Z,2012789438,en:2773|fr:368|ar:66|ja:37|pt:29|es:19|de:11|asl:5|it:4|pl:1
2026-08-11T06:33:38Z,318184140,en:3270
2026-08-11T06:33:38Z,499003,en:2792|es:111|zh:30|ja:5|ru:2
2026-08-11T06:33:38Z,537344499,ja:2972
2026-08-11T06:33:38Z,30921,en:2125|es:315|ar:129|fr:60|de:33|pl:14|pt:13|ja:2|it:2|ru:1
2026-08-11T06:33:38Z,2112738408,en:2521|other:2|nl:2|es:2|ru:1|de:1|ja:0
2026-08-11T06:33:38Z,884569009,en:3059|es:61
2026-08-11T06:33:38Z,19619,pt:1903|es:320|en:38|pl:32|no:8
2026-08-11T06:33:38Z,512953,en:1772|de:87|ar:78|ru:77|es:75|pt:56|fr:33|fi:29|ja:22|ko:2
2026-08-11T06:33:38Z,1282866981,en:923|zh:784|ru:312|ja:76|fr:72|es:31|th:26|de:12|pt:4|tl:3
2026-08-11T06:33:38Z,1846293708,en:2258|de:1
2026-08-11T06:33:38Z,401587136,en:936|ru:747|pt:104|de:98|es:62|ja:47|fr:24|zh:23|tr:10|hu:9
2026-08-11T06:33:38Z,116747788,en:1917|ru:131|de:8|tl:1|other:1
2026-08-11T06:33:38Z,417528,es:1156|en:321|pt:283|ru:93|fr:82|ja:44|zh:20|tr:5|pl:2|de:0
2026-08-11T06:33:38Z,428189042,en:1930|ru:6|es:2
2026-08-11T06:33:38Z,499634,en:1748|ru:174|pt:23|es:4|tr:1|other:1|it:1|fr:1
2026-08-11T06:33:38Z,1632098970,fr:1895|ja:3|de:2
2026-08-11T06:33:38Z,1834446791,en:1879
2026-08-11T06:33:38Z,168648543,en:1617|pl:67|ja:64|ru:53|es:35|fr:19|hu:15|de:8|pt:7|ar:3
2026-08-11T06:33:38Z,500188,en:1011|ru:358|de:354|es:87|pt:65|fr:8|pl:5|th:1|other:1
2026-08-11T06:33:38Z,1169827,en:1808|ru:50|ja:2
2026-08-11T06:33:38Z,511399,en:1669|es:153|ja:1
2026-08-11T06:33:38Z,509511,en:1446|de:136|es:106|cs:95|nl:1
2026-08-11T06:33:38Z,1901865180,en:1567|ja:63|es:56|ru:27|zh:10|pt:5|de:3
2026-08-11T06:33:38Z,539257489,en:839|ja:279|fr:278|de:214|it:47|pt:33|ar:32|zh:19|es:19|th:9
2026-08-11T06:33:38Z,7022,de:1522|en:29|es:18
2026-08-11T06:33:38Z,71375,en:860|de:478|es:118|fr:56|ja:20|ru:4|pt:3
2026-08-11T06:33:38Z,476269,ru:1470|ja:52|en:6
2026-08-11T06:33:38Z,1494,en:1269|es:136|fr:28|pt:21|ja:9|ar:8|other:4|de:4|ru:3|it:3
2026-08-11T06:33:38Z,516915,ru:1473|fr:21|en:1
2026-08-11T06:33:38Z,491168,es:935|en:564|ro:5|ru:1|pt:1
2026-08-11T06:33:38Z,709941216,en:1459|es:5
2026-08-11T06:33:38Z,31336,de:401|tr:333|es:272|ro:149|pl:132|pt:51|en:46|fr:25|cs:15|it:7
2026-08-11T06:33:38Z,65632,en:1291|es:29|ru:22|fr:21|ja:6|pt:5|other:3|fi:3|uk:1|it:1
2026-08-11T06:33:38Z,497057,en:1201|es:80|pt:11|ja:7|ar:7|fr:3|de:2|pl:0
2026-08-11T06:33:38Z,278441117,en:1166|fr:121|es:27|de:2|pl:1|ja:1
2026-08-11T06:33:38Z,34134,en:1084|es:111|ar:7|ja:5|de:5|fr:2|pt:1|it:1
2026-08-11T06:33:38Z,894011338,en:1332|ja:0
2026-08-11T06:33:38Z,538054672,en:897|ja:227|ru:111|pt:8|ko:2|pl:1
2026-08-11T06:33:38Z,1881949588,en:1090|ru:121|es:17|zh-hk:15|pt:7|de:7|ja:5|fr:1
2026-08-11T06:33:38Z,1435206302,en:1162|ja:43|tl:25|th:1
2026-08-11T06:33:38Z,502829,ru:1222|uk:15
2026-08-11T06:33:38Z,493959,en:1065|es:58|pt:50|de:27|ru:15|fr:15|ar:3|th:2
2026-08-11T06:33:38Z,459064,en:1168|es:34
2026-08-11T07:52:10Z,509658,en:74359|ja:25896|zh:13538|ru:9841|de:6262|es:4895|pt:4326|fr:3286|ko:1087|pl:881
2026-08-11T07:52:10Z,491931,ja:44563|en:44294|ru:8084|de:2481|fr:1209|es:458|pt:323|hu:172|zh:163|fi:156
2026-08-11T07:52:10Z,27471,en:50911|de:936|ru:782|es:741|ja:313|fr:196|zh:155|pt:140|pl:39|hu:13
2026-08-11T07:52:10Z,21779,en:18032|es:10478|ja:6056|de:3457|fr:3156|zh:1438|ru:961|pl:798|pt:463|zh-hk:239
2026-08-11T07:52:10Z,509672,uk:11480|en:11336|de:8514|fr:2967|ru:2294|zh:327|pt:277|ja:218|fi:208|es:110
2026-08-11T07:52:10Z,516575,en:11112|zh:4196|ja:3439|ru:2916|fr:1649|de:1340|es:1310|pt:764|ar:481|th:173
2026-08-11T07:52:10Z,29595,ru:18696|en:6586|pt:848|uk:111|de:57|es:11|th:8|cs:6|zh:5|ja:5
2026-08-11T07:52:10Z,32399,ru:13886|pl:4430|en:2614|pt:2360|es:345|da:258|uk:224|fr:166|de:147|zh:94
2026-08-11T07:52:10Z,511224,en:11403|ja:8407|zh:2089|ru:610|es:420|de:123|th:106|fr:73|zh-hk:22|ar:18
2026-08-11T07:52:10Z,33214,en:15113|es:2717|fr:906|ru:489|de:460|it:373|ja:190|pt:56|ar:43|pl:38
2026-08-11T07:52:10Z,514313,ja:39
2026-08-11T07:52:10Z,1264310518,en:15396|es:729|ru:487|ja:354|pt:250|ar:203|zh:89|de:28|fr:26|it:8
2026-08-11T07:52:10Z,499973,en:12975|fr:1378|de:659|es:648|ja:265|pt:46|bg:4|ru:3|sk:1|pl:1
2026-08-11T07:52:10Z,498592,en:9705|ru:2684|es:935|zh:658|fr:488|de:294|pt:290|hu:138|it:86|bg:86
2026-08-11T07:52:10Z,491487,en:9346|es:1452|ja:1220|ru:526|fr:477|de:472|pt:342|ar:150|zh:109|th:50
2026-08-11T07:52:10Z,134405,ja:14075|es:2|en:0
2026-08-11T07:52:10Z,515025,en:7930|ja:2971|es:849|pt:285|zh:250|ru:237|fr:220|th:175|ar:172|de:99
2026-08-11T07:52:10Z,32982,en:7992|ru:2077|de:1014|pt:551|uk:343|fr:337|es:194|th:192|zh:61|ja:61
2026-08-11T07:52:10Z,498566,de:3910|en:3755|es:3107|pt:1648|fr:588|fi:258|no:180|th:21|other:3|ko:1
2026-08-11T07:52:10Z,1036710512,en:6442|ja:3569|fr:432|de:219|es:131|ar:99|zh:91|ru:62|pt:39|th:31
2026-08-11T07:52:10Z,18122,en:6321|de:1801|ru:1739|fr:746|es:516|pt:176|it:68|sv:11|hu:11|zh:10
2026-08-11T07:52:10Z,138585,en:5664|ru:1573|fr:874|ja:709|ar:504|zh:151|es:27|it:26|pl:12|de:12
2026-08-11T07:52:10Z,29307,en:6502|ru:1248|zh:370|ja:221|fr:157|pt:122|es:52|th:49|de:21|uk:20
2026-08-11T07:52:10Z,512710,en:6165|de:616|es:450|fr:382|ru:333|it:116|pt:74|hu:62|cs:59|ar:40
2026-08-11T07:52:10Z,2132205352,en:6967|ru:851|ja:178|pt:38|es:10|de:5|pl:3|uk:2
2026-08-11T07:52:10Z,509660,en:4018|zh:1144|ja:703|fr:454|de:282|ko:246|es:234|th:227|ru:72|other:42
2026-08-11T07:52:10Z,852009328,en:5532|ru:471|ja:378|fr:334|de:256|pt:206|zh:135|es:86|fi:60|sk:56
2026-08-11T07:52:10Z,509659,en:6397|es:974|ja:90|ru:30|de:2|other:1|fr:1
2026-08-11T07:52:10Z,29452,pt:7139|es:1|en:1
2026-08-11T07:52:10Z,386821,en:2245|ja:1505|pt:537|ru:528|zh:491|th:239|de:184|fr:66|tr:51|es:46
2026-08-11T07:52:10Z,31339,en:3843|fr:1867|de:208|ru:197|pt:193|hu:138|ja:93|es:64|fi:15|pl:3
2026-08-11T07:52:10Z,27546,en:4522|de:550|uk:482|ru:432|ja:299|fr:89|cs:72|hu:46|zh:14|es:11
2026-08-11T07:52:10Z,24241,en:4169|ja:1668|zh:355|fr:98|de:56|es:31|zh-hk:11|fi:3|other:1|it:1
2026-08-11T07:52:10Z,670138298,en:5091|other:1056|es:2
2026-08-11T07:52:10Z,513143,zh:1640|en:1195|es:1015|fr:497|ja:415|it:84|th:61|ru:45|pt:32|de:30
2026-08-11T07:52:10Z,55453844,ja:4622|en:1603|zh:69|ko:29|ru:4|es:4|zh-hk:1|it:1
2026-08-11T07:52:10Z,459931,en:5412|fi:38|es:8
2026-08-11T07:52:10Z,26936,en:4154|zh:234|ja:203|pt:100|fr:81|es:48|de:16|it:15|other:11|tl:8
2026-08-11T07:52:10Z,630009802,en:4790|ru:213|ja:175|de:120|es:41|pt:30|zh:25|fr:10|other:3|it:2
2026-08-11T07:52:10Z,513181,en:4258|pt:324|ru:184|ja:175|es:100|fr:79|zh:24|de:23|ar:3|tl:1
2026-08-11T07:52:10Z,23020,en:3817|ru:355|es:278|de:99|other:43|zh:42|fr:37|pt:27|ar:25|ja:9
2026-08-11T07:52:10Z,493057,ru:1629|en:746|zh:693|uk:497|hu:267|el:251|pt:118|th:116|de:109|es:69
2026-08-11T07:52:10Z,2083,en:4626|nl:1
2026-08-11T07:52:10Z,1669431183,en:3831|de:427|ja:203|ru:13|es:11|fi:9|fr:7|pt:3|other:2|da:1
2026-08-11T07:52:10Z,272263131,en:3858|ja:177|zh:160|cs:117|de:62|fi:28|fr:15|it:7|es:7|other:4
2026-08-11T07:52:10Z,19976,zh:2964|en:1203|ja:79|nl:21|other:2|fr:2
2026-08-11T07:52:10Z,13182,en:4300
2026-08-11T07:52:10Z,464339927,en:2956|ru:543|de:393|es:107|ja:102|it:61|fr:20|uk:6|pt:5|ar:3
2026-08-11T07:52:10Z,518203,es:3534|it:408|en:132|ja:4|de:4|pt:2|fr:1
2026-08-11T07:52:10Z,263490,en:1542|ru:679|es:592|fi:554|it:171|ja:106|de:92|pt:32|hu:19|fr:15
2026-08-11T07:52:10Z,624536948,en:2182|es:646|de:287|pt:126|fr:126|it:76|ru:63|ar:5|tr:1|sk:1
2026-08-11T07:52:10Z,27284,en:2800|ja:466|es:172|ru:70|fi:44|pt:19|de:16|fr:12|ko:6|other:5
2026-08-11T07:52:10Z,460630,en:2377|ja:260|es:189|it:60|fr:51|de:43|pt:9|cs:9|hu:3|ru:2
2026-08-11T07:52:10Z,676802825,zh:1946|en:727|es:29|ja:10|id:1
2026-08-11T07:52:10Z,2012789438,en:2135|fr:550|de:181|ar:52|ja:46|es:35|it:10|hi:8|sk:3|pl:1
2026-08-11T07:52:10Z,1282866981,zh:1208|en:1057|ru:370|ja:94|fr:82|th:27|es:24|de:24|tr:3|tl:3
2026-08-11T07:52:10Z,318184140,en:2726
2026-08-11T07:52:10Z,499003,en:2518|es:80|zh:17|ja:10|ru:5
2026-08-11T07:52:10Z,537344499,ja:2789
2026-08-11T07:52:10Z,512953,en:1630|de:393|ru:149|ja:110|ar:69|es:48|fr:46|pt:22|fi:20|zh:5
2026-08-11T07:52:10Z,1632098970,fr:2443|ja:6|de:1
2026-08-11T07:52:10Z,66082,en:2152|hu:198|es:80|ja:53|pt:37|fr:16|ru:14|de:13|zh:9|ar:4
2026-08-11T07:52:10Z,116747788,en:2204|ru:169|de:10|tl:1|other:1
2026-08-11T07:52:10Z,30921,en:1660|es:191|fr:135|de:82|ar:60|pl:12|it:9|pt:6|hu:5|other:4
2026-08-11T07:52:10Z,401587136,ru:1036|en:791|de:165|other:81|ja:47|pt:38|es:33|tr:29|fr:29|uk:20
2026-08-11T07:52:10Z,499634,en:1771|ru:439|pt:24|fr:23|es:7|tr:1|other:1|it:1
2026-08-11T07:52:10Z,539257489,de:787|en:681|ja:317|it:81|ru:76|fr:60|zh:22|es:21|th:17|uk:10
2026-08-11T07:52:10Z,1435206302,en:1999|ja:39|tl:28|fr:2
2026-08-11T07:52:10Z,417528,es:905|en:544|ru:264|fr:123|pt:96|ja:51|zh:21|tr:9|pl:5|de:3
2026-08-11T07:52:10Z,168648543,en:1353|pl:218|ja:84|ru:70|es:40|de:37|fr:25|nl:3|ar:2|tr:1
2026-08-11T07:52:10Z,1272063067,en:1865
2026-08-11T07:52:10Z,71375,en:912|de:579|fr:223|es:123|ru:11|pt:3
2026-08-11T07:52:10Z,516915,ru:1754|fr:34|en:1
2026-08-11T07:52:10Z,500188,en:674|ru:494|de:420|es:78|fr:19|pl:13
2026-08-11T07:52:10Z,66170,en:1489|es:79|fr:38|ru:35|ja:23|de:17|it:14|pt:11|pl:10|ar:8
2026-08-11T07:52:10Z,1846293708,en:1631|de:62|fr:33|pl:8|ja:1
2026-08-11T07:52:10Z,511399,en:1540|es:123|zh:4|de:2|ja:1
2026-08-11T07:52:10Z,709941216,en:1690
2026-08-11T07:52:10Z,65632,en:1459|fr:108|ru:33|es:21|ja:8|fi:3|uk:2|pl:2|pt:1
2026-08-11T07:52:10Z,982348888,en:970|it:363|ja:164|zh:59|ar:15|de:9|es:5|el:5|fr:4|ru:1
2026-08-11T07:52:10Z,476269,ru:1523|en:4
2026-08-11T07:52:10Z,1599346425,en:662|es:311|de:280|zh:178|fr:38|pt:21|th:20|ja:12|tl:7|it:6
2026-08-11T07:52:10Z,209738946,zh:767|en:380|fr:103|ru:84|es:76|ja:45|pt:9|de:7|th:6
2026-08-11T07:52:10Z,19619,pt:1138|es:231|pl:109|no:20|en:13
2026-08-11T07:52:10Z,2112738408,en:1481|es:6|nl:2|bg:2|ru:1|other:1|it:1|ja:0
2026-08-11T07:52:10Z,508455,ja:1001|en:318|ru:80|de:60|pt:5|es:4
2026-08-11T07:52:10Z,509511,en:1281|es:106|de:69|hi:4|fr:4|nl:3
2026-08-11T07:52:10Z,538054672,en:1010|ja:247|ru:175|pt:14|ko:1|es:0
2026-08-11T07:52:10Z,1901865180,en:1202|ja:86|es:55|ru:29|zh:15|pt:7|hu:4|tl:3|fr:1
2026-08-11T07:52:10Z,493959,en:875|tr:88|es:51|de:37|ru:24|ar:24|fr:23|pt:22|th:5|no:4
2026-08-11T07:52:10Z,513643,de:1372
2026-08-11T07:52:10Z,34134,en:1089|fr:127|es:63|de:37|ja:10|ar:8|pt:1|it:1
2026-08-11T07:52:10Z,502829,ru:1314|uk:25|other:2
2026-08-11T07:52:10Z,494184,ru:1023|en:217|pt:43|es:14|uk:1|tr:1|id:1|tl:0
2026-08-11T07:52:10Z,519291,en:1222|ru:59|uk:2
2026-08-11T07:52:10Z,20596,fr:1145|es:8|pt:3
2026-08-11T07:52:10Z,491168,es:817|en:120|ru:8|de:3
2026-08-11T07:52:10Z,894011338,en:1243|ja:1
2026-08-11T07:52:10Z,653624336,en:1003|ar:18|fr:5|ja:4|de:4|it:3|es:1
2026-08-11T07:52:10Z,983841243,en:1177|de:1
2026-08-11T08:44:07Z,509658,en:54776|ja:27802|ru:19614|zh:13670|de:8325|fr:6534|es:5793|pt:2561|it:1393|ko:1250
2026-08-11T08:44:07Z,491931,ja:46745|en:42268|ru:9534|de:2875|fr:1396|es:563|it:479|pt:321|hu:302|fi:197
2026-08-11T08:44:07Z,21779,en:19777|es:10254|ja:6832|fr:4657|de:3995|zh:1906|pl:1712|ru:1577|pt:403|zh-hk:312
2026-08-11T08:44:07Z,27471,en:52151|de:1314|ru:965|es:581|fr:346|ja:344|zh:181|pt:85|pl:42|da:27
2026-08-11T08:44:07Z,509672,uk:14194|en:12299|de:10911|fr:5139|ru:2550|zh:414|pt:307|ja:237|hu:235|fi:185
2026-08-11T08:44:07Z,516575,en:11425|zh:7658|ru:4801|ja:3302|fr:2092|de:1746|es:1244|pt:565|ar:405|th:220
2026-08-11T08:44:07Z,32399,ru:16282|pl:4759|en:4507|pt:2119|fr:737|da:326|de:304|es:279|hu:261|uk:162
2026-08-11T08:44:07Z,29595,ru:18586|en:7878|uk:1069|pt:75|de:69|fr:33|th:11|tl:9|it:9|fi:8
2026-08-11T08:44:07Z,33214,en:14058|es:2278|fr:1205|ru:729|de:656|it:463|pl:166|ja:163|pt:74|ar:43
2026-08-11T08:44:07Z,511224,ja:8190|en:7001|zh:2616|ru:818|fr:167|th:162|es:152|de:123|uk:59|zh-hk:22
2026-08-11T08:44:07Z,514313,ja:19573|zh:6
2026-08-11T08:44:07Z,1264310518,en:16001|ru:603|es:536|ja:291|pt:238|ar:219|zh:83|fr:68|de:30|pl:26
2026-08-11T08:44:07Z,134405,ja:16853|en:2
2026-08-11T08:44:07Z,499973,en:13228|fr:1403|es:687|de:648|ja:289|pt:47|bg:9|ru:2|sk:1|other:1
2026-08-11T08:44:07Z,491487,en:8839|es:1159|ru:842|ja:696|fr:636|de:542|pt:278|zh:225|ar:197|pl:33
2026-08-11T08:44:07Z,498566,de:5369|en:3988|es:2043|pt:1508|fr:538|fi:274|no:198|th:158|el:121|other:2
2026-08-11T08:44:07Z,515025,en:7622|ja:3167|es:616|fr:263|th:249|zh:245|pt:242|ru:205|ar:120|de:103
2026-08-11T08:44:07Z,18122,en:7077|de:2316|ru:2069|fr:1053|es:508|pt:163|it:69|hu:18|el:16|tr:14
2026-08-11T08:44:07Z,32982,en:6404|ru:3006|de:1184|pt:477|uk:313|ja:264|th:202|fr:162|es:140|da:63
2026-08-11T08:44:07Z,498592,en:8364|ru:925|es:847|de:309|zh:294|pt:263|fr:203|hu:133|pl:92|bg:89
2026-08-11T08:44:07Z,1036710512,en:5651|ja:3593|de:464|fr:459|es:124|ar:94|zh:87|ru:81|tl:43|th:36
2026-08-11T08:44:07Z,138585,en:6773|ru:1411|fr:1019|ja:701|ar:494|zh:205|it:26|pl:14|de:14|es:5
2026-08-11T08:44:07Z,512710,en:5179|fr:1845|de:683|ru:511|es:257|it:184|nl:85|pt:64|cs:62|hu:47
2026-08-11T08:44:07Z,852009328,en:4548|de:2711|ru:740|ja:357|zh:144|fr:116|pt:105|ar:76|es:69|uk:65
2026-08-11T08:44:07Z,29307,en:5812|ru:1538|zh:364|fr:229|ja:195|es:135|pt:86|th:43|de:29|pl:24
2026-08-11T08:44:07Z,509660,en:4208|zh:1369|ja:606|fr:546|de:412|ko:294|th:228|es:195|ru:79|uk:43
2026-08-11T08:44:07Z,509659,en:7660|es:273|ja:84|ru:47|fr:2|de:2|other:1
2026-08-11T08:44:07Z,27546,en:4804|de:606|uk:598|ru:497|cs:434|ja:358|fr:123|pl:63|zh:19|ro:12
2026-08-11T08:44:07Z,2132205352,en:6081|ru:1074|ja:174|pt:36|es:17|uk:4|pl:4|de:4|it:2|tr:0
2026-08-11T08:44:07Z,31339,en:3831|fr:2081|de:657|ru:198|hu:197|pt:189|es:115|cs:71|ja:62|fi:38
2026-08-11T08:44:07Z,410823430,en:7415
2026-08-11T08:44:07Z,386821,en:3508|ja:1509|ru:593|pt:533|zh:523|th:238|de:168|es:77|tr:67|fr:67
2026-08-11T08:44:07Z,263490,ja:2669|en:2109|ru:713|fi:588|es:477|fr:168|de:101|pt:24|cs:13|hu:9
2026-08-11T08:44:07Z,513143,en:1770|zh:1722|es:813|fr:783|ja:388|pl:145|it:106|th:77|de:36|pt:27
2026-08-11T08:44:07Z,29452,pt:5763|es:126|en:1
2026-08-11T08:44:07Z,24241,en:3578|ja:1553|zh:435|fr:151|de:39|es:32|zh-hk:17|fi:7|it:5|other:1
2026-08-11T08:44:07Z,55453844,ja:4717|en:784|ko:65|zh:60|es:21|zh-hk:12|ru:7
2026-08-11T08:44:07Z,630009802,en:4932|ru:269|ja:173|de:110|pt:32|zh:19|es:12|fr:10|other:7|it:3
2026-08-11T08:44:07Z,518203,es:4534|it:713|en:86|pt:3|ja:2|fr:2|de:1
2026-08-11T08:44:07Z,26936,en:3884|zh:293|ja:257|fr:92|es:48|pt:32|de:31|it:22|th:13|ru:10
2026-08-11T08:44:07Z,513181,en:3954|pt:285|ru:154|ja:108|fr:100|es:85|ar:37|de:34|it:25|uk:3
2026-08-11T08:44:07Z,2083,en:4742|nl:1|cs:1|pt:0|de:0
2026-08-11T08:44:07Z,23020,en:3382|ru:401|es:299|de:134|fr:77|zh:39|ar:22|pt:21|ja:13|nl:3
2026-08-11T08:44:07Z,19976,zh:3311|en:1100|ja:118|nl:19|other:2|fr:2
2026-08-11T08:44:07Z,272263131,en:3869|ja:164|zh:153|de:76|cs:72|fi:22|fr:18|es:8|it:6|other:5
2026-08-11T08:44:07Z,13182,en:4153
2026-08-11T08:44:07Z,464339927,en:2534|de:480|ru:478|fr:237|it:100|es:85|ja:69|pl:13|ar:3|th:1
2026-08-11T08:44:07Z,676802825,zh:2099|en:1188|it:605|es:25|ja:11|other:1|id:1|fr:1
2026-08-11T08:44:07Z,493057,ru:1121|en:911|uk:588|el:322|hu:270|pl:186|th:132|zh:120|de:101|ja:81
2026-08-11T08:44:07Z,499634,en:1974|ru:528|pt:26|fr:26|es:8|tr:1|other:1|it:1
2026-08-11T08:44:07Z,1669431183,en:2601|de:658|ja:189|fi:10|es:3|other:2|da:2|pt:1
2026-08-11T08:44:07Z,27284,en:2387|ja:534|es:158|ru:116|pl:36|de:31|pt:20|fr:19|ko:6|other:5
2026-08-11T08:44:07Z,459931,en:3413|fi:44|es:8|nl:4|pt:1|de:0
2026-08-11T08:44:07Z,1282866981,zh:1658|en:771|ru:354|fr:156|ja:138|de:33|es:32|th:23|pt:8|tr:3
2026-08-11T08:44:07Z,624536948,en:1810|de:279|fr:227|es:227|ru:162|it:111|pt:107|pl:91|ar:66|ja:10
2026-08-11T08:44:07Z,460630,en:2151|es:258|ja:209|it:201|de:82|fr:34|cs:11|fi:5|zh:4|th:2
2026-08-11T08:44:07Z,2012789438,en:1899|fr:590|de:262|ja:79|ar:46|es:36|it:6|sk:5|zh:1|pl:1
2026-08-11T08:44:07Z,66082,en:2333|hu:218|ja:74|fr:37|ru:28|es:26|pt:19|de:15|zh:11|ar:4
2026-08-11T08:44:07Z,401587136,ru:1485|en:791|other:81|de:64|pt:48|pl:46|es:44|zh:42|ja:41|fr:31
2026-08-11T08:44:07Z,537344499,ja:2681
2026-08-11T08:44:07Z,30921,en:1554|fr:489|es:204|de:125|ar:50|it:16|pl:14|ru:7|nl:6|other:4
2026-08-11T08:44:07Z,499003,en:2385|zh:18|ja:14|ko:3|es:3
2026-08-11T08:44:07Z,116747788,en:2285|tl:1|other:1
2026-08-11T08:44:07Z,670138298,en:2211|es:2
2026-08-11T08:44:07Z,539257489,de:793|en:660|ja:311|fr:78|ru:66|it:62|es:29|zh:25|ar:20|th:18
2026-08-11T08:44:07Z,417528,es:866|en:578|ru:259|fr:171|pt:93|ja:51|zh:24|sk:9|pl:5|tr:4
2026-08-11T08:44:07Z,512953,en:1025|de:447|ru:174|ja:147|ar:79|es:55|fr:54|fi:30|pt:16|zh:15
2026-08-11T08:44:07Z,65632,en:1689|fr:226|ru:94|es:18|fi:3|it:2|de:2|uk:1|pt:1|pl:1
2026-08-11T08:44:07Z,1599346425,en:819|es:387|de:374|zh:112|fr:73|pt:19|th:14|ja:14|tl:8|ru:3
2026-08-11T08:44:07Z,19619,pt:1508|pl:144|es:134|en:45|no:36
2026-08-11T08:44:07Z,168648543,en:1386|pl:127|ja:88|de:86|ru:78|fr:33|es:28|el:3|th:2|hu:2
2026-08-11T08:44:07Z,71375,en:806|de:615|fr:319|es:17|ru:15|pt:13
2026-08-11T08:44:07Z,516915,ru:1670|fr:44|en:2
2026-08-11T08:44:07Z,494184,ru:1325|en:232|pt:159|es:6|uk:1|tr:1|tl:1|id:0
2026-08-11T08:44:07Z,709941216,en:1697|es:10
2026-08-11T08:44:07Z,66170,en:1401|fr:42|es:42|ru:39|ja:28|de:25|it:16|pl:15|pt:14|zh:7
2026-08-11T08:44:07Z,500188,en:541|de:529|ru:412|fr:39|uk:33|pl:20|es:12|it:3|ja:1
2026-08-11T08:44:07Z,209738946,zh:795|en:472|ru:107|fr:101|es:45|ja:39|pt:11|de:9|th:5|it:1
2026-08-11T08:44:07Z,318184140,en:1507
2026-08-11T08:44:07Z,1169827,en:1489|ru:85|fr:0
2026-08-11T08:44:07Z,509511,en:1312|de:120|es:111|nl:7|hi:5
2026-08-11T08:44:07Z,476269,ru:1510|en:4|ja:2
2026-08-11T08:44:07Z,1382449429,en:1455
2026-08-11T08:44:07Z,12839,ru:1246|en:177|uk:23
2026-08-11T08:44:07Z,20596,fr:1443|es:7|pt:2
2026-08-11T08:44:07Z,502829,ru:1416|uk:13|other:3
2026-08-11T08:44:07Z,1435206302,en:1308|ja:92|fr:2
2026-08-11T08:44:07Z,508455,ja:967|en:257|ru:142|de:53|pt:5|uk:1
2026-08-11T08:44:07Z,493959,en:817|cs:284|tr:91|de:55|ar:28|pt:24|fr:23|ru:20|es:16|th:6
2026-08-11T08:44:07Z,1901865180,en:1293|ja:109|es:46|ru:40|zh:20|pt:6|fr:2|tr:1|tl:1|it:1
2026-08-11T08:44:07Z,1469308723,ru:602|en:472|fr:173|de:80|other:22|zh:9|ja:6|es:5|it:3|uk:2
2026-08-11T08:44:07Z,2112738408,en:1377|ru:4|es:4|it:2|other:1|fr:1|tl:0|ja:0
2026-08-11T08:44:07Z,519291,en:1280|ru:64|de:0
2026-08-11T08:44:07Z,513643,de:1292|en:15
2026-08-11T08:44:07Z,1846293708,en:1152|de:80|fr:32|pl:10|ja:9
2026-08-11T08:44:07Z,538054672,en:924|ja:257|ru:120|es:6|fr:4|ko:1
2026-08-11T08:44:07Z,508798,fr:1271|en:64
2026-08-11T08:44:07Z,1422637181,en:1254
2026-08-11T08:44:07Z,34134,en:883|fr:148|es:89|de:59|ja:7|ar:5
2026-08-11T08:44:07Z,490377,en:1023|fr:56|de:55|ar:33|it:13|es:4|zh:3|pl:1|ja:1
2026-08-11T09:42:41Z,509658,en:49641|ja:33439|ru:25728|zh:14560|de:9922|fr:9157|es:5617|pt:1544|pl:1462|it:1461
2026-08-11T09:42:41Z,491931,ja:46693|en:43766|ru:10878|de:3053|fr:1655|es:792|it:641|hu:346|pt:294|fi:211
2026-08-11T09:42:41Z,21779,en:27833|es:12351|ja:8317|fr:6643|de:4283|zh:2436|pl:2229|ru:1909|pt:431|zh-hk:333
2026-08-11T09:42:41Z,509672,en:15703|uk:15232|de:12503|fr:7591|ru:1616|pt:466|es:365|zh:279|nl:257|pl:254
2026-08-11T09:42:41Z,27471,en:43820|ja:3142|de:1432|ru:1297|es:600|fr:505|zh:176|pl:69|pt:61|da:41
2026-08-11T09:42:41Z,32399,ru:21615|en:8875|pl:4456|pt:2509|it:1014|de:778|fr:754|uk:536|da:368|es:326
2026-08-11T09:42:41Z,516575,zh:11127|en:9624|ru:5154|ja:3822|de:2768|fr:2057|es:1151|pt:598|ar:463|th:221
2026-08-11T09:42:41Z,29595,ru:25357|en:7505|uk:4125|de:81|pt:44|fr:40|bg:37|th:35|tl:28|it:24
2026-08-11T09:42:41Z,33214,en:12541|es:2239|fr:1451|ru:1109|it:916|de:628|pl:302|ja:198|pt:138|sv:57
2026-08-11T09:42:41Z,511224,ja:10343|en:5123|zh:2495|ru:851|fr:228|th:190|de:153|es:78|uk:65|ar:33
2026-08-11T09:42:41Z,498566,de:6467|en:5975|es:2727|pt:2126|fr:502|th:275|fi:243|no:201|el:184|other:2
2026-08-11T09:42:41Z,2028829622,ja:17834
2026-08-11T09:42:41Z,134405,ja:17429|en:1
2026-08-11T09:42:41Z,18122,en:9613|de:3163|ru:2115|fr:1313|es:723|pt:141|it:70|pl:21|tr:20|sv:19
2026-08-11T09:42:41Z,499973,en:12861|fr:1421|es:725|de:624|ja:286|pt:43|bg:13|ru:2|sk:1|other:1
2026-08-11T09:42:41Z,32982,ru:6121|en:5386|de:1948|pt:404|fr:267|th:217|ja:133|es:91|sv:76|hu:70
2026-08-11T09:42:41Z,1264310518,en:13099|ru:763|es:316|pt:271|ar:159|ja:124|zh:63|fr:60|de:40|pl:33
2026-08-11T09:42:41Z,515025,en:7022|ja:4386|es:546|zh:350|fr:349|pt:222|ru:208|ar:203|th:160|de:139
2026-08-11T09:42:41Z,491487,en:8038|ru:1095|ja:867|es:793|fr:756|de:574|pt:371|zh:239|ar:156|pl:77
2026-08-11T09:42:41Z,511399,ja:12244|en:71|zh:11|es:4|de:2
2026-08-11T09:42:41Z,852009328,en:5593|de:3422|ru:846|ja:295|pt:147|zh:146|fr:136|ar:85|es:83|uk:79
2026-08-11T09:42:41Z,138585,en:6506|ru:1586|fr:1044|ja:720|ar:499|zh:265|pt:242|it:34|de:33|pl:19
2026-08-11T09:42:41Z,512710,en:5267|fr:2899|de:760|ru:530|it:374|es:276|nl:105|hu:74|pt:68|cs:62
2026-08-11T09:42:41Z,1036710512,en:5353|ja:3350|de:497|fr:324|ru:119|es:116|zh:96|ar:86|tl:56|th:36
2026-08-11T09:42:41Z,498592,en:6430|ru:892|es:825|pt:283|de:272|zh:169|hu:132|fr:114|pl:103|th:63
2026-08-11T09:42:41Z,31339,en:3436|fr:2511|de:2207|hu:326|pt:204|es:192|cs:165|ru:117|fi:43|pl:29
2026-08-11T09:42:41Z,29307,en:5052|ru:2255|zh:550|fr:259|ja:218|de:174|es:160|pt:96|th:63|pl:60
2026-08-11T09:42:41Z,27546,en:5084|de:699|cs:684|uk:671|ru:513|ja:255|fr:146|pl:85|zh:25|es:9
2026-08-11T09:42:41Z,263490,ja:3647|en:2525|fr:882|ru:712|es:306|de:128|pt:23|it:22|hu:16|cs:13
2026-08-11T09:42:41Z,410823430,en:7501
2026-08-11T09:42:41Z,509660,en:3608|zh:1265|ja:512|de:461|fr:380|ko:329|th:215|es:143|ru:98|pl:33
2026-08-11T09:42:41Z,386821,en:3079|ja:1623|ru:854|zh:569|pt:487|th:284|de:166|tr:91|fr:84|es:34
2026-08-11T09:42:41Z,509659,en:6440|es:312|ja:84|ru:28|fr:2|de:2|other:1
2026-08-11T09:42:41Z,493057,ru:3852|en:931|pl:533|el:334|hu:274|zh:246|de:125|th:82|ja:80|uk:71
2026-08-11T09:42:41Z,630009802,en:5214|it:201|ru:138|de:106|ja:78|zh:42|pt:15|other:10|fr:9|es:5
2026-08-11T09:42:41Z,23020,en:3189|ru:1805|de:162|fr:90|es:90|zh:79|pt:15|pl:12|ja:11|ar:10
2026-08-11T09:42:41Z,2132205352,en:4396|ru:995|ja:141|pt:27|uk:10|pl:7|de:7|es:5|it:2
2026-08-11T09:42:41Z,513143,en:1815|zh:1710|fr:834|es:343|ja:298|pl:202|sv:126|it:113|ro:28|el:23
2026-08-11T09:42:41Z,29452,pt:4801|es:109|en:101
2026-08-11T09:42:41Z,676802825,zh:2274|en:1623|it:758|da:113|es:40|ja:11|fr:4|other:3|de:3|uk:2
2026-08-11T09:42:41Z,24241,en:2228|ja:1490|zh:627|de:178|fr:175|es:22|tl:19|it:5|ru:2|other:1
2026-08-11T09:42:41Z,55453844,ja:3789|en:748|ko:71|zh:70|zh-hk:18|ru:7|es:4|fr:3
2026-08-11T09:42:41Z,272263131,en:4153|ja:191|zh:159|de:73|cs:62|fi:30|fr:17|es:10|it:7|other:5
2026-08-11T09:42:41Z,19976,zh:3432|en:1072|ja:141|fr:3|ko:1
2026-08-11T09:42:41Z,13182,en:4296
2026-08-11T09:42:41Z,26936,en:2847|zh:389|ja:276|pt:184|es:45|fr:44|it:33|de:22|ru:13|other:6
2026-08-11T09:42:41Z,2083,en:4201|cs:3|nl:1|de:1
2026-08-11T09:42:41Z,518203,es:3205|it:696|en:90|fr:19|pt:6|ja:2|zh:1|de:1
2026-08-11T09:42:41Z,624536948,en:2311|de:457|ru:310|es:268|fr:211|it:110|pt:108|pl:107|ar:20|ja:8
2026-08-11T09:42:41Z,464339927,en:2040|ru:702|de:519|fr:303|it:108|es:85|ja:50|ar:50|pl:15|uk:6
2026-08-11T09:42:41Z,459931,en:3831|fi:80|other:8|nl:8|es:6|de:4|pt:1|cs:1
2026-08-11T09:42:41Z,460630,en:2746|it:273|es:241|ja:203|de:89|fr:42|zh:32|zh-hk:4|ru:4|pl:4
2026-08-11T09:42:41Z,27284,en:2621|ja:575|ru:126|es:65|de:58|pl:52|fr:36|pt:23|ko:7|other:5
2026-08-11T09:42:41Z,1669431183,en:2512|de:771|ja:170|es:12|other:5|pt:2|da:1|ru:0
2026-08-11T09:42:41Z,1282866981,zh:1667|en:773|ru:463|fr:233|ja:173|de:66|th:43|es:31|id:2|tr:1
2026-08-11T09:42:41Z,1169827,en:2120|ru:946|fr:1
2026-08-11T09:42:41Z,2012789438,en:1668|fr:882|de:267|ja:84|ar:68|es:32|sk:3|zh:1|tr:1|pl:1
2026-08-11T09:42:41Z,743,en:2446|it:212|de:153|ru:75|fr:53|bg:25|th:21|es:17|vi:1|pl:1
2026-08-11T09:42:41Z,499634,en:2242|ru:542|pt:29|es:10|fr:4|tr:1|other:1|it:1
2026-08-11T09:42:41Z,210472759,en:2730|ru:36|es:10|tl:1
2026-08-11T09:42:41Z,401587136,ru:1318|en:935|de:134|other:85|ja:58|fr:50|zh:44|pt:42|pl:26|tr:23
2026-08-11T09:42:41Z,499003,en:2495|ja:36|zh:34|es:12|ko:7|ru:0
2026-08-11T09:42:41Z,515214,ru:1537|uk:608|de:309|en:9|zh:1|ko:1|cs:1
2026-08-11T09:42:41Z,116747788,en:2400|ru:81|zh:7|de:3|tl:1|other:1
2026-08-11T09:42:41Z,30921,en:1288|fr:600|es:232|de:161|pl:37|ar:34|it:27|ja:22|other:7|ru:3
2026-08-11T09:42:41Z,19619,pt:1937|pl:210|es:129|en:55
2026-08-11T09:42:41Z,417528,en:834|es:727|ru:319|fr:177|pt:94|zh:41|tr:17|sk:12|tl:3|pl:3
2026-08-11T09:42:41Z,539257489,en:1200|de:772|ja:298|it:77|es:75|ru:72|fr:65|zh:22|uk:20|ar:20
2026-08-11T09:42:41Z,2105032420,en:2157|ru:5
2026-08-11T09:42:41Z,65632,en:1605|fr:307|ru:90|pl:15|es:14|de:11|fi:5|sv:3|pt:2|it:1
2026-08-11T09:42:41Z,1599346425,en:933|de:434|es:377|zh:116|fr:71|pt:37|ja:22|th:18|ru:14|zh-hk:8
2026-08-11T09:42:41Z,1846293708,en:1776|de:72|pl:68|fr:51|ja:23|es:3|zh:1|ru:1
2026-08-11T09:42:41Z,12839,ru:1732|en:177|uk:18
2026-08-11T09:42:41Z,884569009,de:1808|en:72
2026-08-11T09:42:41Z,71375,en:770|de:673|fr:362|es:30|pt:15|ru:12|it:6|ja:3|zh:2
2026-08-11T09:42:41Z,500188,de:589|en:567|ru:535|fr:64|uk:34|pl:26|es:13|it:3|sk:2|ja:1
2026-08-11T09:42:41Z,1460845372,en:1854
2026-08-11T09:42:41Z,513181,en:1295|ru:143|fr:99|ja:83|de:71|ar:43|it:36|es:20|pt:15|cs:7
2026-08-11T09:42:41Z,777426228,en:1798
2026-08-11T09:42:41Z,494184,ru:1423|en:250|pt:55|th:5|es:4|tr:1|other:1|it:0|id:0
2026-08-11T09:42:41Z,1881949588,ru:1023|en:333|zh:159|fr:74|ja:52|es:26|zh-hk:18|de:12|ar:10|pt:1
2026-08-11T09:42:41Z,66082,en:1193|hu:210|ja:57|ru:51|fr:44|de:29|ar:29|pl:25|zh:17|es:17
2026-08-11T09:42:41Z,318184140,en:1622|it:51
2026-08-11T09:42:41Z,66170,en:1385|es:67|ru:52|fr:41|pl:31|de:23|it:21|ja:16|zh:7|pt:7
2026-08-11T09:42:41Z,516915,ru:1570|fr:46|en:30
2026-08-11T09:42:41Z,1469308723,ru:760|en:504|fr:172|de:139|other:18|zh:17|es:16|it:6|ja:3|hi:2
2026-08-11T09:42:41Z,512953,en:578|de:435|ru:215|ja:168|fr:79|es:47|zh:14|cs:6|th:3|it:3
2026-08-11T09:42:41Z,20596,fr:1570|es:9|pt:3
2026-08-11T09:42:41Z,31336,tr:878|es:206|ro:190|en:145|de:66|pt:34|fr:29|cs:13|it:5|ko:1
2026-08-11T09:42:41Z,168648543,en:1007|de:177|pl:112|ru:87|fr:78|ja:51|es:23|el:6|it:5|nl:3
2026-08-11T09:42:41Z,1435206302,en:1440|ja:69|fr:10|es:3|ru:1
2026-08-11T09:42:41Z,509511,en:1182|de:143|es:114|fr:65|hi:5|nl:3
2026-08-11T09:42:41Z,508798,fr:1434|en:73
2026-08-11T09:42:41Z,476269,ru:1447|en:6|ja:3
2026-08-11T09:42:41Z,502829,ru:1427|uk:10|other:0|en:0
2026-08-11T09:42:41Z,653624336,en:1286|fr:37|ar:21|ru:13|it:8|de:8|fi:7|ja:3|pl:1
2026-08-11T09:42:41Z,456845141,zh:836|en:230|ru:116|ja:51|th:22|es:16|pt:13|id:12|de:11
2026-08-11T09:42:41Z,497057,en:1190|es:57|ru:10|ja:10|fr:5|de:4|pt:2|pl:1|nl:1|ar:1
2026-08-11T09:42:41Z,709941216,en:1253|es:10|ru:1
2026-08-11T09:42:41Z,670138298,en:1235|es:1
2026-08-11T10:33:45Z,509658,ja:52514|en:52361|ru:34065|zh:17034|de:9920|fr:4081|es:3725|pl:2798|it:1688|ko:1442
2026-08-11T10:33:45Z,491931,ja:48107|en:43469|ru:11690|de:3245|fr:1802|es:868|zh:547|hu:429|pt:288|it:232
2026-08-11T10:33:45Z,21779,en:25047|es:13316|ja:7578|fr:7364|de:5128|zh:4914|ru:2459|pl:1265|it:640|vi:557
2026-08-11T10:33:45Z,27471,en:44693|ja:11526|de:1529|ru:1421|es:459|fr:331|zh:190|pl:73|pt:65|it:54
2026-08-11T10:33:45Z,509672,uk:15143|en:14669|de:12462|fr:10844|ru:4530|es:711|zh:491|pl:315|pt:304|hu:279
2026-08-11T10:33:45Z,32399,ru:19250|en:10253|pl:5221|pt:2125|fr:883|it:876|de:845|uk:523|es:508|bg:274
2026-08-11T10:33:45Z,516575,zh:12525|en:9495|ja:4608|ru:3872|de:2476|fr:2298|es:1121|pt:728|ar:524|pl:249
2026-08-11T10:33:45Z,29595,ru:25994|en:7153|uk:4697|de:127|fr:44|th:42|bg:40|pt:38|fi:33|pl:26
2026-08-11T10:33:45Z,511224,ja:12912|en:6397|zh:2717|ru:627|fr:282|de:181|th:164|uk:63|es:43|fi:42
2026-08-11T10:33:45Z,498566,de:8936|en:8001|pt:1809|es:1608|fr:499|fi:485|th:373|el:220|no:186|pl:50
2026-08-11T10:33:45Z,33214,en:11307|es:2257|fr:1477|ru:1107|it:993|de:827|pl:390|pt:183|ja:171|ar:139
2026-08-11T10:33:45Z,134405,ja:18622
2026-08-11T10:33:45Z,32982,ru:7098|en:4764|de:2325|pt:769|fr:401|ja:348|th:219|da:127|sv:105|it:93
2026-08-11T10:33:45Z,515025,en:9148|ja:5027|es:527|fr:407|zh:324|ru:283|ar:242|pt:201|th:148|de:139
2026-08-11T10:33:45Z,18122,en:8983|de:3272|ru:1819|fr:1503|es:722|pt:109|hu:83|sv:38|el:32|pl:26
2026-08-11T10:33:45Z,2028829622,ja:16586|en:6
2026-08-11T10:33:45Z,499973,en:13100|fr:1498|es:737|de:618|ja:290|pt:49|bg:14|ru:2|nl:2|sk:1
2026-08-11T10:33:45Z,491487,en:8348|ru:982|ja:918|fr:794|de:750|es:589|pt:497|zh:270|ar:193|it:113
2026-08-11T10:33:45Z,518203,es:12386|it:1553|en:239|pt:79|ro:21|fr:17|ja:3|zh:2|ru:1|de:1
2026-08-11T10:33:45Z,138585,en:7719|ru:1962|zh:1651|fr:1285|ar:420|pt:247|ja:33|it:28|uk:19|de:16
2026-08-11T10:33:45Z,852009328,en:6294|de:3877|ru:992|zh:317|ja:289|pt:151|es:114|fr:111|uk:88|ar:82
2026-08-11T10:33:45Z,512710,en:5092|fr:4178|ru:629|it:424|es:287|de:257|nl:115|hu:88|pt:64|cs:51
2026-08-11T10:33:45Z,1264310518,en:9754|ru:668|es:268|ar:206|ja:170|pt:78|fr:72|zh:66|de:52|pl:41
2026-08-11T10:33:45Z,511399,ja:10522|en:72|es:8|de:2
2026-08-11T10:33:45Z,31339,en:3539|de:2828|fr:483|es:388|pt:299|hu:293|cs:190|ru:117|pl:32|ja:24
2026-08-11T10:33:45Z,29307,en:5185|ru:2684|zh:813|de:234|ja:173|es:166|fr:158|pt:127|pl:70|tr:28
2026-08-11T10:33:45Z,743,en:7948|ru:532|fr:274|es:231|de:212|it:177|pt:166|th:43|bg:40|ar:3
2026-08-11T10:33:45Z,1036710512,en:5013|ja:2993|de:426|fr:198|ar:137|ru:119|es:100|tl:76|zh:75|th:35
2026-08-11T10:33:45Z,498592,en:6032|es:850|ru:842|de:522|pt:400|pl:127|bg:68|fr:62|th:48|zh:40
2026-08-11T10:33:45Z,493057,ru:6548|en:906|el:402|zh:383|hu:307|de:134|uk:98|pt:77|fr:67|ja:60
2026-08-11T10:33:45Z,27546,en:5753|cs:748|de:658|ru:569|uk:568|ja:221|pl:214|fr:110|zh:31|hu:25
2026-08-11T10:33:45Z,263490,ja:3449|en:2461|fr:1205|ru:1202|es:237|de:180|it:21|hu:17|cs:12|pl:7
2026-08-11T10:33:45Z,386821,en:3371|ja:1157|ru:1008|zh:608|pt:575|de:461|th:341|es:115|tr:105|fr:74
2026-08-11T10:33:45Z,410823430,en:7322
2026-08-11T10:33:45Z,509660,en:3495|zh:931|ja:596|de:485|fr:328|th:245|es:140|ko:134|ru:131|pl:47
2026-08-11T10:33:45Z,488488,ja:6783
2026-08-11T10:33:45Z,513143,en:2117|zh:1701|fr:908|es:391|ja:265|pl:227|da:154|sv:132|it:111|de:66
2026-08-11T10:33:45Z,1494074023,fr:5996
2026-08-11T10:33:45Z,630009802,en:4788|ru:328|it:261|de:125|ja:96|zh:55|fr:44|pt:13|other:8|es:4
2026-08-11T10:33:45Z,2132205352,en:4511|ru:982|ja:139|pt:25|uk:10|de:10|pl:8|fr:7|es:5|ar:3
2026-08-11T10:33:45Z,29452,pt:5779|es:2|en:0
2026-08-11T10:33:45Z,509659,en:5377|es:206|ja:91|ru:47|de:2|other:1|fr:1
2026-08-11T10:33:45Z,24241,en:2141|ja:1657|zh:726|de:649|pt:179|fr:171|tl:18|ru:6|it:6|es:6
2026-08-11T10:33:45Z,26936,en:4468|zh:327|ja:259|de:66|it:43|th:26|pt:24|fr:22|es:22|ru:15
2026-08-11T10:33:45Z,499634,en:4629|ru:564|pt:27|fr:16|es:9|tr:1|other:1|it:1
2026-08-11T10:33:45Z,19976,zh:3846|en:921|ja:150|fr:3|ko:1
2026-08-11T10:33:45Z,272263131,en:4168|ja:217|zh:155|de:86|cs:47|fi:31|fr:15|es:9|other:5|it:4
2026-08-11T10:33:45Z,55453844,ja:3930|en:514|ru:103|zh:48|fr:18|pt:2|zh-hk:1|ko:1
2026-08-11T10:33:45Z,624536948,en:2427|de:725|ru:338|fr:304|es:265|pt:172|pl:119|uk:34|it:29|ar:18
2026-08-11T10:33:45Z,23020,en:3189|ru:778|es:106|fr:100|zh:98|de:54|ar:23|pl:21|pt:18|ja:10
2026-08-11T10:33:45Z,2083,en:4500|fi:4|de:3|cs:2|pl:1|nl:1|es:0
2026-08-11T10:33:45Z,1169827,en:2580|ru:1741|fr:3|ja:2
2026-08-11T10:33:45Z,13182,en:4245
2026-08-11T10:33:45Z,492553,ru:3568|fr:221|en:120
2026-08-11T10:33:45Z,464339927,en:1723|ru:924|de:490|fr:348|it:117|ja:52|ar:51|es:38|uk:8|pt:3
2026-08-11T10:33:45Z,1669431183,en:2807|de:787|ja:125|es:85|da:27|ru:14|other:9|pt:1|it:1
2026-08-11T10:33:45Z,27284,en:2630|ja:631|ru:152|pl:62|es:59|de:59|fr:49|pt:26|it:7|other:5
2026-08-11T10:33:45Z,1282866981,zh:1462|en:1080|ru:495|fr:219|ja:172|de:96|th:62|es:40|tr:3|it:2
2026-08-11T10:33:45Z,460630,en:2698|it:268|es:263|ja:141|de:84|fr:73|zh:30|ru:27|pl:9|th:6
2026-08-11T10:33:45Z,417528,en:1374|es:1193|ru:387|pt:318|fr:184|zh:51|tr:40|ja:16|sk:12|de:7
2026-08-11T10:33:45Z,401587136,ru:1701|en:1238|de:165|other:90|zh:62|fr:62|pt:51|pl:33|tr:28|ja:28
2026-08-11T10:33:45Z,2059463486,de:2150|en:710|pl:344|ja:79|fr:5|it:4
2026-08-11T10:33:45Z,459931,en:3212|fi:54|other:14|nl:10|pl:6|es:4|pt:1
2026-08-11T10:33:45Z,512953,en:1652|ru:558|de:480|zh:184|ja:113|fr:88|pl:81|es:53|ar:5|other:4
2026-08-11T10:33:45Z,2012789438,en:1704|fr:1118|ar:106|de:81|ja:69|es:18|sk:3|zh:1|pt:1|pl:1
2026-08-11T10:33:45Z,19619,pt:2569|pl:222|es:156|en:63
2026-08-11T10:33:45Z,210472759,en:2503|ru:23|el:3|tl:1
2026-08-11T10:33:45Z,1599346425,es:1040|en:953|de:427|pt:94|zh:90|fr:57|th:19|ja:18|ru:15|zh-hk:7
2026-08-11T10:33:45Z,499003,en:2587|zh:24|ko:8|ja:7|es:4|de:2
2026-08-11T10:33:45Z,30921,en:1288|fr:654|de:164|es:152|ar:94|ja:41|pl:36|it:17|pt:13|nl:3
2026-08-11T10:33:45Z,676802825,en:1531|it:771|da:127|zh:32|ja:13|ru:5|other:2|es:2|de:2|ro:1
2026-08-11T10:33:45Z,65632,en:1905|fr:338|ru:163|de:27|es:19|hu:18|pl:14|other:4|ro:3|sv:2
2026-08-11T10:33:45Z,539257489,en:811|de:804|ja:287|fr:251|ru:103|es:92|zh:33|pt:30|tr:16|th:14
2026-08-11T10:33:45Z,884569009,de:2268|en:193
2026-08-11T10:33:45Z,116747788,en:2301|ru:17|zh:11|de:6|tl:1|other:1
2026-08-11T10:33:45Z,31336,tr:1253|de:486|es:221|ro:178|en:147|pt:44|fr:22|cs:14|it:11|ko:1
2026-08-11T10:33:45Z,12839,ru:2024|en:186|uk:20
2026-08-11T10:33:45Z,1846293708,en:1852|de:89|pl:74|ja:26|zh:18|fr:4|es:3
2026-08-11T10:33:45Z,515214,ru:1160|uk:529|de:383|en:10|ko:1|cs:1
2026-08-11T10:33:45Z,2105032420,en:2066|ru:6
2026-08-11T10:33:45Z,500188,en:637|de:635|ru:596|fr:70|uk:35|pl:32|es:11|pt:10|cs:4|sk:2
2026-08-11T10:33:45Z,1460845372,en:2031
2026-08-11T10:33:45Z,1469308723,en:779|ru:720|fr:260|de:118|es:29|zh:10|it:5|pt:3|pl:3|ja:3
2026-08-11T10:33:45Z,71375,en:928|de:687|fr:215|es:31|it:16|ru:15|pt:14|ja:10|zh:1|ko:1
2026-08-11T10:33:45Z,1881949588,ru:1078|en:409|zh:264|fr:82|ja:81|es:21|pt:1
2026-08-11T10:33:45Z,509511,en:1302|de:205|es:112|hi:6|nl:2|fr:1
2026-08-11T10:33:45Z,494184,ru:1506|en:230|pt:55|th:6|es:2|tr:1|id:1|uk:0|ja:0
2026-08-11T10:33:45Z,497497,ru:1520|de:75|es:63|fr:57|it:53|en:5|pl:4|uk:3|pt:1|ja:1
2026-08-11T10:33:45Z,653624336,en:1554|de:51|zh:27|ar:27|fr:22|ru:21|fi:14|es:7|it:5|pl:3
2026-08-11T10:33:45Z,20596,fr:1687|pt:4
2026-08-11T10:33:45Z,168648543,en:1028|de:186|ja:128|pl:121|fr:97|ru:41|es:36|other:16|nl:5|it:4
2026-08-11T10:33:45Z,777426228,en:1614
2026-08-11T10:33:45Z,66082,en:1147|hu:161|ru:83|de:42|ja:41|ar:34|pl:26|fr:19|es:12|fi:11
2026-08-11T10:33:45Z,516915,ru:1524|en:25|de:19|ja:7
2026-08-11T10:33:45Z,493959,en:764|cs:294|tr:89|de:66|fr:31|ru:29|pt:21|es:14|pl:9|th:6
2026-08-11T10:33:45Z,66170,en:1376|ru:37|pl:34|de:27|ja:24|it:22|fr:19|es:12|zh:9|ar:8
2026-08-11T10:33:45Z,513181,en:1085|ru:174|fr:93|ja:87|it:38|pt:27|de:15|es:8|tl:4|uk:2
2026-08-11T10:33:45Z,450732811,pt:1306|en:189|es:21|tl:9|ru:3
2026-08-11T10:33:45Z,417752,es:828|zh-hk:322|en:252|ja:35|bg:31|pt:8|it:6|fr:4|ru:3|el:1
2026-08-11T10:33:45Z,1050003477,pl:1162|en:141|ru:87|ja:44|zh:29|fr:11|it:8|de:3|pt:2|cs:0
2026-08-11T11:28:30Z,509658,ja:44156|en:40988|ru:36027|zh:20870|de:18200|fr:5775|es:4524|pl:3239|ko:3007|it:1728
2026-08-11T11:28:30Z,491931,ja:45864|en:44055|ru:12459|de:3303|fr:2014|es:887|zh:858|it:810|hu:548|pt:394
2026-08-11T11:28:30Z,27471,en:48712|ja:22865|ru:2722|de:1830|fr:720|es:456|hu:172|zh:120|da:103|pt:100
2026-08-11T11:28:30Z,21779,en:21028|es:13448|zh:8119|ja:7722|fr:7492|de:4702|ru:3202|pl:961|pt:951|it:720
2026-08-11T11:28:30Z,32399,ru:24313|en:13254|pl:7732|pt:3272|de:1707|uk:1500|es:1451|da:584|fi:573|fr:504
2026-08-11T11:28:30Z,509672,en:19011|de:16093|fr:10497|ru:4276|uk:2456|es:1002|pl:369|zh:295|pt:252|hu:246
2026-08-11T11:28:30Z,511224,ja:35967|en:7067|zh:3477|ru:822|de:510|th:318|fr:234|uk:53|es:53|ar:43
2026-08-11T11:28:30Z,516575,zh:15944|en:7542|ru:4508|ja:3513|fr:3258|de:2875|pt:1266|es:978|ar:496|pl:279
2026-08-11T11:28:30Z,29595,ru:26257|en:6167|de:150|uk:127|pt:84|fr:52|bg:44|th:41|fi:32|vi:27
2026-08-11T11:28:30Z,498566,de:14206|en:4431|pt:1916|es:1393|fi:502|fr:494|hu:402|el:260|no:180|th:164
2026-08-11T11:28:30Z,32982,ru:9546|en:3780|de:3112|pt:983|ja:608|it:493|fr:468|zh:362|da:196|sv:190
2026-08-11T11:28:30Z,33214,en:12191|es:2268|de:1408|fr:1070|ru:797|it:750|pl:292|pt:273|ja:223|ar:52
2026-08-11T11:28:30Z,18122,en:10600|de:3278|ru:3253|fr:1364|es:657|pt:134|hu:93|tr:76|zh:48|pl:43
2026-08-11T11:28:30Z,515025,en:9906|ja:6256|fr:579|es:531|ar:321|ru:309|zh:273|de:179|th:178|pt:128
2026-08-11T11:28:30Z,134405,ja:19308
2026-08-11T11:28:30Z,518203,es:12563|it:3336|en:347|ro:37|fr:37|pt:2|zh:1|ja:1|de:1
2026-08-11T11:28:30Z,499973,en:12499|fr:1632|es:717|de:571|ja:278|pt:63|bg:15|nl:3|ru:2|sk:1
2026-08-11T11:28:30Z,491487,en:7475|ru:1109|ja:1022|de:758|es:745|fr:660|pt:374|zh:290|ar:205|it:95
2026-08-11T11:28:30Z,138585,en:6396|zh:2221|ru:2088|fr:1297|ar:407|pt:307|it:267|es:106|pl:60|ja:42
2026-08-11T11:28:30Z,1264310518,en:11611|ru:764|es:327|ja:230|fr:196|ar:165|de:84|pt:76|zh:49|ro:29
2026-08-11T11:28:30Z,852009328,en:7010|de:3817|ru:1123|zh:344|ja:319|fr:195|uk:193|pt:180|es:133|ar:87
2026-08-11T11:28:30Z,493057,ru:8250|zh:1832|en:1174|el:344|uk:228|fr:117|de:113|ja:78|hu:61|pt:46
2026-08-11T11:28:30Z,29307,en:6042|ru:2973|zh:952|de:247|fr:170|ja:167|es:153|pt:117|pl:88|uk:31
2026-08-11T11:28:30Z,743,en:8194|ru:759|fr:296|es:285|de:232|pt:210|it:184|th:61|bg:37|ar:3
2026-08-11T11:28:30Z,512710,en:5537|fr:1975|ru:720|it:577|de:320|es:285|no:152|pt:109|nl:87|hu:61
2026-08-11T11:28:30Z,27546,en:6775|de:684|uk:672|pl:372|ru:333|ja:308|cs:209|fr:164|hu:50|zh:44
2026-08-11T11:28:30Z,511399,ja:9575|en:134|es:11
2026-08-11T11:28:30Z,31339,en:3845|de:3317|fr:621|pt:456|es:291|cs:182|ru:84|ja:50|zh:43|sk:15
2026-08-11T11:28:30Z,386821,en:3721|ru:1192|zh:797|pt:742|ja:731|de:521|th:417|tr:154|es:141|fr:74
2026-08-11T11:28:30Z,498592,en:5751|es:746|ru:709|de:457|pt:409|fr:210|bg:108|th:39|pl:19|zh:14
2026-08-11T11:28:30Z,1494074023,fr:8037
2026-08-11T11:28:30Z,369418,ru:7373|pt:225|en:100|pl:56|de:14|ja:4|tr:1|it:1
2026-08-11T11:28:30Z,509660,en:3864|zh:859|ja:796|de:580|fr:419|ru:272|es:218|th:160|ko:145|uk:135
2026-08-11T11:28:30Z,512953,en:5132|ru:1683|zh:188|es:138|de:132|fr:80|ar:43|pl:37|ja:33|hu:8
2026-08-11T11:28:30Z,525700863,ja:6859|zh:568|en:21
2026-08-11T11:28:30Z,13182,en:7143
2026-08-11T11:28:30Z,24241,en:3787|ja:1450|de:718|zh:698|fr:232|pt:81|th:23|tl:20|es:18|ar:15
2026-08-11T11:28:30Z,488488,ja:6806
2026-08-11T11:28:30Z,26936,en:5394|zh:668|ja:254|pt:69|th:40|es:40|it:38|fr:35|de:29|nl:10
2026-08-11T11:28:30Z,1036710512,en:4613|ja:474|de:426|fr:191|ru:154|ar:129|zh:106|tl:91|es:57|pt:42
2026-08-11T11:28:30Z,2132205352,en:3207|ru:3066|ja:125|fr:29|pt:19|pl:18|tl:12|de:12|uk:8|zh:4
2026-08-11T11:28:30Z,29452,pt:5595|fr:401|ru:289|es:2|en:1
2026-08-11T11:28:30Z,630009802,en:5166|ru:283|it:260|de:125|ja:100|zh:64|fr:44|pt:17|other:8|sv:3
2026-08-11T11:28:30Z,55453844,ja:5212|en:486|ru:176|zh:61|fr:16|pt:5|zh-hk:1|other:1|ko:1
2026-08-11T11:28:30Z,263490,en:2407|ru:1800|fr:1148|de:175|es:170|ja:159|it:25|pt:24|hu:17|cs:13
2026-08-11T11:28:30Z,624536948,en:2864|de:841|fr:643|es:331|ru:326|pt:200|pl:114|it:77|uk:50|sv:11
2026-08-11T11:28:30Z,23020,en:2982|ru:1755|fr:161|es:120|zh:114|de:71|pt:36|ar:18|th:11|pl:11
2026-08-11T11:28:30Z,509659,en:4654|es:242|ja:103|ru:60|de:3|fr:2|other:1
2026-08-11T11:28:30Z,417528,en:1825|es:1562|pt:574|ru:410|fr:270|tr:66|zh:60|de:33|ja:16|sk:11
2026-08-11T11:28:30Z,2083,en:4828|fi:5|cs:5|pt:2|nl:1|es:1|de:1
2026-08-11T11:28:30Z,459931,en:4553|fi:150|nl:19|other:16|pl:9|pt:3|es:3
2026-08-11T11:28:30Z,272263131,en:4243|ja:186|zh:150|de:83|cs:49|fi:29|es:11|fr:8|other:5|it:3
2026-08-11T11:28:30Z,1169827,en:3237|ru:1580|fr:28|ja:3
2026-08-11T11:28:30Z,1129937420,en:2421|de:7|zh:2
2026-08-11T11:28:30Z,492553,ru:3919|fr:271|en:72
2026-08-11T11:28:30Z,19619,pt:3579|pl:274|es:166|en:65
2026-08-11T11:28:30Z,499634,en:3802|ru:242|pt:62|fr:21|es:8|other:2|tr:1|it:1
2026-08-11T11:28:30Z,460630,en:2485|de:707|es:261|ja:187|fr:65|ru:53|zh:43|it:19|hu:11|pl:8
2026-08-11T11:28:30Z,1282866981,zh:1157|en:1138|ru:612|ja:593|fr:290|th:156|de:98|es:55|it:9|tr:2
2026-08-11T11:28:30Z,464339927,en:1888|ru:843|de:496|fr:406|ja:91|it:52|es:50|pt:34|ar:18|uk:6
2026-08-11T11:28:30Z,19976,zh:2971|en:707|ja:142|fr:4|ko:1
2026-08-11T11:28:30Z,27284,en:2669|ja:658|ru:217|fr:71|de:67|pt:56|pl:53|es:17|other:5|it:2
2026-08-11T11:28:30Z,401587136,ru:1612|en:1510|de:188|pt:121|fr:99|ja:62|pl:40|es:37|zh:34|tr:23
2026-08-11T11:28:30Z,1669431183,en:2743|de:689|ja:108|es:101|da:32|ru:19|fi:12|other:11|pt:1
2026-08-11T11:28:30Z,417752,es:2042|en:646|zh-hk:554|fr:379|ja:35|bg:27|pt:7|it:5|de:3|ru:1
2026-08-11T11:28:30Z,513143,en:1475|fr:761|es:363|ja:338|pl:263|zh:84|it:70|de:54|ro:39|el:33
2026-08-11T11:28:30Z,116747788,en:2422|de:914|ru:37|tl:1|other:1
2026-08-11T11:28:30Z,1881949588,en:1191|ru:1067|nl:479|zh:350|ja:87|fr:84|hu:8|it:5|es:4
2026-08-11T11:28:30Z,1448964995,zh:2486|en:322|ru:311|ja:113|th:8|fr:4|zh-hk:1
2026-08-11T11:28:30Z,1506163125,en:3212
2026-08-11T11:28:30Z,676802825,en:1790|ja:65|zh:22|da:16|it:14|fr:10|de:6|ru:5|es:4|ro:2
2026-08-11T11:28:30Z,2012789438,en:1550|fr:1222|ar:189|de:99|ja:10|es:4|pt:3|zh:1|th:1|sv:1
2026-08-11T11:28:30Z,65632,en:2159|fr:517|ru:177|de:32|ja:20|pl:17|hu:16|es:7|other:4|ro:3
2026-08-11T11:28:30Z,2059463486,de:1784|en:552|pl:320|da:107|ru:15|fr:8|zh:5|it:5|ja:4
2026-08-11T11:28:30Z,181292138,ja:2779|en:48|zh:1|fr:1|de:1
2026-08-11T11:28:30Z,30921,en:1221|fr:864|es:179|de:160|ar:96|ja:65|pl:47|it:32|nl:10|hu:4
2026-08-11T11:28:30Z,539257489,en:870|de:676|ja:590|ru:148|fr:78|es:76|zh:52|it:40|pt:28|ar:23
2026-08-11T11:28:30Z,31336,tr:1251|de:556|es:254|ro:223|en:142|pt:58|cs:27|fr:25|it:11|ko:1
2026-08-11T11:28:30Z,499003,en:2264|ja:35|zh:10|ko:10|ru:7|es:6|de:1
2026-08-11T11:28:30Z,497497,ru:2028|es:96|de:91|fr:48|it:24|en:7|pl:4|pt:2
2026-08-11T11:28:30Z,168648543,en:1170|ja:305|fr:245|de:227|pl:117|ar:52|ru:50|pt:48|es:35|nl:9
2026-08-11T11:28:30Z,12839,ru:1978|en:255|uk:47|pl:8
2026-08-11T11:28:30Z,71375,en:1192|de:713|fr:234|es:42|ru:21|it:14|pt:12|ja:12|zh:1|ko:1
2026-08-11T11:28:30Z,685995467,ja:2244
2026-08-11T11:28:30Z,1599346425,en:1126|de:378|es:265|pt:91|zh:78|fr:45|ru:15|zh-hk:10|ar:6|it:3
2026-08-11T11:28:30Z,2105032420,en:2046|ru:6
2026-08-11T11:28:30Z,1469308723,en:965|ru:687|fr:142|de:124|pt:15|es:12|pl:11|zh:6|uk:2|ja:2
2026-08-11T11:28:30Z,1131336879,ru:1690
2026-08-11T11:28:30Z,500188,en:681|ru:643|de:389|fr:101|pl:36|uk:30|ja:14|es:14|el:6|sk:4
2026-08-11T11:28:30Z,66170,en:1586|pt:70|ru:50|de:42|pl:28|fr:26|zh:24|it:22|es:19|ja:14
2026-08-11T11:28:30Z,494184,ru:1536|en:228|pt:61|th:5|es:5|id:4|pl:1|uk:0|other:0|ja:0
2026-08-11T11:28:30Z,20596,fr:1754|pt:5
2026-08-11T11:28:30Z,497906,en:1784
2026-08-11T11:28:30Z,66082,en:1145|hu:138|ja:115|ru:90|fr:44|de:42|pl:39|ar:36|es:17|pt:12
2026-08-11T11:28:30Z,488190,en:663|ru:488|pt:188|zh-hk:107|zh:85|de:81|hu:9
2026-08-11T11:28:30Z,450732811,pt:1352|en:251|es:26|ru:3
2026-08-11T11:28:30Z,209738946,en:371|fr:159|ru:111|ja:42|zh:41|de:14|pt:11|es:8|tl:5|id:3
2026-08-11T11:28:30Z,508455,pt:650|en:498|ru:304|de:55|ja:52|fr:21|no:1
2026-08-11T11:28:30Z,505884,ru:1324|en:123|ar:66|es:7|uk:6|ja:6|pt:5|th:1|hi:1|tr:0
2026-08-11T12:08:59Z,509658,ja:67965|ru:41769|en:38434|zh:28365|de:15513|fr:6175|es:4664|ko:3298|pl:3099|hu:2378
2026-08-11T12:08:59Z,27471,en:75218|ja:21659|ru:2930|de:2260|fr:795|es:423|hu:239|fi:162|zh:160|pt:145
2026-08-11T12:08:59Z,491931,en:46408|ja:28772|ru:12687|de:3487|fr:1996|it:1148|es:966|zh:885|hu:539|pt:448
2026-08-11T12:08:59Z,21779,en:23095|es:13228|zh:11013|fr:7784|ja:7266|de:5893|ru:3326|pt:1378|it:827|pl:522
2026-08-11T12:08:59Z,509672,de:17503|en:15173|fr:12280|ru:4719|uk:2764|es:1109|it:570|sv:434|zh:389|pl:340
2026-08-11T12:08:59Z,32399,ru:17325|en:15288|pl:7763|pt:3452|es:2574|de:2356|fi:725|uk:650|da:551|fr:549
2026-08-11T12:08:59Z,511224,ja:35428|en:7260|zh:4112|ru:936|de:447|th:387|fr:381|tl:45|es:41|ar:41
2026-08-11T12:08:59Z,516575,zh:17972|en:8497|ja:3985|ru:3973|fr:3939|de:2973|pt:1615|es:1241|pl:680|ar:573
2026-08-11T12:08:59Z,29595,ru:29218|en:7654|uk:196|pt:179|de:172|fr:61|bg:43|fi:41|th:31|it:27
2026-08-11T12:08:59Z,498566,de:13283|en:6039|es:2654|pt:1980|fr:1052|fi:499|th:219|no:180|other:155|pl:79
2026-08-11T12:08:59Z,32982,ru:9290|en:4912|de:4648|pt:1213|ja:1053|it:560|fr:537|pl:484|zh:456|da:217
2026-08-11T12:08:59Z,515025,en:10366|ja:10264|fr:631|es:584|zh:532|ru:317|ar:283|th:231|de:192|pt:173
2026-08-11T12:08:59Z,33214,en:12502|es:2204|de:1498|ru:1338|fr:1203|it:785|pl:324|pt:263|ja:255|hu:81
2026-08-11T12:08:59Z,18122,en:11152|ru:3550|de:3239|fr:1379|es:477|pt:171|zh:114|it:90|hu:88|tr:69
2026-08-11T12:08:59Z,134405,ja:19082
2026-08-11T12:08:59Z,512782,ja:18288|en:28|es:1|de:1
2026-08-11T12:08:59Z,518203,es:12587|it:3600|en:258|el:217|fr:182|ro:36|de:19|ru:3|pt:2|zh:1
2026-08-11T12:08:59Z,499973,en:12201|fr:1735|es:754|de:560|ja:317|pt:60|bg:15|nl:2|sk:1|ru:1
2026-08-11T12:08:59Z,1264310518,en:12807|ru:819|pt:581|es:299|ja:263|ar:171|fr:123|de:88|zh:79|ro:32
2026-08-11T12:08:59Z,491487,en:7623|ru:1150|ja:1122|de:976|es:745|fr:637|pt:482|zh:468|ar:227|it:106
2026-08-11T12:08:59Z,493057,ru:8919|zh:1768|en:1381|el:363|uk:198|ja:159|fr:141|de:105|pt:85|hu:62
2026-08-11T12:08:59Z,31339,en:6075|de:4404|fr:721|pt:402|es:386|cs:175|zh:83|ru:82|ja:72|it:27
2026-08-11T12:08:59Z,138585,en:4681|zh:2283|ru:1727|fr:1417|ar:422|ja:361|it:325|es:110|pt:77|pl:76
2026-08-11T12:08:59Z,512710,en:5998|fr:1873|ru:827|es:436|it:421|de:228|pt:187|no:162|hu:74|nl:66
2026-08-11T12:08:59Z,29307,en:6546|ru:2881|zh:761|de:278|fr:195|ja:188|pt:175|es:171|pl:88|uk:41
2026-08-11T12:08:59Z,852009328,en:7545|ru:1120|de:949|ja:420|zh:345|pt:224|fr:223|uk:212|es:145|ar:63
2026-08-11T12:08:59Z,369418,ru:9357|de:586|pt:574|en:91|ja:8|fr:8
2026-08-11T12:08:59Z,386821,en:4621|ru:1390|zh:1078|pt:952|ja:786|th:591|de:552|tr:193|es:180|fr:84
2026-08-11T12:08:59Z,27546,en:7252|uk:629|de:629|pl:389|ja:353|ru:332|cs:232|fr:129|hu:75|zh:49
2026-08-11T12:08:59Z,511399,ja:9532|en:221|es:8
2026-08-11T12:08:59Z,743,en:7075|ru:547|fr:332|es:253|pt:208|de:191|hu:158|it:149|th:53|bg:37
2026-08-11T12:08:59Z,1494074023,fr:8042
2026-08-11T12:08:59Z,509660,en:4592|ja:920|zh:886|de:572|fr:504|ru:299|es:196|ko:154|th:148|uk:114
2026-08-11T12:08:59Z,29452,pt:8869|en:5|es:2
2026-08-11T12:08:59Z,512953,en:6065|ru:1742|fr:171|uk:131|de:131|es:125|zh:81|ja:43|pl:38|ar:35
2026-08-11T12:08:59Z,498592,en:5615|es:729|ru:721|de:445|pt:425|fr:195|bg:90|th:54|pl:19|zh:13
2026-08-11T12:08:59Z,1036710512,en:5238|ja:719|de:532|fr:259|ru:153|zh:148|tl:85|pt:82|es:67|ar:49
2026-08-11T12:08:59Z,525700863,ja:6826|zh:707|en:20
2026-08-11T12:08:59Z,676802825,en:7242|ja:74|zh:30|pt:24|fr:16|da:15|es:12|ro:11|it:10|ru:6
2026-08-11T12:08:59Z,24241,en:4091|ja:1653|zh:981|de:428|fr:241|pt:56|th:21|es:20|ar:15|it:14
2026-08-11T12:08:59Z,26936,en:5458|zh:824|ja:351|it:88|pt:67|ru:66|es:40|de:37|fr:31|nl:12
2026-08-11T12:08:59Z,263490,en:2739|ru:2091|fr:1425|ja:213|de:189|es:153|pt:130|uk:23|hu:20|pl:14
2026-08-11T12:08:59Z,55453844,ja:6303|en:499|ru:182|zh:59|fr:12|pt:8|zh-hk:1|ko:1
2026-08-11T12:08:59Z,2132205352,en:3304|ru:3207|ja:85|es:66|pt:35|pl:25|de:13|zh:12|uk:8|fr:6
2026-08-11T12:08:59Z,488488,ja:6405
2026-08-11T12:08:59Z,417752,es:2566|zh:1925|en:834|zh-hk:542|fr:437|ja:55|bg:31|pt:15|it:5|de:3
2026-08-11T12:08:59Z,509663,de:3138|en:377|es:278|ja:137|fr:101|pt:4|ar:2|tl:0|other:0
2026-08-11T12:08:59Z,417528,en:1919|es:1818|pt:753|ru:567|fr:355|zh:76|tr:76|de:52|ja:38|sk:10
2026-08-11T12:08:59Z,630009802,en:4730|de:549|ru:204|ja:53|zh:49|fr:13|pt:10|other:8|sv:5|ar:4
2026-08-11T12:08:59Z,2083,en:5437|pt:6|cs:5|fi:2|nl:1|es:1|de:1
2026-08-11T12:08:59Z,19619,pt:4651|pl:329|es:192|en:84
2026-08-11T12:08:59Z,459931,en:4667|fi:179|nl:28|other:21|pl:8|pt:7|es:4|sv:1
2026-08-11T12:08:59Z,272263131,en:4266|ja:209|zh:145|de:89|es:10|fr:9|fi:8|other:5|ru:1|nl:1
2026-08-11T12:08:59Z,19976,zh:3877|en:770|ja:146|fr:4|ko:2
2026-08-11T12:08:59Z,509659,en:4561|ja:114|ru:59|es:26|uk:6|fr:2|de:2|other:1
2026-08-11T12:08:59Z,1282866981,zh:1906|en:1014|ru:662|ja:646|fr:226|th:172|de:86|es:58|it:9|uk:3
2026-08-11T12:08:59Z,1169827,en:3220|ru:1624|fr:43|ja:5
2026-08-11T12:08:59Z,1129937420,en:4439|de:11|zh:4
2026-08-11T12:08:59Z,499634,en:4159|ru:239|pt:66|fr:35|es:8|tr:1|other:1|it:1
2026-08-11T12:08:59Z,23020,en:2816|ru:714|fr:169|zh:116|de:90|ar:68|es:50|pt:47|zh-hk:8|pl:8
2026-08-11T12:08:59Z,624536948,en:1605|fr:752|de:729|es:376|ru:316|pt:220|pl:124|it:104|uk:38|nl:13
2026-08-11T12:08:59Z,1669431183,en:2825|de:1041|ja:213|da:46|es:28|ru:20|fr:14|fi:12|other:6|pt:5
2026-08-11T12:08:59Z,492553,ru:3755|fr:206|en:79|de:0
2026-08-11T12:08:59Z,460630,en:2302|de:916|ja:277|es:123|fr:109|ru:83|th:54|zh:28|hu:17|it:14
2026-08-11T12:08:59Z,464339927,en:1969|ru:728|de:615|fr:444|ja:80|it:60|es:53|pt:25|ar:18|uk:9
2026-08-11T12:08:59Z,1418178189,ja:3946|ru:5
2026-08-11T12:08:59Z,27284,en:2875|ja:641|ru:213|pt:94|fr:92|de:68|pl:47|es:35|other:7|no:2
2026-08-11T12:08:59Z,401587136,en:1586|ru:1041|de:206|pt:183|fr:148|ja:70|zh:51|es:40|tr:21|pl:21
2026-08-11T12:08:59Z,513143,en:1658|fr:749|ja:376|pl:267|es:254|pt:105|de:98|ar:85|ru:73|it:73
2026-08-11T12:08:59Z,66082,de:2122|en:944|hu:158|ja:150|ru:91|zh:58|pl:45|fr:39|es:27|pt:15
2026-08-11T12:08:59Z,1506110656,ru:3572|en:0
2026-08-11T12:08:59Z,1448964995,zh:2606|ru:285|en:282|ja:125|th:7|fr:1
2026-08-11T12:08:59Z,1881949588,en:1475|ru:1173|nl:572|fr:103|ja:68|th:48|zh:8|it:8|hu:8
2026-08-11T12:08:59Z,65632,en:2445|fr:587|ru:244|de:39|ja:28|pl:25|hu:20|pt:6|it:6|es:6
2026-08-11T12:08:59Z,30921,en:1418|fr:860|es:176|de:159|ar:110|pt:65|it:50|pl:44|ja:43|nl:16
2026-08-11T12:08:59Z,2012789438,en:1566|fr:893|ar:206|de:104|ja:22|tr:3|pl:2|zh:1|pt:1|nl:1
2026-08-11T12:08:59Z,31336,tr:1258|de:571|es:271|ro:266|en:157|pt:50|cs:32|fr:24|it:11
2026-08-11T12:08:59Z,1712837864,zh:2097|en:1
2026-08-11T12:08:59Z,1457501816,ja:2253|en:187|zh:65|de:19|fr:3
2026-08-11T12:08:59Z,20596,fr:2463|pt:4|en:2
2026-08-11T12:08:59Z,685995467,ja:2452
2026-08-11T12:08:59Z,23453,ru:24|en:12
2026-08-11T12:08:59Z,71375,en:1151|de:733|fr:309|es:196|ja:18|ru:17|it:15|pt:8|zh:5
2026-08-11T12:08:59Z,500188,ru:812|en:644|de:356|fr:117|uk:65|pl:34|ja:21|es:18|pt:13|fi:9
2026-08-11T12:08:59Z,12839,ru:1863|en:263|pl:15
2026-08-11T12:08:59Z,2105032420,en:2104|ru:5
2026-08-11T12:08:59Z,494184,ru:1714|en:226|pt:54|th:43|id:7|es:6|ja:5|tr:1|other:1|fr:1
2026-08-11T12:08:59Z,1599346425,en:1365|de:302|es:155|pt:111|fr:47|zh:39|ru:11|zh-hk:9|it:7|nl:4
2026-08-11T12:08:59Z,488190,en:658|ru:549|pt:243|zh:239|zh-hk:173|de:146|hu:16
2026-08-11T12:08:59Z,497906,en:2030
2026-08-11T12:08:59Z,116747788,en:1936|de:8|tl:1|ru:1|other:1
2026-08-11T12:08:59Z,10070,ru:1953|en:1
2026-08-11T12:08:59Z,539257489,ja:598|en:491|de:240|ru:156|fr:151|ar:85|zh:64|es:55|tr:17|uk:15
2026-08-11T12:08:59Z,1791670656,en:1909|ja:5|fr:1
2026-08-11T12:08:59Z,1469308723,en:1118|ru:341|fr:130|de:109|es:76|pt:61|pl:10|ja:4|it:4|zh:1
2026-08-11T12:08:59Z,209738946,zh:909|en:467|fr:201|ru:127|ja:47|es:35|pt:18|de:12|tl:6|id:3
2026-08-11T12:08:59Z,168648543,en:1007|fr:320|ja:302|de:69|pt:50|pl:41|ru:22|es:15|nl:9|it:3
2026-08-11T12:08:59Z,1131336879,ru:1803
2026-08-11T12:08:59Z,1414860634,ru:681|es:467|en:399|ja:59|fr:44|pl:7|de:5|other:4|ro:2|it:2
2026-08-11T12:08:59Z,66170,en:1450|pt:65|ru:48|fr:39|de:36|zh:33|it:25|pl:22|es:22|ja:20
2026-08-11T13:39:12Z,509658,ja:72757|en:59347|ru:48339|zh:20746|de:18928|fr:15412|es:5327|ko:4074|ro:3585|uk:3255
2026-08-11T13:39:12Z,27471,en:90019|ja:23868|ru:5150|de:3429|fr:1305|it:815|da:638|es:631|zh:304|nl:294
2026-08-11T13:39:12Z,491931,en:65698|ja:25251|ru:15954|de:3954|it:2110|fr:2084|es:1071|pt:568|hu:483|zh:377
2026-08-11T13:39:12Z,32399,ru:31581|en:19319|pl:9628|pt:4811|es:3484|de:1864|sv:1169|fi:958|fr:951|uk:650
2026-08-11T13:39:12Z,21779,en:24373|es:17016|fr:9266|ja:6063|zh:6025|de:5075|ru:2525|pt:2149|pl:1043|it:740
2026-08-11T13:39:12Z,509672,ru:19435|de:18233|en:14459|fr:12448|uk:2960|es:935|hu:439|it:432|pt:366|nl:252
2026-08-11T13:39:12Z,516575,zh:19416|en:13410|ja:9104|ru:4666|fr:3666|de:3277|es:2691|pt:2595|ar:976|th:588
2026-08-11T13:39:12Z,29595,ru:36203|en:11710|pt:814|uk:176|de:122|th:105|fr:64|bg:42|fi:37|es:33
2026-08-11T13:39:12Z,511224,ja:30664|en:8140|zh:1673|ru:819|de:603|fr:355|th:133|ar:77|pt:75|it:75
2026-08-11T13:39:12Z,32982,ru:14478|en:7239|de:5858|pt:1680|ja:1672|sv:771|fr:682|pl:678|th:518|zh:328
2026-08-11T13:39:12Z,515025,ja:14711|en:11371|fr:764|ru:477|zh:442|ar:367|pt:364|es:319|th:258|de:210
2026-08-11T13:39:12Z,498566,de:14004|en:7421|pt:2246|es:2092|fr:1882|fi:504|el:241|th:214|no:185|other:178
2026-08-11T13:39:12Z,18122,en:12586|ru:4498|de:3390|fr:2086|pt:912|zh:292|es:148|it:142|hu:105|tr:84
2026-08-11T13:39:12Z,491487,en:11770|de:3069|ru:1988|ja:1303|es:727|pt:720|fr:630|zh:482|pl:250|ar:188
2026-08-11T13:39:12Z,33214,en:11574|es:2143|ru:1570|fr:1544|de:1394|pt:479|hu:346|pl:337|ja:267|it:191
2026-08-11T13:39:12Z,1264310518,en:16498|ru:601|es:355|ja:334|ar:267|pt:238|fr:184|zh:112|de:97|it:17
2026-08-11T13:39:12Z,134405,ja:18983|fr:7|es:2
2026-08-11T13:39:12Z,31339,en:8407|de:4303|ru:2279|fr:935|pt:900|es:489|cs:136|zh:125|ja:67|zh-hk:43
2026-08-11T13:39:12Z,725221275,ja:17442
2026-08-11T13:39:12Z,386821,en:7048|pt:2378|ru:1813|zh:1410|ja:1328|th:942|de:625|es:385|tr:314|fr:142
2026-08-11T13:39:12Z,512710,en:10372|fr:2262|de:1001|it:923|es:596|pt:402|ru:135|nl:127|hu:48|cs:45
2026-08-11T13:39:12Z,499973,en:12434|fr:1677|es:954|de:642|ja:275|pt:51|bg:13|sk:1|ru:1|other:1
2026-08-11T13:39:12Z,55453844,ja:13560|en:611|ru:194|fr:99|zh:85|pt:12|de:11|zh-hk:2|ko:2|es:1
2026-08-11T13:39:12Z,29307,en:8234|ru:3741|zh:634|pt:210|ja:190|fr:164|pl:126|es:118|de:100|uk:47
2026-08-11T13:39:12Z,509663,de:12492|en:599|ja:190|fr:117|pt:21|es:7|zh:2|ar:2|tl:1|other:1
2026-08-11T13:39:12Z,1881949588,fr:6469|zh:3464|en:1856|ru:1206|pt:53|de:37|th:25|ja:9|pl:3|ar:0
2026-08-11T13:39:12Z,138585,en:5602|zh:2714|fr:1469|ru:1348|ja:587|ar:424|es:203|pt:116|de:54|uk:53
2026-08-11T13:39:12Z,27546,en:9217|de:848|pl:635|hu:440|ru:400|uk:376|ja:349|cs:189|fr:128|zh:40
2026-08-11T13:39:12Z,852009328,en:6968|de:2551|ru:1205|pt:412|ja:398|zh:277|fr:262|uk:182|es:154|ar:83
2026-08-11T13:39:12Z,743,en:9225|ru:647|fr:413|es:333|pt:268|de:240|it:201|th:52|bg:34|ar:5
2026-08-11T13:39:12Z,511399,ja:11052|en:286|de:42
2026-08-11T13:39:12Z,493057,ru:6917|en:1372|el:406|pt:349|zh:329|ja:236|uk:185|de:112|fr:95|hu:76
2026-08-11T13:39:12Z,509660,en:5487|zh:943|ja:688|de:640|fr:621|ru:389|th:202|uk:111|pl:85|es:85
2026-08-11T13:39:12Z,24241,en:5027|ja:2335|zh:1174|de:353|fr:236|ru:127|pt:32|th:24|it:22|tl:5
2026-08-11T13:39:12Z,676802825,en:7503|ja:954|ru:419|zh:144|zh-hk:115|pt:39|fr:33|es:18|th:16|ro:13
2026-08-11T13:39:12Z,29452,pt:9136|zh:24|es:2|en:1
2026-08-11T13:39:12Z,263490,en:3314|ru:2159|fr:1467|ja:458|pl:167|es:141|de:80|hu:27|pt:26|uk:24
2026-08-11T13:39:12Z,630009802,en:6925|de:826|zh:409|ru:215|ja:125|fr:91|es:86|other:55|ko:47|it:22
2026-08-11T13:39:12Z,1036710512,en:5180|de:1037|ja:915|fr:453|zh:297|pt:130|ru:93|tl:57|it:49|es:39
2026-08-11T13:39:12Z,512953,en:6627|ru:932|de:373|fr:370|ja:156|pl:42|es:42|pt:40|ar:33|zh:26
2026-08-11T13:39:12Z,369418,ru:7397|de:570|hu:423|en:50|ja:21|pl:18|fr:16
2026-08-11T13:39:12Z,26936,en:5708|zh:1418|it:215|ru:206|cs:152|de:137|pt:90|ja:88|ko:56|es:55
2026-08-11T13:39:12Z,19619,pt:6581|pl:299|en:257|es:213
2026-08-11T13:39:12Z,460630,en:3804|it:1495|de:668|ja:348|fr:257|es:171|ru:138|zh:91|th:56|pt:41
2026-08-11T13:39:12Z,1494074023,fr:7041
2026-08-11T13:39:12Z,525700863,ja:6471|zh:601|en:19
2026-08-11T13:39:12Z,2083,en:6748|pt:14|es:6|fr:5|fi:5|cs:2|pl:1|nl:1|de:0
2026-08-11T13:39:12Z,2132205352,en:3910|ru:2383|pt:114|ja:90|pl:29|fr:21|de:20|zh:12|el:8|fi:7
2026-08-11T13:39:12Z,417528,es:2034|en:1957|pt:1130|ru:681|fr:415|tr:72|de:71|zh:63|ja:57|pl:13
2026-08-11T13:39:12Z,417752,es:4546|en:1915|ja:65|pt:24|bg:23|it:8|ru:3|de:3|fr:2|other:1
2026-08-11T13:39:12Z,509659,en:4208|ja:2191|ru:75|uk:41|es:26|de:2|other:1|fr:1
2026-08-11T13:39:12Z,1282866981,zh:2500|ru:1464|en:1232|fr:724|th:217|ja:200|de:111|es:79|pt:32|it:4
2026-08-11T13:39:12Z,518203,es:4035|it:652|en:504|zh:442|el:334|fr:239|de:53|pt:2|ru:1
2026-08-11T13:39:12Z,498592,en:5376|pt:252|fr:207|es:187|de:141|pl:16|ar:14|ru:12|zh:7|nl:7
2026-08-11T13:39:12Z,1448964995,en:2625|zh:2500|fr:275|ru:248|ja:184|es:75|th:64|pt:4|de:0
2026-08-11T13:39:12Z,1669431183,en:3879|de:1546|ja:236|da:100|fr:31|fi:21|es:17|pt:14|it:5|sv:4
2026-08-11T13:39:12Z,464339927,en:3610|ru:680|fr:514|de:342|ja:132|es:82|pt:77|it:49|uk:30|ar:30
2026-08-11T13:39:12Z,459931,en:5231|fi:224|nl:44|sv:12|pl:12|pt:11|de:6|es:3
2026-08-11T13:39:12Z,504463,en:4014|de:897|fr:248|ja:244|pt:63|es:52|th:25|zh:24|it:24|ru:13
2026-08-11T13:39:12Z,499634,en:4582|ru:392|es:277|pt:146|fr:76|it:2|tr:1|other:1|de:1|zh:0
2026-08-11T13:39:12Z,490242481,zh:4701|ru:284|en:201|ja:23|fr:10|pt:1
2026-08-11T13:39:12Z,624536948,en:2866|fr:1055|de:351|es:286|sv:149|it:132|ru:97|uk:61|pt:50|ja:13
2026-08-11T13:39:12Z,894011338,zh:5067|en:50|ru:12|ja:1
2026-08-11T13:39:12Z,23020,en:2968|ru:939|fr:195|de:192|es:126|pt:55|ar:55|zh:43|it:27|da:16
2026-08-11T13:39:12Z,1169827,en:3581|ru:1719|fr:42|de:4
2026-08-11T13:39:12Z,272263131,en:4387|ja:193|de:96|zh:33|es:12|fr:10|vi:8|other:5|ru:1|fi:1
2026-08-11T13:39:12Z,513143,en:1958|fr:733|ja:462|pt:360|de:358|pl:293|zh:174|ru:155|it:122|cs:62
2026-08-11T13:39:12Z,19976,zh:3672|en:828|ja:80|fr:3|ko:2
2026-08-11T13:39:12Z,65632,en:3326|fr:457|ru:332|es:112|ja:60|hu:53|de:38|pl:25|pt:13|th:3
2026-08-11T13:39:12Z,1129937420,en:4400|de:10|es:2
2026-08-11T13:39:12Z,513181,ru:1660|en:774|zh:757|pt:365|it:177|fr:176|ja:147|de:93|tl:74|es:38
2026-08-11T13:39:12Z,1418178189,ja:4316
2026-08-11T13:39:12Z,1229,en:3738|ja:116|de:28
2026-08-11T13:39:12Z,27284,en:2007|ja:819|it:362|ru:221|pt:164|fr:161|de:37|es:28|pl:25|other:7
2026-08-11T13:39:12Z,116747788,en:1536|de:1311|ko:991|other:3|tl:1|ru:1
2026-08-11T13:39:12Z,401587136,en:1691|ru:859|pt:561|de:169|fr:115|ja:85|es:79|zh:74|pl:31|tr:17
2026-08-11T13:39:12Z,492553,ru:3388|fr:219|en:91|de:2
2026-08-11T13:39:12Z,30921,en:1131|fr:907|es:660|de:193|ar:85|it:68|pt:60|ja:44|pl:37|ru:8
2026-08-11T13:39:12Z,71375,en:888|fr:750|de:627|es:429|it:253|ru:38|ja:23|pt:7|zh:2|cs:2
2026-08-11T13:39:12Z,31336,tr:1301|de:729|es:404|ro:229|en:141|it:73|cs:28|pt:26|fr:23|ru:1
2026-08-11T13:39:12Z,2059463486,en:1248|de:793|fr:639|da:111|ja:61|es:60|cs:30|ro:17|ru:8|zh:7
2026-08-11T13:39:12Z,1599346425,en:2150|pt:315|de:240|es:97|fr:73|zh:30|ru:17|zh-hk:14|th:5|ja:3
2026-08-11T13:39:12Z,500188,en:930|ru:869|de:839|fr:140|uk:28|pt:27|th:20|pl:18|es:16|fi:12
2026-08-11T13:39:12Z,488190,en:1047|ru:516|pt:444|zh:372|zh-hk:209|de:201|es:128|hu:18|fi:11|uk:1
2026-08-11T13:39:12Z,168648543,en:1919|fr:263|es:208|de:130|ja:106|ar:78|ru:60|pl:54|zh:48|pt:14
2026-08-11T13:39:12Z,2012789438,en:1508|it:592|fr:342|ar:168|de:88|ja:86|es:16|pt:5|fi:5|pl:2
2026-08-11T13:39:12Z,20596,fr:2691|es:21|en:15|pt:8
2026-08-11T13:39:12Z,2748,en:1977|ja:460|it:226|fr:25|pt:15|de:5|es:4|other:2
2026-08-11T13:39:12Z,1457501816,ja:2358|en:184|ru:68|fr:47|zh:6
2026-08-11T13:39:12Z,23453,ru:2397|en:12|ja:1
2026-08-11T13:39:12Z,1426873999,en:1158|pl:692|ru:521
2026-08-11T13:39:12Z,1712837864,zh:2334|ru:1|en:1
2026-08-11T13:39:12Z,1840896223,de:2190|en:96|ru:23|ja:12|it:2|pt:1
2026-08-11T13:39:12Z,66170,en:1734|ja:128|pt:124|ru:119|zh:94|fr:68|de:53|es:29|th:20|pl:10
2026-08-11T13:39:12Z,1393304883,ru:1874|tr:5|other:1
2026-08-11T13:39:12Z,539257489,ja:596|en:419|zh:359|fr:174|de:174|ru:154|pt:129|ar:83|es:25|it:22
2026-08-11T13:39:12Z,1597674897,ja:2292
2026-08-11T13:39:12Z,428189042,pl:1660|zh-hk:370|en:100|ru:22|fr:11|it:9|zh:8|uk:7|ja:3|es:1
2026-08-11T13:39:12Z,494184,ru:1789|en:269|pt:55|th:34|tl:12|fr:12|tr:1|other:1|es:1|de:1
2026-08-11T13:39:12Z,32629,ja:2149
2026-08-11T14:42:08Z,509658,en:63952|ja:61376|ru:49573|fr:23609|zh:23430|de:18892|es:9040|ro:4272|pt:3151|uk:3050
2026-08-11T14:42:08Z,27471,en:104168|ja:19070|ru:6289|de:3799|es:2894|fr:1310|it:750|da:598|pt:423|nl:270
2026-08-11T14:42:08Z,491931,en:80033|ja:25930|ru:17386|de:4740|es:2296|fr:2277|it:1359|pt:681|hu:549|zh:504
2026-08-11T14:42:08Z,32399,ru:41064|en:18617|pl:11302|pt:8920|es:3866|de:1576|sv:1259|fr:1078|uk:799|fi:508
2026-08-11T14:42:08Z,21779,en:26994|es:18651|zh:8896|fr:7274|de:6853|ja:6481|th:2913|ru:2627|pt:2614|pl:1411
2026-08-11T14:42:08Z,509672,ru:25894|de:21682|en:15091|fr:13737|uk:3297|es:915|pt:519|hu:504|no:354|it:299
2026-08-11T14:42:08Z,516575,zh:18466|en:15835|ja:8490|fr:3898|es:3451|pt:3320|de:2876|ru:1934|ar:1323|th:706
2026-08-11T14:42:08Z,29595,ru:42457|en:14945|pt:763|uk:182|fr:111|th:73|fi:43|es:38|tl:37|it:33
2026-08-11T14:42:08Z,511224,ja:30124|en:8305|zh:1797|ru:1277|de:702|fr:609|pt:151|th:140|ar:69|it:58
2026-08-11T14:42:08Z,498566,de:21483|en:9892|es:4213|pt:3462|fi:533|fr:511|ru:346|el:238|no:203|sk:104
2026-08-11T14:42:08Z,32982,ru:12719|en:8375|de:7230|fr:2241|pt:1931|ja:1592|sv:1532|pl:632|th:556|zh:495
2026-08-11T14:42:08Z,515025,en:15174|ja:13840|fr:1001|zh:500|ru:488|ar:423|pt:401|es:389|ko:285|th:234
2026-08-11T14:42:08Z,491487,en:14544|de:4155|ru:2591|ar:1718|es:1581|ja:1489|pt:975|fr:843|zh:619|th:231
2026-08-11T14:42:08Z,18122,en:12514|ru:5065|de:3913|fr:2383|pt:677|zh:390|es:366|it:263|hu:130|uk:113
2026-08-11T14:42:08Z,1264310518,en:20939|ru:531|es:430|pt:398|ar:253|ja:246|fr:218|de:75|zh:74|th:21
2026-08-11T14:42:08Z,33214,en:11607|es:2192|de:1868|fr:1602|ru:1306|it:1033|pt:620|pl:546|ja:234|nl:109
2026-08-11T14:42:08Z,138585,zh:9934|en:6097|ru:2269|fr:1415|ja:592|es:392|pt:143|de:106|it:70|uk:61
2026-08-11T14:42:08Z,512953,en:10544|zh:6527|ru:1250|fr:466|de:449|ja:149|es:57|pt:45|ar:39|uk:26
2026-08-11T14:42:08Z,512710,en:13211|fr:2051|de:1353|es:912|it:469|pt:362|ru:191|nl:105|tr:50|ar:38
2026-08-11T14:42:08Z,134405,ja:18898|es:37|fr:8|de:1
2026-08-11T14:42:08Z,29307,en:11810|ru:4254|zh:705|pt:224|pl:196|es:192|ja:188|fr:164|de:105|el:52
2026-08-11T14:42:08Z,489201,ja:17544|en:16
2026-08-11T14:42:08Z,509663,de:16675|en:744|fr:139|ja:108|pt:44|zh:3|es:2|ar:2|other:1
2026-08-11T14:42:08Z,386821,en:6672|pt:2898|ru:1851|zh:1290|ja:1054|th:954|de:742|es:447|tr:355|fr:154
2026-08-11T14:42:08Z,31339,en:6678|de:3676|ru:2964|pt:996|fr:774|es:650|cs:165|pl:127|zh:120|ja:76
2026-08-11T14:42:08Z,676802825,en:4966|ru:2916|es:2019|ja:1625|fr:1413|zh:141|zh-hk:111|pt:37|th:19|ro:14
2026-08-11T14:42:08Z,27546,en:9582|de:3310|pl:693|hu:631|ru:489|uk:411|cs:290|ja:253|fr:123|zh:33
2026-08-11T14:42:08Z,499973,en:11966|es:915|fr:876|de:650|ja:296|pt:53|bg:10|nl:2|sk:1|ru:1
2026-08-11T14:42:08Z,55453844,ja:11830|en:873|ru:216|fr:127|zh:106|ko:19|de:12|pt:7|zh-hk:3|it:1
2026-08-11T14:42:08Z,630009802,en:7116|fr:2579|zh:1684|de:1631|ru:229|ja:190|es:117|ko:93|other:55|it:32
2026-08-11T14:42:08Z,1881949588,fr:7024|zh:3524|en:2264|ru:125|pt:101|de:48|th:37|es:21|id:8|ja:7
2026-08-11T14:42:08Z,624536948,en:9500|fr:1124|de:513|es:435|hu:265|pt:182|it:133|sv:109|ru:107|uk:82
2026-08-11T14:42:08Z,743,en:10249|ru:643|fr:453|es:395|pt:300|de:243|it:198|pl:53|th:44|bg:36
2026-08-11T14:42:08Z,852009328,en:5488|de:3319|ru:1085|pt:428|ja:346|fr:324|es:311|zh:298|uk:182|ar:123
2026-08-11T14:42:08Z,493057,ru:8055|en:2186|pt:473|zh:271|uk:169|de:156|ja:108|el:98|es:87|fr:65
2026-08-11T14:42:08Z,509660,en:7626|zh:1014|fr:827|ja:514|de:361|ru:330|th:178|es:133|pt:107|uk:93
2026-08-11T14:42:08Z,24241,en:5141|ja:2438|zh:2201|de:339|fr:230|ru:98|th:74|pt:18|tl:9|it:8
2026-08-11T14:42:08Z,29452,pt:9611|en:390|es:2
2026-08-11T14:42:08Z,263490,en:3679|ru:2372|fr:1402|de:674|es:643|fi:595|ja:463|pt:90|pl:69|uk:53
2026-08-11T14:42:08Z,511399,ja:9476|en:239|de:19|ar:6|es:3
2026-08-11T14:42:08Z,1036710512,en:3771|de:1313|ru:1092|ja:852|fr:540|zh:348|pt:118|it:88|es:84|tl:68
2026-08-11T14:42:08Z,369418,ru:6939|de:666|en:100|fr:27|ja:16|da:6|tr:1|it:0
2026-08-11T14:42:08Z,518203,es:6358|en:654|it:443|el:350|fr:344|de:61|pt:2|zh:1|ca:1
2026-08-11T14:42:08Z,26936,en:5487|zh:1297|ru:280|cs:210|ja:89|fr:72|ko:66|de:66|no:62|es:57
2026-08-11T14:42:08Z,504463,en:6230|de:1019|fr:258|ja:232|pt:77|es:50|th:40|it:39|zh:36|ru:22
2026-08-11T14:42:08Z,19619,pt:6903|es:401|en:265|pl:218
2026-08-11T14:42:08Z,2083,en:7474|pt:16|fi:7|es:6|fr:5|de:3|cs:2|pl:1|nl:1
2026-08-11T14:42:08Z,509659,en:4841|ja:2415|ru:75|uk:52|zh:21|es:18|th:12|de:3|other:1|fr:0
2026-08-11T14:42:08Z,1669431183,en:4088|de:2258|ja:237|pt:214|ru:135|da:119|fr:81|es:67|other:33|fi:30
2026-08-11T14:42:08Z,1282866981,zh:2664|ru:1459|en:1421|fr:859|th:298|es:189|ja:185|de:111|pt:35|uk:5
2026-08-11T14:42:08Z,2132205352,en:3741|ru:2842|pt:170|ja:98|fr:74|pl:34|de:33|fi:17|es:9|el:8
2026-08-11T14:42:08Z,490242481,zh:4886|ru:1516|en:261|th:78|pt:68|fr:17|ja:14|ar:11|de:5|es:0
2026-08-11T14:42:08Z,460630,en:4677|it:543|fr:295|de:287|ja:258|es:183|zh:108|ru:82|pt:63|sv:20
2026-08-11T14:42:08Z,498592,en:5517|pt:273|es:219|fr:175|de:152|ru:92|ar:9|nl:6|ja:5|zh:4
2026-08-11T14:42:08Z,417752,es:4690|en:1552|fr:75|ja:54|bg:18|pt:6|it:6|ru:3|de:3|el:1
2026-08-11T14:42:08Z,464339927,en:4061|ru:699|fr:470|es:313|de:286|pt:191|ja:120|it:56|ar:37|uk:29
2026-08-11T14:42:08Z,525700863,ja:6181|zh:8|ru:1
2026-08-11T14:42:08Z,417528,es:2193|en:1517|pt:1247|ru:476|fr:308|de:87|tr:70|zh:65|pl:50|ja:30
2026-08-11T14:42:08Z,23020,en:3246|ru:1367|de:226|fr:207|es:182|pt:63|ar:59|zh:49|it:44|th:24
2026-08-11T14:42:08Z,459931,en:5712|fi:220|nl:87|de:18|pt:16|sv:14|pl:6|fr:5|es:3
2026-08-11T14:42:08Z,513181,ru:1602|en:1398|zh:897|fr:593|pt:357|ja:199|it:199|de:96|es:50|tl:44
2026-08-11T14:42:08Z,65632,en:4307|fr:469|ru:347|de:240|es:179|hu:65|ja:51|it:32|pt:16|pl:16
2026-08-11T14:42:08Z,894011338,zh:5276|en:34|ru:9|ja:1
2026-08-11T14:42:08Z,272263131,en:4703|ja:189|de:102|zh:82|cs:77|fr:11|vi:10|es:7|other:3|ru:1
2026-08-11T14:42:08Z,8271,en:5264|it:1
2026-08-11T14:42:08Z,1169827,en:2666|ru:1923|fr:30|de:7
2026-08-11T14:42:08Z,552900574,en:4220|es:8|zh:2
2026-08-11T14:42:08Z,18707,en:3460|fi:1107|ru:209|pt:15|es:9|de:2|th:1|ja:1
2026-08-11T14:42:08Z,499634,en:3983|ru:380|es:316|pt:112|fr:18|it:2|tr:1|other:1|zh:0
2026-08-11T14:42:08Z,1448964995,zh:2381|en:595|ru:238|ja:191|es:51|th:45|de:33|pt:6|id:3|fr:2
2026-08-11T14:42:08Z,513143,en:1815|fr:788|zh:402|de:340|pt:315|ja:204|ru:168|it:113|pl:67|cs:59
2026-08-11T14:42:08Z,401587136,en:1823|ru:1043|pt:654|es:192|de:169|fr:112|ja:89|zh:76|da:60|cs:49
2026-08-11T14:42:08Z,27284,en:2577|ja:855|pt:264|ru:211|fr:187|pl:56|de:56|it:42|es:28|ko:7
2026-08-11T14:42:08Z,1129937420,en:4060|es:5
2026-08-11T14:42:08Z,116747788,ko:2046|en:1582|el:358|de:7|ru:6|tl:1
2026-08-11T14:42:08Z,71375,en:1441|fr:939|de:745|es:470|it:326|ru:39|ja:22|pt:6|zh:3
2026-08-11T14:42:08Z,30921,en:1195|fr:986|es:826|de:277|pl:114|ar:112|hu:95|nl:39|it:38|pt:28
2026-08-11T14:42:08Z,500188,en:1569|de:979|ru:854|fr:161|uk:39|es:34|pt:31|th:18|pl:16|fi:13
2026-08-11T14:42:08Z,66082,en:1415|zh:1013|hu:266|uk:197|ru:158|ja:138|de:73|pt:68|pl:46|it:37
2026-08-11T14:42:08Z,1599346425,en:2355|es:497|pt:355|de:199|fr:141|zh:37|zh-hk:26|ru:13|nl:11|tl:5
2026-08-11T14:42:08Z,31336,tr:1324|de:1185|es:508|ro:269|it:74|en:70|fr:37|pt:34|cs:29|pl:5
2026-08-11T14:42:08Z,2748,en:2650|ja:471|it:279|fr:42|pt:23|pl:4|other:3|es:3|fi:1|de:1
2026-08-11T14:42:08Z,19976,zh:2542|en:860|ja:95|fi:10|fr:4|ko:1
2026-08-11T14:42:08Z,1820839024,ja:2152|ru:938|en:126|de:109|fr:48|zh:32|th:10|it:10|pt:4|es:2
2026-08-11T14:42:08Z,1846293708,en:2645|fr:199|es:183|de:160|pt:50|ja:14|ru:7|zh:5|other:1
2026-08-11T14:42:08Z,20596,fr:3190|es:44|pt:9|en:4
2026-08-11T14:42:08Z,2059463486,en:1709|es:554|de:455|fr:182|da:111|ru:94|ja:51|cs:33|uk:3|zh:1
2026-08-11T14:42:08Z,488190,en:921|ru:517|de:470|pt:440|zh:316|es:200|fi:137|uk:84|hu:14|ro:2
2026-08-11T14:42:08Z,2012789438,en:1392|it:771|fr:296|ar:180|de:164|ja:93|es:15|cs:6|sk:3|pl:3
2026-08-11T14:42:08Z,168648543,en:2047|es:227|de:214|ja:93|ru:88|pl:84|ar:79|fr:65|zh:53|pt:26
2026-08-11T14:42:08Z,1393304883,ru:3055|tr:12|other:1
2026-08-11T14:42:08Z,441803813,ru:949|en:840|fr:765|de:384|uk:20|th:17|fi:9|es:4|hu:1|ar:1
2026-08-11T14:42:08Z,1426873999,en:1283|pl:1059|ru:530
2026-08-11T14:42:08Z,6756,fr:2852
2026-08-11T14:42:08Z,491012860,es:2822
2026-08-11T14:42:08Z,516866,ru:3092|en:32|es:14|it:6
2026-08-11T14:42:08Z,539257489,ja:522|en:486|zh:432|de:358|fr:187|pt:161|it:117|ar:114|uk:90|es:84
2026-08-11T14:42:08Z,66170,en:1866|ru:248|pt:126|fr:109|ja:72|de:52|es:37|zh:28|th:19|pl:14
2026-08-11T14:42:08Z,505884,ru:1984|en:174|ar:171|other:101|es:26|ja:20|pt:17|tr:8|th:6|uk:2
2026-08-11T14:42:08Z,670138298,en:2419|de:25|fr:5|es:2
2026-08-11T15:37:39Z,509658,en:76880|ru:62805|ja:41667|de:34397|es:27198|zh:21437|fr:14485|it:4756|ro:4236|pt:3532
2026-08-11T15:37:39Z,27471,en:111685|ja:18602|ru:8046|de:4106|es:3646|fr:2442|da:704|it:628|pt:535|hu:386
2026-08-11T15:37:39Z,491931,en:86939|ja:20097|ru:17990|de:5176|es:2888|fr:2402|it:875|pt:800|zh:565|hu:459
2026-08-11T15:37:39Z,21779,en:33452|es:17135|de:10357|fr:9357|ja:6799|zh:5651|pt:2719|pl:2710|ru:2672|it:1963
2026-08-11T15:37:39Z,509672,ru:25093|de:21504|en:15870|fr:15350|uk:3034|pt:1124|es:938|zh:633|hu:586|no:416
2026-08-11T15:37:39Z,32399,ru:31689|en:21902|pl:10288|pt:9971|es:4718|de:1317|fr:1142|uk:962|fi:700|sv:522
2026-08-11T15:37:39Z,516575,en:18800|zh:18408|es:5193|ja:4591|fr:4191|de:3978|pt:3551|ru:2334|ar:1273|th:774
2026-08-11T15:37:39Z,29595,ru:44427|en:13753|pt:970|uk:228|fr:137|fi:88|th:80|cs:61|es:45|it:27
2026-08-11T15:37:39Z,32982,ru:13779|en:10268|de:8319|sv:3176|fr:2843|pt:2431|ja:1535|pl:722|th:716|zh:530
2026-08-11T15:37:39Z,498566,de:24338|en:11242|es:2883|pt:2464|ru:963|fr:911|da:560|fi:515|th:268|el:229
2026-08-11T15:37:39Z,515025,en:17166|ja:13014|es:1857|fr:1317|ru:808|zh:500|pt:467|ar:353|th:296|de:242
2026-08-11T15:37:39Z,491487,en:18531|ru:3186|de:3102|es:1918|ja:1620|pt:1418|fr:1146|zh:709|th:253|pl:249
2026-08-11T15:37:39Z,33214,en:13781|de:3510|es:2663|it:2316|fr:1746|pt:1455|ru:771|pl:682|ar:295|ja:188
2026-08-11T15:37:39Z,18122,en:15935|de:4598|ru:3614|fr:2588|es:820|pt:768|zh:318|it:231|hu:143|uk:139
2026-08-11T15:37:39Z,511224,en:10183|ja:9550|zh:4088|ru:1788|fr:853|de:819|th:202|es:135|pt:129|it:84
2026-08-11T15:37:39Z,1264310518,en:22973|es:528|ru:430|pt:375|ar:322|fr:268|ja:239|de:76|th:23|it:23
2026-08-11T15:37:39Z,512710,en:14986|fr:4410|de:1642|es:1157|pt:355|it:236|ru:167|nl:131|pl:130|tr:105
2026-08-11T15:37:39Z,512953,en:10677|zh:9066|fr:1186|ru:1026|de:516|ja:146|pl:91|es:83|it:40|ar:35
2026-08-11T15:37:39Z,138585,zh:9902|en:6008|ru:3022|fr:1471|ja:342|es:135|de:124|it:86|uk:78|pl:52
2026-08-11T15:37:39Z,29307,en:13963|ru:4522|zh:689|pt:352|pl:183|es:183|ja:180|de:133|fr:132|hu:122
2026-08-11T15:37:39Z,27546,en:11135|de:4378|pl:1351|hu:701|uk:524|ru:477|cs:296|ja:168|fr:112|it:27
2026-08-11T15:37:39Z,509663,de:17794|en:985|fr:156|es:68|ja:67|pt:41|ar:2|other:1
2026-08-11T15:37:39Z,134405,ja:18641|es:27|fr:12|de:8
2026-08-11T15:37:39Z,386821,en:7742|pt:3504|ru:1490|zh:1083|de:898|ja:871|th:643|es:433|tr:322|fr:154
2026-08-11T15:37:39Z,489201,ja:16556|en:29|ru:1
2026-08-11T15:37:39Z,31339,en:5643|de:4188|ru:2933|pt:1469|es:676|fr:671|zh:206|pl:152|th:76|ja:55
2026-08-11T15:37:39Z,630009802,en:8841|zh:2346|fr:2131|de:1740|it:410|ja:159|es:134|fi:76|other:52|pt:24
2026-08-11T15:37:39Z,499973,en:12141|es:944|fr:874|de:635|ja:301|pt:58|bg:8|sk:1|ru:1|other:1
2026-08-11T15:37:39Z,2132205352,ru:9696|en:4695|pt:197|de:107|fr:88|ja:81|pl:63|uk:24|es:18|fi:15
2026-08-11T15:37:39Z,676802825,es:5132|ru:3373|fr:3136|ja:1778|en:708|de:689|zh-hk:127|ar:91|th:67|zh:66
2026-08-11T15:37:39Z,743,en:10856|ru:1007|de:978|es:568|fr:480|pt:334|pl:177|it:174|fi:136|th:46
2026-08-11T15:37:39Z,518203,en:6779|es:6416|it:510|fr:494|el:373|de:58|ru:48|ca:3|pt:2|zh:1
2026-08-11T15:37:39Z,114524791,ja:12730|en:261|zh:195|de:10
2026-08-11T15:37:39Z,624536948,en:9606|de:847|es:528|fr:410|pt:280|hu:247|it:214|ru:126|uk:95|ja:57
2026-08-11T15:37:39Z,509660,en:7406|zh:913|fr:853|ru:641|ja:598|de:590|es:382|th:203|pt:152|uk:108
2026-08-11T15:37:39Z,1881949588,fr:7421|zh:3257|en:1331|ru:199|pt:41|es:31|id:14|de:14|pl:7|other:4
2026-08-11T15:37:39Z,55453844,ja:5955|en:956|ru:190|zh:179|fr:154|ko:40|de:10|other:3|zh-hk:2|pt:1
2026-08-11T15:37:39Z,369418,ru:10856|de:612|en:130|fr:21|pt:17|es:17|cs:3
2026-08-11T15:37:39Z,29452,pt:9836|ru:1720|es:379|en:1
2026-08-11T15:37:39Z,24241,en:5705|zh:2313|ja:2205|fr:302|de:289|th:85|pt:20|es:18|ru:11|it:6
2026-08-11T15:37:39Z,852009328,en:5968|ru:1273|de:1012|pt:463|fr:391|ja:303|zh:295|es:293|th:115|hu:89
2026-08-11T15:37:39Z,511399,ja:9574|en:236|ar:10|es:7
2026-08-11T15:37:39Z,1669431183,de:4607|en:4572|ja:174|ru:138|fr:92|da:88|es:74|pt:61|other:40|nl:29
2026-08-11T15:37:39Z,509659,en:5034|ja:3992|ru:59|uk:44|th:31|zh:17|es:17|de:3|other:1|fr:1
2026-08-11T15:37:39Z,19619,pt:7728|es:356|en:318|pl:240|sv:5
2026-08-11T15:37:39Z,460630,en:6711|it:351|de:351|fr:256|ja:162|es:149|ru:102|zh:76|pt:68|sv:33
2026-08-11T15:37:39Z,263490,en:2291|ru:2199|fr:1476|de:1042|es:702|ja:363|pt:130|pl:74|uk:40|it:32
2026-08-11T15:37:39Z,1036710512,en:4141|de:1381|ja:758|fr:502|zh:364|pt:183|ru:148|it:97|pl:62|es:61
2026-08-11T15:37:39Z,504463,en:5757|de:1168|fr:282|ja:265|pt:81|zh:58|es:57|it:47|ru:34|th:24
2026-08-11T15:37:39Z,30921,es:4580|en:1438|fr:785|de:398|pl:135|it:100|ar:74|pt:45|nl:28|ru:22
2026-08-11T15:37:39Z,2083,en:7787|pt:11|fr:6|fi:5|es:5|cs:2|nl:1|de:1
2026-08-11T15:37:39Z,493057,ru:3237|en:2107|pt:529|uk:366|zh:223|de:181|es:143|el:91|th:84|ja:70
2026-08-11T15:37:39Z,1282866981,zh:2307|en:1524|ru:1437|fr:980|es:240|th:216|ja:119|de:95|pt:45|it:25
2026-08-11T15:37:39Z,464339927,en:4710|ru:593|fr:506|es:471|de:343|ja:107|pt:101|it:71|uk:44|pl:41
2026-08-11T15:37:39Z,498592,en:5561|ru:614|pt:198|fr:183|es:159|de:122|ar:12|ja:4|zh:1|vi:1
2026-08-11T15:37:39Z,26936,en:4510|zh:1255|ru:289|ja:210|de:158|fr:81|ko:75|th:66|es:47|it:27
2026-08-11T15:37:39Z,23020,en:3734|ru:1682|fr:216|es:196|ar:160|hu:157|de:124|pt:73|it:42|zh:33
2026-08-11T15:37:39Z,417752,es:4096|en:1422|fr:945|it:68|ja:43|no:25|ru:11|bg:11|pt:6|de:3
2026-08-11T15:37:39Z,13420,pl:6607|pt:25|fr:8|en:8
2026-08-11T15:37:39Z,8271,en:6712|ru:1|pt:1|it:1
2026-08-11T15:37:39Z,490242481,zh:4667|ru:1417|en:329|th:79|pt:79|fr:18|de:16|ja:14|ar:3|es:1
2026-08-11T15:37:39Z,65632,en:4392|fr:506|es:430|ru:403|de:344|pl:209|hu:64|it:39|ja:27|pt:22
2026-08-11T15:37:39Z,499634,en:5621|ru:370|es:270|pt:118|fr:21|tr:2|it:2|de:2|other:1|zh:0
2026-08-11T15:37:39Z,417528,es:2411|en:1530|pt:1233|ru:502|fr:205|pl:130|tr:74|de:57|zh:39|ja:21
2026-08-11T15:37:39Z,1695276178,fr:6291
2026-08-11T15:37:39Z,428189042,zh:4914|zh-hk:520|es:232|en:205|ru:47|fr:9|ja:8|pl:1|ar:1
2026-08-11T15:37:39Z,525700863,ja:5812|zh:9|ru:4
2026-08-11T15:37:39Z,459931,en:5355|fi:237|nl:83|sv:31|pt:13|de:11|fr:6|pl:5|cs:3|es:2
2026-08-11T15:37:39Z,513143,en:2809|de:875|zh:400|pt:341|fr:286|ja:197|es:184|sv:181|ru:102|it:99
2026-08-11T15:37:39Z,272263131,en:4938|ja:155|de:120|zh:96|cs:69|vi:10|fr:8|es:7|other:3|ru:1
2026-08-11T15:37:39Z,18707,en:4181|fi:1145|fr:7|es:6|ru:5|de:3|th:1|sv:1|pt:1|ja:1
2026-08-11T15:37:39Z,552900574,en:5349|es:5|de:1
2026-08-11T15:37:39Z,1448964995,zh:2129|de:2104|ru:288|ja:175|en:146|es:138|th:46|fr:3|id:2|pt:1
2026-08-11T15:37:39Z,66082,en:2424|zh:1547|hu:305|ja:132|ru:122|de:80|pt:47|pl:41|fr:36|es:33
2026-08-11T15:37:39Z,401587136,en:2001|ru:1221|pt:740|es:231|de:210|fr:106|ja:85|zh:74|da:71|cs:61
2026-08-11T15:37:39Z,13332,en:4022|it:130|de:58|fr:36|ja:16|es:10|pl:6|nl:4|ar:3|pt:0
2026-08-11T15:37:39Z,488190,zh:1808|en:963|de:583|ru:497|pt:463|es:355|fi:86|uk:73|ro:5|it:0
2026-08-11T15:37:39Z,876369548,ru:4775
2026-08-11T15:37:39Z,6521,ru:4348|en:137|uk:50|it:45|nl:27|es:7|other:4|pt:3|id:0|hu:0
2026-08-11T15:37:39Z,500188,en:1922|de:1203|ru:904|fr:167|pt:50|cs:35|uk:33|es:31|th:21|fi:21
2026-08-11T15:37:39Z,1169827,en:2365|ru:2056|fr:36|de:7
2026-08-11T15:37:39Z,2748,en:4158|ja:208|pt:46|fr:28|es:24|other:3|de:3|pl:2|it:2|fi:1
2026-08-11T15:37:39Z,2045790021,fr:3100|en:1076|de:65|zh:18|es:14|ja:4|pl:0
2026-08-11T15:37:39Z,513181,ru:2911|en:1975|pt:367|ja:169|fr:126|de:126|es:54|it:34|zh:29|pl:23
2026-08-11T15:37:39Z,2012789438,en:2489|it:783|fr:355|ar:202|de:166|ja:65|es:13|sk:6|pt:4|cs:4
2026-08-11T15:37:39Z,27284,en:2527|ja:399|ru:284|fr:231|pt:216|de:186|es:133|pl:71|uk:23|it:20
2026-08-11T15:37:39Z,116747788,ko:1970|en:1836|el:275|de:71|pt:25|tl:1
2026-08-11T15:37:39Z,31336,de:1360|tr:1264|es:578|ro:224|pt:176|pl:158|en:79|it:75|fr:47|cs:43
2026-08-11T15:37:39Z,491189,th:3119|en:417|de:267|ru:110|fr:30|pt:24|ja:6|pl:1|es:1
2026-08-11T15:37:39Z,71375,en:1076|fr:960|de:759|es:518|it:290|ru:44|pt:26|ja:11|zh:3
2026-08-11T15:37:39Z,1820839024,ja:2042|ru:1364|de:162|en:133|fr:35|zh:30|id:28|th:14|pl:6|it:5
2026-08-11T15:37:39Z,1393304883,ru:3610|tr:8|other:1
2026-08-11T15:37:39Z,1599346425,en:2065|es:585|pt:236|de:157|fr:126|cs:42|zh:34|zh-hk:14|nl:12|ru:11
2026-08-11T15:37:39Z,1435206302,en:3407|ja:101|zh:29|fr:19|pl:9|de:7|pt:3|es:1|zh-hk:0
2026-08-11T15:37:39Z,1846293708,en:2969|fr:238|de:145|zh:94|pt:65|ja:13|es:9|ru:4|other:1
2026-08-11T15:37:39Z,20596,fr:3276|es:60|pt:5|en:5
2026-08-11T15:37:39Z,19976,zh:2163|en:1092|ja:69|sv:19|fi:16|fr:2|ko:1|es:1
2026-08-11T15:37:39Z,7934,fr:3267|en:1
2026-08-11T15:37:39Z,168648543,en:1703|ru:379|de:287|es:240|pt:195|fr:121|pl:87|ar:80|ja:78|it:13
2026-08-11T15:37:39Z,1426873999,en:1366|pl:1269|ru:569|fr:2|hu:1
2026-08-11T16:32:44Z,509658,en:108851|ru:81914|de:52259|es:25466|other:18626|zh:17077|fr:14941|ja:12204|pl:7508|pt:4529
2026-08-11T16:32:44Z,27471,en:103174|ja:16016|ru:12087|de:4373|fr:4151|es:3453|da:608|hu:410|pt:348|pl:285
2026-08-11T16:32:44Z,491931,en:89775|ja:20540|ru:19146|de:4615|es:3246|fr:2661|pt:941|it:941|hu:599|pl:593
2026-08-11T16:32:44Z,21779,en:38567|es:17956|de:12166|fr:11538|zh:6665|ja:4782|pt:3404|pl:3057|ru:2555|it:2016
2026-08-11T16:32:44Z,32399,en:36782|ru:30182|pl:12485|pt:9632|es:4982|fr:1081|uk:865|fi:735|de:567|da:508
2026-08-11T16:32:44Z,516575,en:21313|zh:16238|es:9023|pt:3881|ja:3738|fr:3340|ru:3214|de:3090|ar:1236|th:738
2026-08-11T16:32:44Z,509672,de:21347|en:14515|fr:14298|ru:11604|uk:1614|pt:1605|hu:1051|es:749|zh:517|no:462
2026-08-11T16:32:44Z,29595,ru:48190|en:13503|pt:1261|uk:767|fr:156|de:141|cs:110|fi:94|es:93|th:76
2026-08-11T16:32:44Z,32982,en:11604|ru:10751|de:10392|sv:4841|fr:4237|pt:2740|ja:1677|it:824|th:695|pl:640
2026-08-11T16:32:44Z,498566,de:21782|en:9700|es:3308|pt:2746|fr:909|fi:511|th:341|no:182|el:134|hu:41
2026-08-11T16:32:44Z,515025,en:18719|ja:11382|es:2674|fr:1380|ru:1186|ar:920|pt:674|zh:357|de:338|th:309
2026-08-11T16:32:44Z,491487,en:19704|de:3134|ru:3006|es:1783|ja:1373|pt:1366|fr:1275|pl:819|cs:446|zh:284
2026-08-11T16:32:44Z,33214,en:15070|de:4003|fr:3170|it:3100|es:2821|pt:1665|ru:1066|pl:613|ar:315|hu:238
2026-08-11T16:32:44Z,18122,en:20339|de:4231|ru:4005|fr:2983|pt:874|es:660|fi:261|it:221|cs:190|uk:169
2026-08-11T16:32:44Z,1264310518,en:25411|ar:2450|pt:660|es:634|ru:414|fr:411|ja:298|de:92|zh:58|th:30
2026-08-11T16:32:44Z,512710,en:15314|fr:6329|es:2976|de:2060|it:736|pt:433|ru:303|pl:205|tr:153|nl:130
2026-08-11T16:32:44Z,512953,en:10219|zh:8924|fr:1528|ru:1242|de:546|pl:131|es:77|it:65|ja:62|ar:58
2026-08-11T16:32:44Z,511224,en:7379|ja:5387|zh:4092|ru:1640|de:922|fr:900|th:350|es:196|pt:155|pl:60
2026-08-11T16:32:44Z,509663,de:21003|en:1009|fr:171|es:62|pt:42|ja:40|ar:3|other:1
2026-08-11T16:32:44Z,29307,en:14570|ru:4564|pt:422|zh:384|es:193|pl:192|de:153|ja:151|hu:136|fr:131
2026-08-11T16:32:44Z,27546,en:11779|de:4301|pl:1366|ru:1048|hu:786|uk:565|cs:502|ja:165|fr:61|es:37
2026-08-11T16:32:44Z,1143686580,en:43|es:7|fr:6|ru:1|de:1
2026-08-11T16:32:44Z,138585,zh:8539|en:5932|ru:2898|fr:1243|ja:312|uk:258|de:142|pl:50|it:30|es:15
2026-08-11T16:32:44Z,31339,en:6223|ru:2824|de:2734|pt:1699|es:868|fr:613|pl:196|hu:181|zh:101|th:65
2026-08-11T16:32:44Z,386821,en:7752|pt:3271|ru:1711|de:1176|th:639|zh:599|ja:478|es:416|tr:349|fr:192
2026-08-11T16:32:44Z,676802825,es:5150|ru:3619|fr:3480|ja:1704|de:805|en:642|ar:98|zh:50|th:49|pt:20
2026-08-11T16:32:44Z,2132205352,ru:9379|en:5139|pt:249|ja:99|fr:86|de:60|pl:48|es:39|uk:18|fi:16
2026-08-11T16:32:44Z,624536948,en:5953|de:1971|pt:1599|es:719|fr:566|pl:482|it:199|uk:183|hu:183|ru:173
2026-08-11T16:32:44Z,499973,en:11564|fr:1109|es:768|de:614|ja:211|pt:58|bg:9|sk:1|ru:1|pl:1
2026-08-11T16:32:44Z,511623745,ja:14363
2026-08-11T16:32:44Z,509660,en:7690|fr:842|de:754|es:721|zh:623|ru:571|ja:355|th:193|pt:147|pl:74
2026-08-11T16:32:44Z,114524791,ja:11757|en:100|zh:16|es:3|ko:1
2026-08-11T16:32:44Z,511399,ja:12185|en:181|es:15|ar:12|de:8
2026-08-11T16:32:44Z,1669431183,de:6200|en:4434|fr:343|ja:105|da:89|es:86|pt:85|ru:16|hu:10|other:3
2026-08-11T16:32:44Z,852009328,en:6611|ru:1428|pt:890|de:780|zh:301|es:290|ja:256|fr:253|th:112|hu:82
2026-08-11T16:32:44Z,630009802,en:7237|fr:1760|es:504|it:493|zh:320|ru:212|ja:155|pt:125|fi:85|de:46
2026-08-11T16:32:44Z,24241,en:5777|zh:2356|ja:1437|fr:388|de:354|th:69|pt:24|es:20|ru:19|tl:5
2026-08-11T16:32:44Z,369418,ru:9434|de:712|en:144|fr:38|it:34|pt:16|es:10|pl:7
2026-08-11T16:32:44Z,460630,en:8292|de:414|es:299|fr:191|ja:101|ru:93|pt:85|it:43|sv:24|zh:22
2026-08-11T16:32:44Z,504463,en:7609|de:1406|fr:230|ja:221|es:149|pt:109|zh:71|ru:68|it:49|th:33
2026-08-11T16:32:44Z,29452,pt:9191|en:77|uk:63|ru:60|es:2
2026-08-11T16:32:44Z,1881949588,fr:7346|en:1239|es:400|zh:320|ru:226|de:17|id:12|other:10|it:8|ja:4
2026-08-11T16:32:44Z,518203,es:6650|fr:1215|en:733|it:486|de:245|pt:156|ru:85|el:17|uk:14|zh:5
2026-08-11T16:32:44Z,509659,en:5450|ja:3403|zh:117|uk:62|ru:59|de:56|th:30|es:19|other:1|fr:1
2026-08-11T16:32:44Z,263490,en:3107|ru:1807|fr:1419|de:1292|es:614|ja:362|pl:95|pt:88|uk:51|it:46
2026-08-11T16:32:44Z,1036710512,en:4178|de:1854|fr:732|ja:624|zh:402|ru:214|pt:113|es:105|pl:63|it:63
2026-08-11T16:32:44Z,493057,ru:4096|en:2201|pt:660|de:366|fi:201|fr:188|zh:148|es:132|el:113|uk:108
2026-08-11T16:32:44Z,743,en:5024|de:1093|ru:955|es:498|pt:337|fr:268|pl:214|it:145|fi:120|th:46
2026-08-11T16:32:44Z,19619,pt:7337|es:545|pl:270|en:182|sv:4
2026-08-11T16:32:44Z,2083,en:7944|pt:16|fi:6|es:5|cs:2
2026-08-11T16:32:44Z,1282866981,zh:2361|ru:1958|en:1547|fr:968|es:243|de:157|th:131|ja:121|pt:69|it:26
2026-08-11T16:32:44Z,2748,en:6063|it:1124|ja:190|es:95|fr:76|pt:28|de:12|zh:10|pl:9|other:2
2026-08-11T16:32:44Z,55453844,ja:6339|en:528|zh:229|fr:98|ko:45|ru:27|pt:10|es:8|de:8|tr:3
2026-08-11T16:32:44Z,65632,en:4753|fr:548|de:484|es:461|ru:429|pl:248|hu:26|ja:22|pt:20|uk:12
2026-08-11T16:32:44Z,464339927,en:4687|ru:720|es:427|de:309|it:278|fr:190|pt:153|ja:92|pl:59|ar:48
2026-08-11T16:32:44Z,2012789438,en:5684|it:766|fr:271|ar:188|de:151|es:71|ja:59|sk:7|pt:7|ru:5
2026-08-11T16:32:44Z,525700863,ja:6500|zh:7|ru:7
2026-08-11T16:32:44Z,8271,en:6878|ru:2|it:2|pt:1
2026-08-11T16:32:44Z,368694440,en:6829
2026-08-11T16:32:44Z,417752,es:4238|en:1998|ru:69|fr:50|no:41|ja:24|bg:12|it:6|pt:3|de:2
2026-08-11T16:32:44Z,26936,en:4631|zh:470|de:327|ru:157|ja:156|es:75|fr:59|it:27|pt:21|nl:9
2026-08-11T16:32:44Z,13420,pl:6512|fr:9
2026-08-11T16:32:44Z,499634,en:5277|ru:297|es:259|pt:142|fr:50|tr:2|de:2|other:1|it:1
2026-08-11T16:32:44Z,513143,en:3293|de:758|fr:491|zh:468|pt:380|es:169|ja:166|ru:130|pl:60|el:48
2026-08-11T16:32:44Z,1695276178,fr:6017|es:1
2026-08-11T16:32:44Z,401587136,ru:2047|en:1854|pt:775|de:243|es:218|da:87|fr:76|zh:75|hu:65|pl:64
2026-08-11T16:32:44Z,417528,es:2092|en:1652|pt:1097|ru:490|pl:165|fr:162|tr:65|de:45|zh:31|ja:19
2026-08-11T16:32:44Z,459931,en:5371|fi:210|nl:82|sv:31|pt:23|fr:7|pl:6|de:6|es:3
2026-08-11T16:32:44Z,23020,en:3281|ru:919|de:281|es:241|fr:229|ar:148|pt:111|hu:70|pl:22|it:19
2026-08-11T16:32:44Z,18707,en:4216|fi:1160|ru:18|fr:9|es:8|de:6|cs:6|pt:4|pl:3|th:1
2026-08-11T16:32:44Z,272263131,en:4810|ja:182|de:118|zh:69|fr:12|es:7|other:4|ru:1|pt:1|nl:1
2026-08-11T16:32:44Z,876369548,ru:5161
2026-08-11T16:32:44Z,490242481,zh:4380|en:417|ru:186|th:80|de:62|fr:11|es:8|ja:6|ar:5|nl:3
2026-08-11T16:32:44Z,27284,en:3069|ja:448|ru:410|de:398|fr:272|es:238|pt:95|pl:67|uk:31|zh:30
2026-08-11T16:32:44Z,339050343,ru:18|en:14|pt:8|de:6
2026-08-11T16:32:44Z,552900574,en:4954|es:4|de:3
2026-08-11T16:32:44Z,512923,ru:2006|de:1541|en:1010|zh:152|fr:87|uk:57|th:28|pl:18|it:12|es:6
2026-08-11T16:32:44Z,491168,ru:3218|de:1382|en:70|nl:65|es:13|pt:1|fr:1
2026-08-11T16:32:44Z,500188,en:1813|de:1247|ru:986|fr:237|es:57|uk:54|fi:53|cs:37|pt:35|pl:17
2026-08-11T16:32:44Z,30921,en:1500|fr:786|es:727|pl:640|de:461|hu:113|it:44|pt:37|ar:32|ru:24
2026-08-11T16:32:44Z,513181,ru:1748|en:1630|pt:404|de:156|es:140|ja:119|fr:111|it:43|pl:33|id:16
2026-08-11T16:32:44Z,116747788,ko:2154|en:1720|it:224|el:174|ru:113|de:71|pt:19|tl:1
2026-08-11T16:32:44Z,1435206302,en:4269|ja:69|zh:20|fr:19|ru:8|pl:8|de:7|zh-hk:1|es:1
2026-08-11T16:32:44Z,1081998272,ru:1464|en:1337|fr:108|ja:85|zh:33|es:28|th:21|hu:21|zh-hk:19|pl:15
2026-08-11T16:32:44Z,66082,zh:1686|en:1623|hu:360|ru:118|ja:105|de:85|pt:42|ar:41|es:38|fr:34
2026-08-11T16:32:44Z,13332,en:4160|de:78|es:11|ja:7|fr:7|ar:5|nl:4|pt:1
2026-08-11T16:32:44Z,1169827,en:2260|ru:1899|fr:37|de:5
2026-08-11T16:32:44Z,488190,zh:1346|en:1016|ru:615|pt:503|es:415|de:168|uk:109|ro:6|fi:4
2026-08-11T16:32:44Z,494184,ru:3732|en:153|es:125|pt:45|fr:24|tl:8|de:7|th:4|tr:1|ar:1
2026-08-11T16:32:44Z,11854,it:407|es:5
2026-08-11T16:32:44Z,31336,de:1393|tr:1018|es:600|ro:234|pt:188|pl:172|en:126|it:78|fr:57|cs:41
2026-08-11T16:32:44Z,670138298,en:3886|de:33|fr:11|es:1
2026-08-11T16:32:44Z,2045790021,fr:3199|en:376|de:66|ru:26|zh:20|es:16|ja:8|tr:1|pl:0
2026-08-11T16:32:44Z,509511,en:1941|de:1444|other:32|es:32|ru:27|nl:16|fr:8
2026-08-11T16:32:44Z,1426873999,en:1474|pl:1392|ru:674|hu:2
2026-08-11T16:32:44Z,491189,th:3101|en:334|ru:117|fr:34|pt:30|ja:5|es:3|pl:2
2026-08-11T16:32:44Z,1597660489,en:3411|ru:69|fr:65|pt:42|es:35|ja:17|de:12|pl:9|zh:8|ar:8
2026-08-11T16:32:44Z,1846293708,en:2788|fr:286|de:134|zh:105|es:73|ja:10|ru:6|pt:1|fi:1
2026-08-11T16:32:44Z,1393304883,ru:3533|tr:10|other:2
2026-08-11T16:32:44Z,12839,ru:3059|pl:345|uk:108|en:49
2026-08-11T17:38:00Z,509658,en:126073|ru:109207|de:84507|other:25239|fr:23618|es:21280|zh:9824|pl:6847|ja:6106|pt:4640
2026-08-11T17:38:00Z,27471,en:145569|ru:16532|ja:7540|de:5584|fr:5560|es:2276|pt:783|da:611|hu:494|pl:324
2026-08-11T17:38:00Z,491931,en:97053|ja:18375|ru:14522|de:4797|es:3651|fr:3090|it:1367|pt:1005|pl:752|hu:672
2026-08-11T17:38:00Z,509672,ru:38277|en:27905|de:22269|fr:15204|uk:2100|pt:1908|hu:962|es:862|ar:690|fi:383
2026-08-11T17:38:00Z,21779,en:41494|es:15761|de:12708|fr:11504|zh:4814|pt:4138|pl:3633|ja:2134|ru:1476|it:1161
2026-08-11T17:38:00Z,32399,ru:43912|pl:17460|en:14235|pt:11669|es:4125|fi:1559|fr:1297|de:962|it:892|uk:839
2026-08-11T17:38:00Z,516575,zh:18107|en:17320|fr:16213|es:8259|ru:4195|ja:3964|pt:3913|de:3396|ar:1128|pl:834
2026-08-11T17:38:00Z,29595,ru:47162|en:13212|pt:1447|uk:745|de:202|other:185|fr:162|es:157|cs:125|fi:102
2026-08-11T17:38:00Z,33214,en:21076|de:11221|it:5633|fr:5568|ru:4971|es:4622|pt:2402|pl:1328|nl:474|hu:420
2026-08-11T17:38:00Z,32982,de:15948|ru:13517|en:11630|sv:4792|pt:2853|fr:2465|ja:1124|it:799|da:749|pl:518
2026-08-11T17:38:00Z,498566,de:30618|en:12304|pt:2917|es:2029|fr:1242|fi:475|th:370|cs:304|el:211|no:187
2026-08-11T17:38:00Z,460630,en:47684|de:315|es:304|fr:262|pt:99|ja:91|ar:82|it:39|pl:36|ru:34
2026-08-11T17:38:00Z,515025,en:32606|ja:4377|es:3422|fr:1960|ru:1883|ar:1156|pt:813|de:559|th:268|zh:249
2026-08-11T17:38:00Z,491487,en:21219|de:4572|ru:2216|pt:1602|fr:1349|ja:1272|es:1232|pl:896|cs:545|ar:404
2026-08-11T17:38:00Z,18122,en:20199|de:5657|ru:5490|fr:2431|pt:991|es:924|fi:387|tr:314|cs:169|uk:161
2026-08-11T17:38:00Z,512710,en:16884|fr:6705|es:4792|de:2464|it:1000|pt:421|ru:322|pl:183|nl:84|hu:73
2026-08-11T17:38:00Z,1264310518,en:22484|ar:2534|pt:874|ru:621|es:552|fr:446|ja:272|de:132|zh:50|it:29
2026-08-11T17:38:00Z,1143686580,es:24087|en:42|da:8|fr:5|ru:1|de:1
2026-08-11T17:38:00Z,511224,en:10259|ja:4742|zh:3350|ru:1721|fr:898|de:579|th:293|es:213|pt:191|pl:111
2026-08-11T17:38:00Z,509663,de:21331|en:1097|es:309|fr:194|pt:6|ar:2|other:1
2026-08-11T17:38:00Z,512953,en:9756|zh:8471|fr:1798|ru:1192|de:669|es:137|pl:124|it:67|ja:57|ar:41
2026-08-11T17:38:00Z,29307,en:17153|ru:3603|pt:514|zh:211|fr:201|de:201|es:188|pl:174|ja:129|hu:121
2026-08-11T17:38:00Z,27546,en:11549|de:4574|pl:1781|ru:1184|cs:825|hu:770|uk:521|ja:140|fr:50|es:36
2026-08-11T17:38:00Z,1081998272,en:8948|de:5650|pl:1780|ru:1491|es:402|nl:389|fr:256|pt:239|ja:215|it:212
2026-08-11T17:38:00Z,2045790021,en:15473|fr:3169|ru:96|de:40|pt:32|tr:11|es:9|ja:8|pl:1
2026-08-11T17:38:00Z,31339,en:5999|de:3095|ru:3083|es:2719|pt:1955|fr:701|pl:271|hu:203|cs:88|zh:82
2026-08-11T17:38:00Z,624536948,en:7851|de:2715|pt:2234|es:1907|fr:1034|pl:663|it:491|uk:425|ru:330|hu:102
2026-08-11T17:38:00Z,386821,en:8354|ru:1545|de:1197|pt:1100|zh:577|ja:468|th:389|tr:319|es:231|fr:169
2026-08-11T17:38:00Z,2132205352,ru:8341|en:5501|pt:259|fr:71|es:58|ja:46|de:31|pl:28|uk:26|fi:18
2026-08-11T17:38:00Z,676802825,es:5055|fr:3930|en:1232|ru:1161|nl:635|de:234|da:84|ja:63|pt:55|uk:53
2026-08-11T17:38:00Z,509660,en:9256|zh:839|de:820|es:786|fr:670|ru:576|ja:276|pt:181|th:169|uk:46
2026-08-11T17:38:00Z,499973,en:10134|fr:1195|es:856|de:638|ja:204|pt:61|bg:7|sk:1|ru:1|pl:1
2026-08-11T17:38:00Z,1669431183,de:6659|en:4438|ja:803|fr:595|pt:123|es:95|da:70|ru:15|hu:8|nl:4
2026-08-11T17:38:00Z,518092,ja:12645|en:2
2026-08-11T17:38:00Z,504463,en:9575|de:1853|ja:257|fr:217|es:202|pt:162|ru:131|zh:98|ar:32|uk:22
2026-08-11T17:38:00Z,852009328,en:7003|ru:1782|pt:1321|de:1179|es:301|ja:208|fr:162|zh:134|ar:103|hu:40
2026-08-11T17:38:00Z,511399,ja:10275|en:206|ar:18|es:13|de:6
2026-08-11T17:38:00Z,630009802,en:9307|es:594|it:483|fr:256|ru:205|zh:201|de:177|ja:146|fi:84|pt:50
2026-08-11T17:38:00Z,368694440,en:11499|zh:3
2026-08-11T17:38:00Z,138585,en:3520|ru:3449|zh:2093|fr:1451|uk:284|de:225|ja:90|pl:84|it:31|es:29
2026-08-11T17:38:00Z,24241,en:6530|zh:1909|ja:1093|de:356|fr:340|pt:36|ru:26|es:26|th:10|tl:5
2026-08-11T17:38:00Z,29452,pt:8719|ru:1426|uk:116|en:93|es:2
2026-08-11T17:38:00Z,114524791,ja:10447|en:122|zh:11|es:3
2026-08-11T17:38:00Z,2012789438,en:6943|fr:1663|it:761|de:222|ar:186|es:83|ja:13|pt:10|ru:7|nl:6
2026-08-11T17:38:00Z,1036710512,en:4787|de:1914|fr:826|ja:568|zh:412|ru:203|es:148|pt:147|pl:71|hu:49
2026-08-11T17:38:00Z,493057,ru:4284|en:2160|pt:808|de:604|fi:294|fr:246|zh:166|es:141|uk:126|tr:119
2026-08-11T17:38:00Z,19801,ru:9275|en:184|tr:95|pt:51|fr:13|ro:5|es:5|de:4|it:2|other:1
2026-08-11T17:38:00Z,2748,en:7772|it:1108|fr:309|de:216|es:116|ja:103|pt:42|zh:12|no:11|tl:5
2026-08-11T17:38:00Z,19619,pt:8192|es:568|pl:309|en:184|sv:5|other:1
2026-08-11T17:38:00Z,441803813,fr:6887|en:1156|ru:818|pt:485|de:266|uk:1|ar:1
2026-08-11T17:38:00Z,27284,en:3910|de:1618|ru:529|ja:368|es:252|fr:149|pt:142|pl:80|zh:30|uk:28
2026-08-11T17:38:00Z,263490,en:2559|ru:1880|de:1758|es:779|fr:605|pt:444|ja:201|pl:138|it:56|uk:55
2026-08-11T17:38:00Z,2083,en:8583|nl:10|pt:8|fr:6|fi:5|de:5|es:4|cs:1
2026-08-11T17:38:00Z,339050343,es:6559|ru:614|en:428|fr:285|de:267|hu:20|pt:15|pl:2
2026-08-11T17:38:00Z,464339927,en:4972|ru:1105|es:503|de:388|it:312|pt:206|fr:150|pl:81|tr:61|uk:50
2026-08-11T17:38:00Z,509511,en:1981|de:1236|ru:213|es:101|fr:55|pt:44|da:18|el:4|nl:2
2026-08-11T17:38:00Z,65632,en:4872|de:679|fr:511|es:498|ru:475|pl:271|pt:121|uk:48|hu:32|sk:17
2026-08-11T17:38:00Z,518203,es:3572|ru:1204|en:977|fr:757|pt:468|it:447|de:106|el:56|hu:13|ca:1
2026-08-11T17:38:00Z,417752,es:3842|en:3334|hu:200|ru:48|pt:46|it:25|no:23|ja:20|bg:13|de:12
2026-08-11T17:38:00Z,515177,ru:7376|en:16|es:1
2026-08-11T17:38:00Z,509659,en:6148|ja:482|de:386|ru:127|es:88|th:30|other:1|fr:1
2026-08-11T17:38:00Z,459931,en:6991|fi:305|nl:88|sv:27|pt:23|de:13|pl:12|fr:11|es:2
2026-08-11T17:38:00Z,513181,en:3787|ru:2022|pt:420|de:230|es:204|fr:112|ja:91|pl:38|it:27|id:16
2026-08-11T17:38:00Z,1282866981,ru:1993|en:1577|zh:1416|fr:916|es:257|de:164|th:148|ja:130|pt:112|it:30
2026-08-11T17:38:00Z,743,en:4834|fr:1285|de:488|ru:82|fi:81|pl:68|es:49|th:32|uk:3|pt:3
2026-08-11T17:38:00Z,23020,en:3924|ru:1092|es:403|de:297|hu:286|fr:175|pt:82|ar:58|it:16|pl:14
2026-08-11T17:38:00Z,401587136,ru:3095|en:2076|de:352|pt:326|es:231|da:93|zh:87|pl:65|hu:64|cs:64
2026-08-11T17:38:00Z,8271,en:6608|ru:4|it:1|es:1
2026-08-11T17:38:00Z,369418,ru:6043|en:153|other:114|fr:68|de:51|pl:28|no:26|es:19|cs:19|pt:16
2026-08-11T17:38:00Z,552900574,en:6105|fr:6|de:1
2026-08-11T17:38:00Z,499634,en:5367|ru:301|pt:149|fr:115|es:21|tr:2|bg:2|other:1|it:1
2026-08-11T17:38:00Z,13420,pl:6015|fr:17|en:4|es:1
2026-08-11T17:38:00Z,417528,es:2400|en:1967|pt:848|fr:191|ru:164|pl:67|de:40|zh:27|ja:18|it:16
2026-08-11T17:38:00Z,525700863,ja:5856|zh:8|ru:5
2026-08-11T17:38:00Z,18707,en:4425|fi:1208|ru:25|cs:15|pt:8|de:8|uk:4|fr:2|pl:1|ja:1
2026-08-11T17:38:00Z,1597660489,en:5106|ru:350|fr:119|de:48|es:40|pt:35|zh:28|pl:14|ja:13|ar:10
2026-08-11T17:38:00Z,26936,en:3623|de:463|zh:409|ru:282|ja:160|fr:104|bg:98|th:93|es:61|other:33
2026-08-11T17:38:00Z,272263131,en:5176|ja:162|de:106|zh:96|fr:11|es:8|other:4|pt:1|nl:1|fi:1
2026-08-11T17:38:00Z,494184,ru:5035|en:121|es:120|pt:44|de:9|tl:8|ar:5|uk:1|tr:1|ja:1
2026-08-11T17:38:00Z,30921,en:1943|pl:874|fr:814|de:517|es:298|hu:99|pt:86|nl:77|it:41|ar:21
2026-08-11T17:38:00Z,512923,ru:1818|de:1793|en:968|zh:157|fr:113|uk:37|th:22|it:20|es:13|pl:12
2026-08-11T17:38:00Z,670138298,en:4814|de:28|fr:9|es:2
2026-08-11T17:38:00Z,11854,fr:4440|it:394|fi:29|es:4
2026-08-11T17:38:00Z,513143,en:2482|de:705|fr:336|zh:242|pt:221|es:182|ru:166|hu:110|pl:84|it:76
2026-08-11T17:38:00Z,500188,en:1969|de:1108|ru:816|fr:196|uk:98|tr:84|fi:78|es:73|pt:55|cs:53
2026-08-11T17:38:00Z,12839,ru:3826|pl:487|uk:130|en:31
2026-08-11T17:38:00Z,66082,zh:1272|en:1061|es:691|hu:361|de:162|ru:135|pt:84|ja:64|fr:47|ar:40
2026-08-11T17:38:00Z,31336,de:1537|tr:1306|es:625|pt:251|ro:228|pl:178|en:106|it:81|cs:44|fr:33
2026-08-11T17:38:00Z,539257489,en:2484|de:602|es:301|fr:259|ar:218|pt:92|uk:82|ro:69|ja:60|ru:50
2026-08-11T17:38:00Z,1435206302,en:3958|zh:71|ja:62|fr:30|de:20|ru:17|es:2|zh-hk:1|nl:1
2026-08-11T17:38:00Z,488190,zh:1058|en:987|pt:527|ru:498|es:473|de:295|uk:135|other:94|fi:22|sv:17
2026-08-11T17:38:00Z,491189,th:3093|en:382|ru:134|fr:74|pt:30|ja:6|de:5|pl:4|cs:3|es:2
2026-08-11T17:38:00Z,491381,de:3881|fi:15|en:4|fr:2|it:1
2026-08-11T17:38:00Z,55453844,ja:2406|en:850|zh:353|ru:108|fr:67|es:29|de:28|tr:11|pt:11|pl:4
2026-08-11T17:38:00Z,497057,en:3474|es:62|de:60|pt:50|ru:31|ja:21|ar:7|tr:6|fr:4|it:3
2026-08-11T17:38:00Z,168648543,en:1864|pt:468|de:454|ru:359|fr:138|es:119|pl:105|sk:64|ja:39|cs:11
2026-08-11T17:38:00Z,71375,de:1323|en:1287|es:560|fr:253|it:83|ru:62|pt:50|tr:25|hu:16|pl:2
2026-08-11T17:38:00Z,32502,de:2546|en:683|ru:183|fr:67|pl:44|ja:26|no:21|tr:17|hu:9|zh:5
2026-08-11T17:38:00Z,1672580392,en:3520|fr:100|es:11|de:10
2026-08-11T17:38:00Z,1144717324,ru:2896|de:345|en:214|pl:56|cs:46|uk:3|fr:3
2026-08-11T18:33:25Z,509658,en:142760|ru:93872|de:74305|fr:46299|es:29862|other:25221|it:8999|pt:8391|zh:8214|ja:6255
2026-08-11T18:33:25Z,27471,en:131825|ru:16993|de:7076|ja:5704|fr:2885|es:2323|pt:765|da:624|hu:530|pl:382
2026-08-11T18:33:25Z,491931,en:98478|ja:17912|ru:14795|de:5279|es:3972|zh:3506|fr:3022|it:1379|pt:1101|pl:801
2026-08-11T18:33:25Z,509672,ru:40371|en:24753|de:17072|fr:17018|uk:2324|pt:1612|hu:1336|es:1014|fi:400|nl:343
2026-08-11T18:33:25Z,32399,ru:40262|pl:21876|en:18023|pt:9520|es:2093|de:1931|da:1728|hu:1272|uk:972|fr:850
2026-08-11T18:33:25Z,21779,en:43144|es:16884|fr:10168|de:10090|pt:5266|pl:4302|zh:3752|ru:2905|ja:1947|cs:535
2026-08-11T18:33:25Z,516575,fr:22133|en:14120|zh:13307|es:6255|pt:5605|de:3622|ru:3507|ja:2609|ar:1775|pl:681
2026-08-11T18:33:25Z,29595,ru:57943|en:15284|pt:1392|uk:786|de:206|other:182|es:176|cs:131|fi:93|th:70
2026-08-11T18:33:25Z,515025,en:48689|es:6330|ja:4482|fr:3515|ru:2843|ar:1623|pt:1489|de:902|zh:314|th:263
2026-08-11T18:33:25Z,460630,en:64365|de:691|es:347|fr:250|pt:166|ar:86|zh:59|ja:52|it:42|sv:39
2026-08-11T18:33:25Z,33214,en:21528|de:10168|it:5854|fr:5137|es:5065|ru:4708|pt:2499|pl:1355|nl:539|hu:456
2026-08-11T18:33:25Z,32982,de:16306|ru:12223|en:9391|fr:5135|uk:3557|sv:2372|pt:2210|it:1231|da:649|no:432
2026-08-11T18:33:25Z,18122,en:24335|de:6266|ru:5785|fr:1954|pt:1747|es:900|hu:231|da:166|sv:158|cs:153
2026-08-11T18:33:25Z,491487,en:18264|de:3571|ru:2160|fr:2106|pt:1883|es:1327|ja:1023|pl:863|cs:648|ar:484
2026-08-11T18:33:25Z,498566,de:17656|en:8246|pt:3511|es:3037|ru:962|cs:509|fr:503|fi:474|pl:305|other:261
2026-08-11T18:33:25Z,1081998272,en:16086|de:6759|ru:2780|pl:2487|fr:897|es:532|nl:306|it:285|pt:276|ja:255
2026-08-11T18:33:25Z,512710,en:14055|fr:5716|es:5158|de:2518|it:1873|pt:469|ru:445|pl:182|hu:82|nl:73
2026-08-11T18:33:25Z,1264310518,en:21858|ar:2513|ru:2361|pt:1048|es:681|fr:395|ja:176|de:151|zh:25|sv:25
2026-08-11T18:33:25Z,509663,de:22491|en:1586|es:305|fr:211|pt:7|ar:2|other:1
2026-08-11T18:33:25Z,511224,en:10847|ja:3976|zh:2301|ru:1773|fr:976|de:634|th:270|pt:247|es:163|ar:132
2026-08-11T18:33:25Z,1294658629,es:21571|de:474|en:338|ru:251|ja:71|fr:54|pl:38|ar:10|pt:9|sk:8
2026-08-11T18:33:25Z,624536948,de:7418|en:6931|pt:3638|es:1130|fr:916|pl:741|it:512|uk:504|ru:308|hu:103
2026-08-11T18:33:25Z,512953,zh:9118|en:8179|fr:1731|ru:1052|de:545|es:166|pl:119|ar:46|ja:30|hu:29
2026-08-11T18:33:25Z,29307,en:15778|ru:3620|pt:529|fr:246|pl:200|de:200|hu:130|ja:100|es:97|el:66
2026-08-11T18:33:25Z,318184140,ru:18145|de:1853|en:1093|it:222|fr:43|sk:11
2026-08-11T18:33:25Z,31339,en:6980|es:3491|de:3453|ru:2915|pt:1571|fr:526|cs:526|pl:470|hu:227|zh:96
2026-08-11T18:33:25Z,27546,en:9246|de:5194|pl:1952|ru:1236|cs:952|hu:760|uk:477|ja:205|fr:46|sk:22
2026-08-11T18:33:25Z,1669431183,de:9832|en:5696|fr:602|ja:258|es:135|da:66|it:50|ru:38|pt:4|nl:3
2026-08-11T18:33:25Z,676802825,es:5233|fr:3638|en:3532|nl:1416|pl:1330|ru:1241|de:442|da:84|pt:34|ar:23
2026-08-11T18:33:25Z,29452,pt:11512|ru:2473|en:128|uk:101|es:2
2026-08-11T18:33:25Z,852009328,en:6960|ru:2515|pt:1406|de:1215|es:354|fr:273|ja:185|zh:144|sk:61|ar:55
2026-08-11T18:33:25Z,27422,en:14257|ru:11|es:2
2026-08-11T18:33:25Z,504463,en:10069|de:1980|ja:242|fr:236|es:196|pt:174|ru:157|zh:92|ar:68|pl:40
2026-08-11T18:33:25Z,386821,en:8159|pt:1220|ru:1041|de:968|zh:535|ja:358|es:322|th:240|fr:201|tr:174
2026-08-11T18:33:25Z,499973,en:9651|fr:1169|es:782|de:646|ja:186|pt:66|bg:4|sk:1|ru:1|pl:1
2026-08-11T18:33:25Z,138585,en:5239|ru:3584|zh:2007|fr:1274|uk:261|de:120|es:96|ja:77|pl:29|it:27
2026-08-11T18:33:25Z,399457773,en:12381|ru:44|de:27|es:6|ja:3
2026-08-11T18:33:25Z,495961,ja:12116|en:36|ru:5|es:4|pl:2|fr:0
2026-08-11T18:33:25Z,509660,en:7704|de:864|zh:684|es:495|ru:492|fr:468|ja:239|pt:197|th:124|ko:35
2026-08-11T18:33:25Z,493057,ru:2733|en:2545|de:1265|fr:1241|pt:831|fi:316|uk:185|zh:125|tr:125|el:116
2026-08-11T18:33:25Z,1036710512,en:4940|de:2180|fr:876|ja:501|zh:320|ru:263|pt:159|es:154|hu:59|pl:42
2026-08-11T18:33:25Z,24241,en:7023|zh:1572|ja:555|de:374|fr:349|pt:67|es:67|ru:27|th:9|ar:6
2026-08-11T18:33:25Z,2083,en:9189|nl:20|pt:12|fr:10|de:8|es:5|fi:3
2026-08-11T18:33:25Z,511399,ja:8687|en:880|es:114|de:10
2026-08-11T18:33:25Z,630009802,en:7993|es:710|it:481|fr:401|de:208|ru:163|zh:116|pt:87|fi:78|other:13
2026-08-11T18:33:25Z,19619,pt:7963|es:517|pl:358|en:290|sv:11|other:1
2026-08-11T18:33:25Z,270059937,de:9329
2026-08-11T18:33:25Z,441803813,fr:8277|pt:626|de:146|en:129|es:35|ru:8|nl:7|ar:2
2026-08-11T18:33:25Z,114524791,ja:8789|en:101|zh:41|es:2
2026-08-11T18:33:25Z,2132205352,en:5243|ru:3328|pt:268|de:79|fr:51|ja:44|es:38|pl:25|uk:18|it:6
2026-08-11T18:33:25Z,2012789438,en:6644|it:766|ar:556|es:310|fr:243|de:222|nl:20|ja:16|pt:10|ru:9
2026-08-11T18:33:25Z,2045790021,en:5794|fr:2826|ru:40|de:40|pt:26|es:17|th:8|ja:6
2026-08-11T18:33:25Z,19801,ru:8402|en:197|tr:99|pt:47|fr:10|ro:9|de:8|es:4|it:2|other:1
2026-08-11T18:33:25Z,339050343,es:7751|de:708|en:556|fr:419|ru:48|pl:36|hu:36|pt:13|ar:11|nl:3
2026-08-11T18:33:25Z,464339927,en:4959|ru:1271|de:520|es:513|it:324|pt:184|pl:109|fr:91|uk:70|tr:65
2026-08-11T18:33:25Z,2748,en:6393|it:1209|de:381|fr:378|es:156|ja:99|pt:52|ru:49|zh:13|no:11
2026-08-11T18:33:25Z,27284,en:4665|de:1739|ru:470|ja:404|es:297|fr:209|pt:120|pl:83|it:49|sv:24
2026-08-11T18:33:25Z,509659,en:5876|de:404|ja:258|ru:217|es:64|th:26|fr:23|other:1
2026-08-11T18:33:25Z,65632,en:5480|fr:587|es:522|ru:498|de:379|pl:282|pt:115|uk:34|hu:24|sv:16
2026-08-11T18:33:25Z,263490,en:2035|de:1968|ru:1682|es:754|fr:532|pt:473|ja:143|pl:75|hu:53|it:48
2026-08-11T18:33:25Z,459931,en:7386|fi:346|nl:116|pt:20|fr:10|pl:9|de:6|es:2
2026-08-11T18:33:25Z,30921,en:2474|es:2093|pl:951|fr:815|de:491|hu:116|it:99|pt:89|nl:79|ar:23
2026-08-11T18:33:25Z,23020,en:3978|ru:1653|es:468|de:366|fr:238|pt:175|zh:93|ar:72|pl:19|it:17
2026-08-11T18:33:25Z,1820839024,fr:4341|sv:1245|de:778|pt:269|en:246|ru:154|ja:141|no:86|es:72|da:41
2026-08-11T18:33:25Z,515177,ru:7341
2026-08-11T18:33:25Z,417752,en:4486|es:3314|hu:212|it:123|fr:116|pt:85|de:40|ja:21|no:18|nl:13
2026-08-11T18:33:25Z,8271,en:6804|ru:5|it:2|es:1
2026-08-11T18:33:25Z,513181,en:3790|ru:1712|pt:422|de:255|es:191|fr:104|ja:75|pl:16|ro:15|th:13
2026-08-11T18:33:25Z,401587136,ru:3412|en:1752|de:434|pt:363|es:250|pl:75|hu:71|zh:53|cs:47|fr:45
2026-08-11T18:33:25Z,518203,es:3143|ru:1367|en:978|pt:399|fr:298|it:269|de:257|sv:95|el:86|no:64
2026-08-11T18:33:25Z,369418,ru:5924|other:254|en:177|hu:102|fr:75|de:69|pt:48|es:35|th:15|pl:7
2026-08-11T18:33:25Z,552900574,en:6321|fr:30
2026-08-11T18:33:25Z,1597660489,en:5498|ru:453|fr:147|de:82|pt:52|zh:16|es:13|cs:13|el:12|ar:10
2026-08-11T18:33:25Z,13420,pl:6032|en:5|es:1
2026-08-11T18:33:25Z,26936,en:4177|de:683|ru:270|zh:197|other:160|ja:109|bg:98|th:96|fr:71|es:62
2026-08-11T18:33:25Z,1282866981,ru:2304|en:1313|fr:805|zh:724|es:228|de:166|pt:130|ja:81|th:50|zh-hk:11
2026-08-11T18:33:25Z,499634,en:5269|ru:293|pt:241|es:28|fr:20|tr:2|other:1|it:1|bg:1|ar:1
2026-08-11T18:33:25Z,272263131,en:4991|fr:262|ja:155|de:102|zh:88|es:7|other:4|ru:1|pt:1|nl:1
2026-08-11T18:33:25Z,18707,en:4416|fi:1092|ru:75|pt:12|de:12|cs:9|fr:5|es:3|uk:2|pl:2
2026-08-11T18:33:25Z,494184,ru:5352|en:81|es:41|pt:33|fr:19|de:12|tl:7|uk:5|ja:1|ar:1
2026-08-11T18:33:25Z,525700863,ja:5411|ru:2|en:1
2026-08-11T18:33:25Z,512923,de:2322|ru:1515|en:934|zh:127|fr:94|pl:41|th:19|es:19|it:15|uk:14
2026-08-11T18:33:25Z,12839,ru:4274|pl:442|uk:263|cs:39|en:16
2026-08-11T18:33:25Z,417528,en:2021|es:1934|pt:533|ru:217|fr:171|pl:57|de:43|zh:25|it:20|ja:16
2026-08-11T18:33:25Z,500188,en:1719|de:1105|ru:790|fr:503|es:132|hu:119|uk:112|pt:90|fi:89|tr:62
2026-08-11T18:33:25Z,1313351584,en:4223|fr:549|de:249|ru:22|pt:10|pl:3|nl:2|es:1
2026-08-11T18:33:25Z,670138298,en:4971|es:44|de:10|fr:7
2026-08-11T18:33:25Z,1846293708,en:3973|es:153|de:108|zh:61|fr:39|pt:18|ru:10|ja:7
2026-08-11T18:33:25Z,31336,de:1587|tr:1500|es:618|pt:328|ro:209|en:175|pl:168|cs:47|fr:34|it:16
2026-08-11T18:33:25Z,1435206302,en:4618|ja:51|zh:48|fr:15|ru:6|de:5|zh-hk:1|nl:1|es:1
2026-08-11T18:33:25Z,1672580392,en:4614|fr:93|de:9
2026-08-11T18:33:25Z,116747788,en:1777|it:243|ru:161|es:15|de:9|zh-hk:1|tl:0
2026-08-11T18:33:25Z,488190,en:1207|zh:869|es:822|pt:691|ru:374|de:328|uk:143|other:105|sv:29|fi:25
2026-08-11T18:33:25Z,491381,de:4292|en:85|fi:16|it:3|nl:1|es:1
2026-08-11T18:33:25Z,168648543,en:2698|pt:518|de:390|es:123|fr:105|pl:84|ar:80|ru:52|ja:25|cs:24
2026-08-11T18:33:25Z,518222,fr:4045|en:32|it:3|ru:1|de:1|ar:1
2026-08-11T18:33:25Z,539257489,en:2277|de:476|es:325|fr:283|ar:172|ru:89|ro:89|it:88|pt:48|hu:39
2026-08-11T18:33:25Z,1144717324,ru:3338|de:423|en:215|pl:55|cs:30|uk:4|fr:3|el:2
2026-08-11T18:33:25Z,960290413,de:3786|uk:104|en:99|ru:2|es:2|tr:1
2026-08-11T18:33:25Z,66170,en:2353|pt:582|es:306|fr:189|ru:155|de:136|pl:113|ja:12|th:5|it:5
2026-08-11T19:44:05Z,509658,en:226833|ru:93483|de:79712|fr:51530|it:42827|es:11341|pt:9245|zh:6577|pl:5580|ja:5053
2026-08-11T19:44:05Z,27471,en:136793|ru:16466|de:8474|ja:5154|fr:3689|es:1932|it:1121|pt:629|pl:438|nl:301
2026-08-11T19:44:05Z,491931,en:104036|ru:16728|ja:13300|de:4879|es:4094|fr:2945|zh:2909|it:1362|pt:1312|pl:695
2026-08-11T19:44:05Z,32399,ru:38927|pl:22750|en:15669|pt:9084|uk:4051|fr:3498|es:2122|de:1935|it:1398|hu:1381
2026-08-11T19:44:05Z,460630,en:11478|de:606|es:328|fr:209|nl:184|pt:173|it:96|zh:52|hu:51|ru:46
2026-08-11T19:44:05Z,21779,en:38701|es:17696|fr:8578|de:7614|pl:6031|pt:5228|ru:3405|zh:3067|it:1031|ja:842
2026-08-11T19:44:05Z,509672,fr:39203|en:29974|de:12504|ru:6314|uk:2764|pt:1709|es:1222|hu:998|nl:429|no:291
2026-08-11T19:44:05Z,32982,fr:22938|de:19634|ru:12611|en:11627|uk:3402|pt:3139|sv:2289|it:1113|cs:1076|da:960
2026-08-11T19:44:05Z,515025,en:59042|es:7150|ja:4681|fr:3599|ru:2782|pt:2304|ar:2019|de:1267|pl:497|th:246
2026-08-11T19:44:05Z,29595,ru:54356|en:11929|pt:1634|uk:735|de:342|es:150|cs:143|fi:95|ro:58|other:39
2026-08-11T19:44:05Z,516575,en:14110|zh:10669|fr:7534|pt:6734|es:6008|de:3083|ru:2451|ar:1659|ja:1298|pl:705
2026-08-11T19:44:05Z,1081998272,en:20077|pt:18220|de:5220|ru:2336|pl:1206|fr:881|es:586|nl:260|it:236|uk:235
2026-08-11T19:44:05Z,33214,en:22665|de:7811|es:4141|fr:3933|ru:3650|it:3488|pt:1368|nl:522|pl:446|da:165
2026-08-11T19:44:05Z,498566,de:22885|en:16348|pt:3246|es:2210|fi:476|fr:417|pl:382|sv:296|other:286|hu:244
2026-08-11T19:44:05Z,676802825,en:25783|fr:16231|pl:1268|it:1070|de:888|ru:500|nl:113|ar:83|pt:24|es:20
2026-08-11T19:44:05Z,18122,en:27129|de:6208|ru:6006|fr:1999|pt:1987|es:1059|da:230|hu:176|it:173|sv:135
2026-08-11T19:44:05Z,491487,en:20385|ru:4013|de:2753|ar:2599|fr:2057|pt:1699|es:1630|ja:510|pl:454|it:383
2026-08-11T19:44:05Z,512710,en:14334|es:5438|fr:3056|de:2859|it:1166|pt:522|ru:381|pl:190|tr:122|nl:118
2026-08-11T19:44:05Z,1264310518,en:24183|es:898|pt:846|ru:719|fr:384|ar:254|ja:160|de:151|tr:59|zh:44
2026-08-11T19:44:05Z,509663,de:25245|en:1624|fr:196|it:27|es:12|pt:7|ar:2|other:1
2026-08-11T19:44:05Z,31339,en:9542|es:6780|de:3971|ru:2732|pt:1326|fr:1039|cs:591|pl:407|zh:73|uk:55
2026-08-11T19:44:05Z,624536948,de:7121|en:5089|fr:3073|pt:1538|pl:778|es:768|ru:506|it:250|hu:157|uk:136
2026-08-11T19:44:05Z,30921,es:13698|en:3075|pl:913|fr:903|de:593|it:219|ar:104|pt:89|nl:53|ru:20
2026-08-11T19:44:05Z,318184140,ru:16507|de:2255|en:1070|es:28|sk:3
2026-08-11T19:44:05Z,29307,en:14890|ru:2519|pt:628|fr:228|de:206|pl:180|es:109|ja:65|zh:47|uk:35
2026-08-11T19:44:05Z,518203,es:12731|it:1978|fr:1300|en:1021|ru:867|pt:405|de:249|hu:171|sv:99|el:71
2026-08-11T19:44:05Z,511224,en:9784|ja:2174|fr:911|de:817|zh:750|ru:491|es:235|ar:199|th:182|pl:169
2026-08-11T19:44:05Z,512953,zh:7687|en:6189|fr:827|es:718|de:689|ru:664|pt:50|it:37|hu:33|ar:31
2026-08-11T19:44:05Z,1669431183,de:10205|en:5744|fr:651|it:59|ru:46|es:16|pt:7|pl:7|nl:7|other:2
2026-08-11T19:44:05Z,1036710512,en:10780|de:1894|fr:1106|ja:416|ru:392|pt:258|no:193|es:155|zh:72|ar:40
2026-08-11T19:44:05Z,852009328,en:7562|ru:4600|de:1318|pt:1307|fr:322|es:290|ja:128|zh:79|ar:74|sk:57
2026-08-11T19:44:05Z,27422,en:13895|fr:12|de:7|es:3
2026-08-11T19:44:05Z,27546,en:8781|pl:1691|de:1197|ru:999|uk:496|hu:229|ja:162|fr:123|sk:70|cs:65
2026-08-11T19:44:05Z,29452,pt:11070|ru:1777|en:394|es:2
2026-08-11T19:44:05Z,138585,en:7389|ru:1899|zh:1724|fr:1391|uk:228|de:121|es:93|ja:82|it:25|pt:6
2026-08-11T19:44:05Z,490242481,en:11747|it:364|ru:254|de:174|fr:83|pt:35|ar:16|no:9|uk:8|other:8
2026-08-11T19:44:05Z,504463,en:9610|de:1844|fr:272|es:211|ja:206|pt:170|zh:87|ru:87|ar:82|pl:45
2026-08-11T19:44:05Z,499973,en:9940|fr:1060|es:794|de:610|ja:348|pt:60|bg:5|sk:1|ru:1|pl:1
2026-08-11T19:44:05Z,386821,en:7277|pt:1340|ru:973|de:930|zh:558|es:366|ja:266|tr:216|th:149|fr:81
2026-08-11T19:44:05Z,2132205352,en:8235|ru:3070|nl:312|pt:223|fr:61|de:33|es:25|pl:21|uk:18|ar:11
2026-08-11T19:44:05Z,24241,en:8908|zh:1437|fr:559|ja:383|de:342|es:62|pt:60|ru:38|th:9|ar:6
2026-08-11T19:44:05Z,7934,ja:11134|en:87|es:5|bg:1
2026-08-11T19:44:05Z,509660,en:7535|fr:759|de:578|es:482|zh:456|ru:309|ja:194|pt:150|th:53|pl:32
2026-08-11T19:44:05Z,96255193,ru:10604|en:742
2026-08-11T19:44:05Z,509659,en:8524|ru:1315|de:537|ja:76|es:36|fr:33|th:26|pl:8|it:5|pt:2
2026-08-11T19:44:05Z,1076293803,ru:10225|en:8
2026-08-11T19:44:05Z,493057,ru:3254|en:2379|de:1401|fr:1098|pt:595|fi:403|es:222|uk:220|tr:122|zh:107
2026-08-11T19:44:05Z,2045790021,en:5951|fr:2621|es:613|pt:348|ru:37|de:36|th:6
2026-08-11T19:44:05Z,2083,en:9478|nl:18|de:11|fr:9|pt:8|es:4
2026-08-11T19:44:05Z,19619,pt:8031|es:584|pl:356|en:354|sv:10|nl:7|other:2
2026-08-11T19:44:05Z,263490,en:3120|ru:1955|de:1877|es:1234|pt:487|fr:391|ja:145|hu:44|it:33|uk:26
2026-08-11T19:44:05Z,441803813,fr:8349|de:398|es:230|en:168|nl:6|pl:1
2026-08-11T19:44:05Z,464339927,en:5580|ru:1201|de:722|es:587|it:314|fr:131|pl:113|pt:103|uk:71|hu:45
2026-08-11T19:44:05Z,417752,en:4940|es:3343|it:419|cs:82|fr:75|pt:50|de:36|no:18|ja:15|bg:6
2026-08-11T19:44:05Z,630009802,en:7433|fr:528|de:214|ru:194|pt:121|it:91|zh:78|es:66|ja:7|sv:2
2026-08-11T19:44:05Z,23020,en:4713|ru:1524|es:438|fr:216|de:171|pt:111|th:44|nl:32|it:19|ar:16
2026-08-11T19:44:05Z,494184,ru:8048|es:97|en:64|pt:47|fr:28|th:2|tr:1|ja:1|it:1
2026-08-11T19:44:05Z,114524791,ja:8002|en:111|zh:51|es:2
2026-08-11T19:44:05Z,459931,en:7719|fi:223|nl:93|pt:14|de:13|pl:12|fr:12|sv:6|es:4
2026-08-11T19:44:05Z,428189042,es:6380|fr:653|de:365|en:255|cs:222|ru:118|uk:14|hu:5|zh:2|pl:2
2026-08-11T19:44:05Z,2748,en:5604|it:1060|de:361|fr:331|pt:65|ja:64|ru:57|es:55|no:11|pl:10
2026-08-11T19:44:05Z,65632,en:4312|fr:649|ru:584|pl:295|de:279|es:139|pt:63|uk:47|hu:18|bg:17
2026-08-11T19:44:05Z,2012789438,en:4386|it:765|ar:580|fr:546|es:321|de:273|nl:29|pt:12|ru:9|ja:7
2026-08-11T19:44:05Z,595240160,fr:6592|en:60|ja:44|uk:35|es:6|ru:3|tl:1
2026-08-11T19:44:05Z,1422023940,es:6885|en:82|pl:16|nl:1
2026-08-11T19:44:05Z,515177,ru:6682|it:79
2026-08-11T19:44:05Z,27284,en:4616|ru:537|es:366|de:326|ja:316|fr:272|it:172|pt:170|pl:97|sv:34
2026-08-11T19:44:05Z,210472759,fr:4666|en:1473|pl:303|de:172|ru:100|pt:33|es:29|it:23|nl:6|el:4
2026-08-11T19:44:05Z,401587136,ru:3079|en:1806|de:421|pt:389|es:276|cs:82|hu:75|fr:71|pl:58|it:46
2026-08-11T19:44:05Z,26936,en:4542|de:621|fr:315|ja:209|ru:204|zh:109|bg:99|th:92|es:39|it:25
2026-08-11T19:44:05Z,513181,en:4345|es:887|ru:557|fr:195|de:174|pt:167|it:45|ro:23|ja:22|pl:15
2026-08-11T19:44:05Z,19801,ru:5909|en:214|tr:92|pt:56|fr:17|de:12|ro:6|other:1|it:1
2026-08-11T19:44:05Z,1820839024,fr:4920|de:625|en:333|ru:103|ja:102|it:55|pt:38|es:23|pl:15|da:13
2026-08-11T19:44:05Z,493959,ru:3796|de:716|en:611|fr:458|pt:158|es:75|pl:64|nl:53|uk:37|th:21
2026-08-11T19:44:05Z,13420,pl:6163|en:13|de:3
2026-08-11T19:44:05Z,499634,en:5159|ru:318|pt:223|fr:101|es:49|tr:2|ar:2|other:1|bg:1
2026-08-11T19:44:05Z,369418,ru:4753|en:413|hu:140|de:93|uk:77|pt:56|it:49|fr:49|es:17|da:17
2026-08-11T19:44:05Z,499003,en:5488|fr:50|de:41|es:24|zh:18|pt:13|ru:12|ja:3
2026-08-11T19:44:05Z,670138298,en:5451|es:24|de:20|fr:4|hu:2
2026-08-11T19:44:05Z,272263131,en:4673|fr:263|ja:193|zh:165|de:96|es:6|other:3|nl:2|fi:1|ca:1
2026-08-11T19:44:05Z,491381,de:5476|en:80|nl:20|fr:14|it:8
2026-08-11T19:44:05Z,1313351584,en:4866|fr:505|de:75|ru:27|pt:10|es:9|sv:8|pl:5|da:2
2026-08-11T19:44:05Z,12839,ru:4041|pl:456|uk:336|cs:73|en:18
2026-08-11T19:44:05Z,417528,en:2053|es:1974|pt:757|ru:281|fr:154|pl:30|it:30|zh:21|ja:17|tr:12
2026-08-11T19:44:05Z,510323,ru:5211
2026-08-11T19:44:05Z,168648543,en:3305|pt:534|de:323|fr:151|pl:135|es:99|hu:82|ar:82|ru:37|it:31
2026-08-11T19:44:05Z,31336,de:1621|tr:1472|es:643|pt:371|pl:190|ro:188|en:152|cs:43|fr:30|it:18
2026-08-11T19:44:05Z,2059463486,fr:2250|en:1767|de:310|ru:130|uk:21|sv:19|hu:13|es:12|da:7|it:5
2026-08-11T19:44:05Z,18707,en:4259|ru:56|es:49|other:28|de:16|pt:9|pl:4|fr:4|tr:1|it:0
2026-08-11T19:44:05Z,488190,en:1775|pt:883|es:756|de:337|ru:267|uk:176|sv:37|fi:31|th:29|no:24
2026-08-11T19:44:05Z,1282866981,en:1741|ru:938|zh:689|es:221|de:168|fr:160|pt:155|th:61|ja:35|it:12
2026-08-11T19:44:05Z,1144717324,ru:3431|de:431|en:208|cs:169|pl:43|it:6|fr:6|uk:2|es:1|el:1
2026-08-11T19:44:05Z,864092569,en:4065|de:52|ja:32|fr:1
2026-08-11T19:44:05Z,960290413,de:3793|en:157|uk:16|pl:14|ru:9|tr:2
2026-08-11T19:44:05Z,1982936547,en:1993|hi:1845|de:96|pt:46|es:21|fr:7|ko:1
2026-08-11T19:44:05Z,518222,fr:3915|en:38|it:7|de:1
2026-08-11T19:44:05Z,339050343,it:2127|de:480|ru:422|en:408|fr:347|es:96|pl:23|ar:13|pt:1
2026-08-11T19:44:05Z,539257489,en:2254|de:455|fr:390|es:302|ru:93|ro:84|ar:79|it:60|pt:52|hu:36
2026-08-11T19:44:05Z,500188,en:1062|de:1060|ru:590|fr:568|pt:120|es:108|uk:91|pl:78|tr:71|fi:67
