ts,game_id,langs_top10
2026-08-18T01:20:25Z,509658,en:246247|es:40878|pt:23907|ru:13197|fr:7667|zh:5815|de:5693|ja:2939|it:2200|ko:1283
2026-08-18T01:20:25Z,32982,en:32088|fr:19611|pt:15063|es:7926|de:3599|ru:712|it:666|other:126|sv:42|el:30
2026-08-18T01:20:25Z,491931,en:59883|ja:6915|zh:934|fr:881|de:719|ru:557|pt:544|it:324|es:230|pl:223
2026-08-18T01:20:25Z,21779,en:28385|es:20710|pt:5763|fr:4014|ja:2276|de:2005|zh:896|ru:265|it:187|pl:183
2026-08-18T01:20:25Z,509672,en:52071|de:2004|es:1071|it:343|nl:289|uk:281|ja:273|ru:193|pt:119|no:110
2026-08-18T01:20:25Z,516575,en:23477|pt:4623|fr:4180|es:2859|ja:2125|zh:1492|de:1409|ru:954|ar:426|pl:167
2026-08-18T01:20:25Z,1832841853,en:24394|ru:10311|es:5540|cs:1691|pt:1150|de:526|fr:432|pl:375|zh:177|ar:67
2026-08-18T01:20:25Z,33214,en:30231|es:5786|pt:2011|fr:664|ru:335|de:304|ar:194|it:182|ja:32|nl:23
2026-08-18T01:20:25Z,27471,en:28986|fr:2532|es:2026|pt:1833|de:1043|ru:779|ja:169|ar:111|pl:80|it:24
2026-08-18T01:20:25Z,491487,en:21868|es:4863|pt:4124|ar:1867|de:515|fr:497|ja:428|ru:125|zh:85|it:33
2026-08-18T01:20:25Z,32399,en:17316|pt:7540|ru:3907|pl:2811|es:2779|de:312|fr:228|it:88|uk:86|tr:63
2026-08-18T01:20:25Z,31339,en:27755|pt:1961|es:1879|de:512|fr:169|uk:65|ru:45|ja:19|cs:14|fi:6
2026-08-18T01:20:25Z,1264310518,en:25820|es:1277|pt:1161|fr:841|ar:384|ja:131|ru:56|de:39|other:17|zh:9
2026-08-18T01:20:25Z,511224,en:25043|ja:1238|es:791|zh:251|ar:201|de:191|pt:139|fr:126|ru:123|th:34
2026-08-18T01:20:25Z,1081998272,es:23217|en:3725|pt:546|zh:173|ru:69|de:66|fr:40|ja:32|pl:13|ar:3
2026-08-18T01:20:25Z,884569009,pt:17442|en:7953|de:56|es:53|ru:9|fr:0
2026-08-18T01:20:25Z,515025,en:18277|es:1702|ja:1280|pt:1028|ar:364|fr:271|ru:103|de:72|it:44|zh:33
2026-08-18T01:20:25Z,29595,ru:15824|pt:4676|en:3153|es:271|uk:146|de:17|fr:11|other:8|tl:3|bg:3
2026-08-18T01:20:25Z,18122,en:14072|ru:4079|pt:1074|es:659|de:156|fr:154|sv:55|uk:37|ar:32|hu:25
2026-08-18T01:20:25Z,512710,en:12979|es:1893|pt:1196|fr:882|de:871|ar:85|it:78|nl:13|other:5|sk:2
2026-08-18T01:20:25Z,446808397,en:17985
2026-08-18T01:20:25Z,499973,en:11941|de:1703|fr:1598|es:786|ja:313|pt:58|bg:9|ru:3|ca:2|ar:2
2026-08-18T01:20:25Z,29452,pt:8962|en:4885|ru:626|es:117
2026-08-18T01:20:25Z,676802825,pt:8557|en:3257|es:1793|ja:49|fr:30|ru:15|ar:11|other:5|zh:1|nl:1
2026-08-18T01:20:25Z,498566,en:6233|de:3341|es:1527|pt:890|fr:691|fi:497|sv:42|bg:29
2026-08-18T01:20:25Z,460630,en:10637|pt:1431|es:488|fr:125|de:86|nl:35|pl:32|it:23|ar:22|ja:17
2026-08-18T01:20:25Z,493057,ru:5166|pt:3766|en:3711|es:158|zh:80|el:71|de:54|tr:20|ja:14|hu:9
2026-08-18T01:20:25Z,19619,pt:9558|es:699|en:334|sv:11|pl:1|other:1
2026-08-18T01:20:25Z,509659,en:9324|pt:750|es:303|fr:125|ja:46|it:10|ru:2|other:2|de:2
2026-08-18T01:20:25Z,2128193047,en:11449
2026-08-18T01:20:25Z,624536948,en:4074|pt:2781|es:804|de:767|fr:397|it:253|ar:45|pl:10|ru:8|other:3
2026-08-18T01:20:25Z,509660,en:7376|es:733|pt:417|ja:259|zh:209|fr:103|ko:59|th:55|de:32|ru:31
2026-08-18T01:20:25Z,852009328,en:4553|de:2386|pt:1389|ru:776|es:155|ar:45|fr:38|ja:37|zh:35|tr:17
2026-08-18T01:20:25Z,670138298,en:8535|ar:2|fr:0
2026-08-18T01:20:25Z,1036710512,en:4934|ja:1600|de:506|es:356|pt:261|fr:156|ru:55|zh:24|no:20|ar:14
2026-08-18T01:20:25Z,30921,en:4228|fr:2212|es:748|pt:149|ar:41|pl:34|de:34|ru:15|it:8|sk:4
2026-08-18T01:20:25Z,2132205352,en:6694|ru:548|pt:361|es:59|pl:46|ja:32|fr:15|tr:1|tl:1|sv:1
2026-08-18T01:20:25Z,459931,en:7745|fi:70|fr:37|pt:31|es:10|pl:3
2026-08-18T01:20:25Z,386821,en:4016|pt:1571|es:836|zh:537|ja:221|de:201|ru:198|th:118|fr:70|tr:16
2026-08-18T01:20:25Z,369252,en:7706|pt:171|es:36|fr:2
2026-08-18T01:20:25Z,23020,en:5684|es:931|pt:290|ru:133|fr:74|ar:64|de:18|zh:13|pl:6|ja:6
2026-08-18T01:20:25Z,26936,en:6197|pt:569|es:273|zh:83|ja:70|other:48|de:37|it:14|fr:13|ru:5
2026-08-18T01:20:25Z,630009802,en:7541|de:78|pt:69|es:56|fr:14|ja:11|ru:5|ar:4|it:1
2026-08-18T01:20:25Z,2012789438,en:7289|fr:140|pt:134|ar:65|es:50|de:18|ja:6|el:3|pl:2|it:2
2026-08-18T01:20:25Z,138585,en:5064|ja:991|pt:658|ar:392|fr:301|de:85|ru:77|es:58|it:10|zh:2
2026-08-18T01:20:25Z,24241,en:6847|ja:292|es:109|pt:104|zh:101|fr:38|de:31|sv:1
2026-08-18T01:20:25Z,513181,en:5429|es:481|pt:466|ja:210|ru:202|fr:131|tl:54|de:19|tr:8|it:5
2026-08-18T01:20:25Z,499003,en:7149|es:123|pt:52|de:3|fr:2
2026-08-18T01:20:25Z,518203,en:4320|it:1276|ru:978|de:291|es:171|pt:32|fr:4|zh:1
2026-08-18T01:20:25Z,1122982998,de:5919|en:566|pt:74|es:64|fr:14|ru:12|ar:9|ja:2|ca:1
2026-08-18T01:20:25Z,66082,en:6103|es:380|pt:109|hu:71|ja:54|pl:25|fr:23|de:6|ru:4|it:4
2026-08-18T01:20:25Z,27284,en:4874|pt:710|es:401|ja:182|de:45|fr:27|it:17|ru:13|other:2|no:1
2026-08-18T01:20:25Z,512953,en:3377|zh:1509|ja:305|pt:297|de:153|es:152|ru:109|fr:92|ar:90|uk:39
2026-08-18T01:20:25Z,27546,en:4377|pl:1441|ru:106|es:90|ja:67|uk:23|fr:11|pt:8|cs:2|ko:1
2026-08-18T01:20:25Z,1590027940,en:5777
2026-08-18T01:20:25Z,263490,en:2560|ja:1170|ru:889|es:254|pt:227|fr:170|it:105|de:39|pl:18|hu:18
2026-08-18T01:20:25Z,29307,en:4308|ru:361|es:297|pt:219|zh:45|ja:25|de:14|fr:9|tr:4|pl:2
2026-08-18T01:20:25Z,1669431183,en:4489|fr:618|ja:146|de:86|pt:52|es:11|da:2|other:1
2026-08-18T01:20:25Z,464339927,en:4154|ru:226|pt:204|es:127|fr:78|de:74|ar:31|ja:28|uk:12|it:2
2026-08-18T01:20:25Z,493959,pt:1939|en:1929|ru:580|es:88|fr:82|de:78|it:9|ar:5|th:1
2026-08-18T01:20:25Z,509663,de:2163|en:2059|ja:140|es:82|pt:80|fr:35|ru:11|ar:5|tl:0
2026-08-18T01:20:25Z,2112738408,en:4365|es:16|pt:3|fr:2|ja:1|sv:0
2026-08-18T01:20:25Z,513143,en:2431|pt:808|es:733|ja:152|fr:91|de:12|zh:3|ru:2|th:1
2026-08-18T01:20:25Z,1337444628,en:4561|ar:15|pt:12|fr:8|es:8|ru:2|tr:1|ja:1|it:1|de:1
2026-08-18T01:20:25Z,13332,en:4091|pt:137|zh:29|ja:14|es:7
2026-08-18T01:20:25Z,369418,pt:233|en:168|es:32|cs:2|ru:1
2026-08-18T01:20:25Z,2748,en:3700|it:214|pt:136|es:7
2026-08-18T01:20:25Z,272263131,en:3683|zh:230|ja:178|de:22|es:6|fr:5|ru:1|other:1|fi:0|ca:0
2026-08-18T01:20:25Z,417528,pt:1453|es:1315|en:1181|fr:35|ru:27|pl:8|zh:7|tr:7|tl:1|ja:1
2026-08-18T01:20:25Z,499634,en:4000|pt:372|ru:216|fr:19|es:11|de:10|it:1
2026-08-18T01:20:25Z,766571430,en:3163|es:218|pt:171|fr:12|de:10|zh:4|ru:4|uk:1|it:1|asl:0
2026-08-18T01:20:25Z,498592,fr:1737|es:331|en:290|ru:288|de:182|it:169|zh:162|pl:76|ar:72|hu:57
2026-08-18T01:20:25Z,497057,en:3005|es:68|pt:33|de:29|it:5|ar:5|fr:3|pl:1|ja:0
2026-08-18T01:20:25Z,401587136,en:1572|pt:687|es:328|ru:288|de:64|fr:55|ja:26|da:8|zh:6|tr:4
2026-08-18T01:20:25Z,1678532194,en:2709|ar:10|bg:1
2026-08-18T01:20:25Z,66170,en:2357|es:349|pt:103|ru:34|fr:32|ja:4|zh:3|other:3|it:3|ar:3
2026-08-18T01:20:25Z,1494,en:2212|es:271|pt:117|fr:90|de:36|it:11|ar:7|other:5|ja:5|nl:3
2026-08-18T01:20:25Z,518184,en:2700|es:105|fr:72|pt:65|de:38|it:26|ru:2|ja:2
2026-08-18T01:20:25Z,504463,en:2459|es:56|pt:52|ja:52|zh:46|de:8|ru:6|fr:4
2026-08-18T01:20:25Z,488190,en:1738|pt:353|uk:248|ru:227|de:72|es:68|zh:1|pl:1
2026-08-18T01:20:25Z,1471610418,en:2769
2026-08-18T01:20:25Z,65632,en:2411|es:135|pt:98|pl:39|fr:34|ru:9|uk:1|fi:1
2026-08-18T01:20:25Z,1282866981,en:1691|es:267|zh:241|pt:196|fr:111|ja:68|de:55|it:15|ru:13|ar:9
2026-08-18T01:20:25Z,1435206302,en:2529|ja:92|sv:1|ru:1
2026-08-18T01:20:25Z,1931693784,en:2543|es:54|pt:32|ja:16|de:5
2026-08-18T01:20:25Z,55453844,en:1693|ja:814|pt:217|zh:77|es:67|fr:34|de:2|it:1
2026-08-18T01:20:25Z,509511,en:2432|es:97|de:3
2026-08-18T01:20:25Z,1902038687,de:2230
2026-08-18T01:20:25Z,2059463486,en:2371|es:30|other:16|pt:4|de:3
2026-08-18T01:20:25Z,2013539540,en:2064|pt:357|de:1|fr:0
2026-08-18T01:20:25Z,210472759,en:2166|es:62|pt:14|fr:12|ru:4|de:3|ar:2
2026-08-18T01:20:25Z,1846293708,en:2182|pt:76|es:21|ja:3
2026-08-18T01:20:25Z,168648543,en:1599|pt:235|ru:99|es:93|fr:56|ja:22|ar:2|uk:1|pl:1|other:1
2026-08-18T01:20:25Z,2094865572,en:2091|es:79|pt:59|de:22
2026-08-18T01:20:25Z,415998825,en:2132|ru:26|ar:1
2026-08-18T01:20:25Z,500188,en:1610|pt:289|es:145|ru:91|de:47|fr:41|zh:1|tl:1|tr:0
2026-08-18T01:20:25Z,34134,en:776|fr:423|es:194|de:101|pt:9|ar:9|ja:2
2026-08-18T01:20:25Z,723826053,en:2045|ja:1
2026-08-18T01:20:25Z,509577,en:1814|pt:83|es:69|de:3|zh:1
2026-08-18T01:20:25Z,19976,en:1547|zh:403|ja:50|pt:8|es:5|fr:2
2026-08-18T02:32:53Z,509658,en:277183|pt:26375|es:25432|ru:10942|zh:6099|fr:4307|de:3939|ja:2268|ko:1383|pl:1039
2026-08-18T02:32:53Z,491931,en:71522|ja:13463|zh:932|fr:848|ru:646|pt:501|it:314|es:292|hu:94|pl:90
2026-08-18T02:32:53Z,21779,en:30076|es:12805|de:5981|pt:4939|ja:2466|fr:2168|zh:1212|ru:226|th:58|zh-hk:40
2026-08-18T02:32:53Z,32982,en:28568|pt:10847|fr:10012|es:7524|de:2255|ru:201|ar:127|it:121|other:120|zh:36
2026-08-18T02:32:53Z,509672,en:50350|de:1845|es:474|ja:313|it:312|nl:261|ru:190|uk:185|pt:122|fr:116
2026-08-18T02:32:53Z,491487,en:24495|ja:12179|es:8631|pt:3029|ar:2180|fr:268|zh:132|de:125|ru:81|it:33
2026-08-18T02:32:53Z,516575,en:27085|es:5433|fr:4720|pt:4394|ja:2919|zh:2144|de:1240|ru:729|ar:278|pl:134
2026-08-18T02:32:53Z,33214,en:25376|es:6790|pt:1367|fr:611|de:293|ru:194|ar:176|it:104|ja:51|other:14
2026-08-18T02:32:53Z,1081998272,es:32755|en:3824|pt:432|ru:37|fr:27|ja:19|zh:18|other:1
2026-08-18T02:32:53Z,32399,en:14464|pt:8304|ru:2622|es:2496|pl:2456|it:278|de:229|tl:213|fr:131|uk:69
2026-08-18T02:32:53Z,27471,en:23780|es:3556|pt:783|ru:745|de:435|ja:254|fr:162|ar:129|pl:58|sv:47
2026-08-18T02:32:53Z,1264310518,en:26499|es:1497|pt:1139|ar:290|ja:160|fr:56|ru:50|de:42|zh:13|other:13
2026-08-18T02:32:53Z,31339,en:26317|pt:1750|es:772|fr:136|zh:25|ru:21|ja:19|cs:11|fi:4
2026-08-18T02:32:53Z,511224,en:25274|ja:1426|es:652|zh:233|ar:174|ru:119|pt:115|fr:70|th:41|no:20
2026-08-18T02:32:53Z,515025,en:21383|es:1946|ja:1515|pt:838|ar:441|fr:197|ru:133|zh:60|it:59|th:40
2026-08-18T02:32:53Z,1832841853,en:18240|ru:3044|es:1624|pt:1033|zh:421|fr:325|de:312|ar:103|other:96|no:29
2026-08-18T02:32:53Z,29595,ru:14562|pt:3822|en:1897|es:311|uk:157|de:31|tl:8|other:6|fr:6|bg:5
2026-08-18T02:32:53Z,626298054,en:18319|es:95
2026-08-18T02:32:53Z,498566,en:7868|es:4660|de:3785|fr:786|pt:772|fi:496|sv:38|bg:28
2026-08-18T02:32:53Z,512710,en:12548|es:2400|pt:789|fr:413|de:411|it:29|ar:25|nl:8|ru:7|other:4
2026-08-18T02:32:53Z,499973,en:11310|de:1784|fr:1380|es:671|ja:267|pt:54|bg:10|ru:4|ca:2|other:1
2026-08-18T02:32:53Z,18122,en:12995|pt:800|es:507|de:238|fr:154|sv:60|ru:58|uk:44|ar:36|zh:12
2026-08-18T02:32:53Z,509659,en:12310|es:379|fr:144|pt:141|ja:42|other:3|ru:2|de:1
2026-08-18T02:32:53Z,460630,en:9034|pt:1621|es:649|fr:85|de:44|nl:24|ja:21|it:13|th:7|zh:4
2026-08-18T02:32:53Z,676802825,pt:8031|en:3591|es:194|ja:56|fr:24|ar:7|ru:3|other:3|it:1
2026-08-18T02:32:53Z,29452,pt:6538|en:3291|es:970|ru:425|pl:416
2026-08-18T02:32:53Z,213975850,pt:10302|en:300|es:57|ja:6
2026-08-18T02:32:53Z,2128193047,en:10454|es:5
2026-08-18T02:32:53Z,624536948,en:4081|pt:4047|es:803|de:675|fr:225|it:34|ar:19|ru:6|id:3|pl:2
2026-08-18T02:32:53Z,467969510,en:9532
2026-08-18T02:32:53Z,509660,en:6304|es:863|zh:428|ja:401|pt:266|fr:79|ru:63|th:22|other:9|tr:3
2026-08-18T02:32:53Z,19619,pt:7302|es:757|en:312|pl:1
2026-08-18T02:32:53Z,1036710512,en:5003|ja:1390|de:527|es:334|pt:229|fr:88|ru:45|zh:30|ar:28|zh-hk:4
2026-08-18T02:32:53Z,23020,en:5846|es:1183|pt:356|ar:55|ru:50|fr:43|de:22|zh:18|ja:8|it:2
2026-08-18T02:32:53Z,2012789438,en:7423|pt:140|ar:106|fr:86|es:58|de:19|ja:11|el:3|pl:2|other:1
2026-08-18T02:32:53Z,386821,en:3979|pt:1244|es:852|zh:652|ja:266|ru:204|de:169|th:98|fr:52|ro:16
2026-08-18T02:32:53Z,670138298,en:6717|other:804|ar:1
2026-08-18T02:32:53Z,30921,en:4541|fr:2161|es:599|pt:97|de:62|pl:26|ar:22|ru:17|ja:16|it:12
2026-08-18T02:32:53Z,499003,en:6948|es:134|pt:107|de:1
2026-08-18T02:32:53Z,852009328,en:3764|de:2112|ru:697|pt:326|es:122|ja:51|ar:41|fr:34|tr:16|zh:12
2026-08-18T02:32:53Z,24241,en:5848|ja:329|es:143|pt:79|zh:43|other:24|fr:18|it:5|sv:1
2026-08-18T02:32:53Z,27284,en:5456|pt:762|es:500|ja:194|de:59|fr:19|ru:8|other:4|no:1
2026-08-18T02:32:53Z,518203,en:4524|ru:1058|it:527|de:334|es:44|pt:5|zh:1|fr:1
2026-08-18T02:32:53Z,698700926,en:6877
2026-08-18T02:32:53Z,26936,en:5326|zh:201|es:109|de:45|pt:11|pl:7|other:7|fr:7|ru:6|it:6
2026-08-18T02:32:53Z,630009802,en:6492|es:75|de:71|pt:56|ja:12|fr:10|ar:6|ru:2
2026-08-18T02:32:53Z,2132205352,en:5850|pt:260|ru:222|es:70|pl:30|ja:30|fr:12|de:6|ar:3|sv:2
2026-08-18T02:32:53Z,884569009,en:6024|pt:81|es:75|ru:19
2026-08-18T02:32:53Z,459931,en:6058|pt:36|es:9
2026-08-18T02:32:53Z,513143,en:3065|pt:782|zh:763|es:656|ja:175|it:124|fr:104|de:18|pl:11|ru:4
2026-08-18T02:32:53Z,1669431183,en:5001|id:185|fr:84|pt:62|de:62|es:10|other:1|da:1
2026-08-18T02:32:53Z,138585,en:3000|ja:1067|pt:639|ru:369|fr:242|es:66|zh:9|it:9|sk:1
2026-08-18T02:32:53Z,1057274213,en:5454
2026-08-18T02:32:53Z,27546,en:3870|pl:1161|ja:106|es:106|ru:78|fr:8|pt:3|tr:1|ko:1
2026-08-18T02:32:53Z,512953,en:2687|de:2161|zh:1614|es:289|ar:131|pt:104|ru:82|uk:41|fr:20|ja:11
2026-08-18T02:32:53Z,464339927,en:4262|ru:198|pt:147|es:104|ja:61|de:43|fr:26|ar:17|uk:12|other:6
2026-08-18T02:32:53Z,499634,en:3324|ru:1294|pt:335|fr:35|es:10|it:1|de:1
2026-08-18T02:32:53Z,513181,en:2429|pt:1154|es:636|ja:262|ru:169|fr:50|zh:32|de:18|th:8|it:7
2026-08-18T02:32:53Z,493057,pt:2838|en:1163|ru:249|es:223|zh:101|el:70|de:20|tr:19|ja:17|th:7
2026-08-18T02:32:53Z,263490,en:1946|ja:953|ru:799|es:225|it:206|pt:169|fr:148|pl:16|hu:16|cs:2
2026-08-18T02:32:53Z,2112738408,en:4374|es:14|pt:8|other:1|ja:1|fr:1|de:1|sv:0
2026-08-18T02:32:53Z,493959,en:1985|pt:1488|es:504|ru:91|fr:30|de:25|ar:8|it:5|th:2
2026-08-18T02:32:53Z,1337444628,en:4027|ar:58|es:14|pt:9|ja:3|ru:2
2026-08-18T02:32:53Z,272263131,en:3587|zh:232|ja:220|de:26|es:6|fr:4|ru:1|other:1|fi:1|ca:0
2026-08-18T02:32:53Z,29307,en:3219|ru:327|es:261|pt:212|zh:63|ja:29|de:11|fr:6|tr:4|th:0
2026-08-18T02:32:53Z,498592,fr:1811|en:728|es:314|ru:207|zh:178|de:164|it:137|pt:92|pl:71|ar:68
2026-08-18T02:32:53Z,497057,en:3633|es:70|de:16|pt:9|ar:6|ru:3|pl:2|fr:2|it:1
2026-08-18T02:32:53Z,417528,es:1709|en:1145|pt:882|fr:31|ru:30|ja:17|zh:16|tr:10|pl:10|tl:1
2026-08-18T02:32:53Z,2748,en:3589|pt:111|ja:63|es:2|fr:0
2026-08-18T02:32:53Z,512980,en:3367|es:136|pt:99|fr:26|ru:13|de:1
2026-08-18T02:32:53Z,1820839024,en:3441|es:69|pt:49|ja:11|ru:4|fr:1
2026-08-18T02:32:53Z,13332,en:3348|zh:42|ja:42|pt:35|es:3
2026-08-18T02:32:53Z,509663,en:1955|de:1031|es:289|ja:171|pt:45|fr:21|ar:12|tl:1
2026-08-18T02:32:53Z,1678532194,en:2944|ar:13|bg:6
2026-08-18T02:32:53Z,66082,en:2736|es:133|pt:69|hu:60|ja:51|fr:43|ru:13|other:9|de:3|ar:3
2026-08-18T02:32:53Z,766571430,en:2735|es:254|pt:40|zh:7|fr:6|ru:2|tl:1|tr:0
2026-08-18T02:32:53Z,401587136,en:1740|pt:495|es:383|ru:285|fr:34|ja:21|de:21|da:5|zh:2|tr:2
2026-08-18T02:32:53Z,65876,en:2845|es:66|pt:64|fr:33|ru:8|de:2|ja:1
2026-08-18T02:32:53Z,1494,en:2359|es:359|pt:86|fr:75|de:39|it:5|ja:3|ar:3|other:1|da:1
2026-08-18T02:32:53Z,1286077738,en:2544|ja:121|pt:70|es:56|de:7|zh:6|th:6|fr:4|pl:2|ru:1
2026-08-18T02:32:53Z,55453844,ja:1500|en:1173|zh:88|pt:48|es:42|other:34|fr:3
2026-08-18T02:32:53Z,65632,en:2675|es:95|pt:58|fr:38|ru:14|ja:5|pl:2|uk:1|de:1
2026-08-18T02:32:53Z,1471610418,en:2781
2026-08-18T02:32:53Z,723826053,en:2617|es:5|pt:1|ja:1
2026-08-18T02:32:53Z,66170,en:2265|es:226|pt:73|ru:23|fr:19|ja:12|zh:9|ar:5|it:2|pl:1
2026-08-18T02:32:53Z,509511,en:2305|es:125|de:3|nl:1
2026-08-18T02:32:53Z,1282866981,en:1556|zh:270|es:196|pt:152|ru:100|ja:71|de:70|fr:35|ar:12|it:4
2026-08-18T02:32:53Z,504463,en:2358|zh:51|es:41|pt:27|ja:19|ru:11|de:11|fr:6
2026-08-18T02:32:53Z,168648543,en:1778|pt:303|es:143|ja:17|fr:17|de:13|other:3|hu:1
2026-08-18T02:32:53Z,2692,en:2336|es:20|ja:2|pt:1
2026-08-18T02:32:53Z,2013539540,en:1907|pt:326
2026-08-18T02:32:53Z,18707,en:2213|es:21|pt:9|fr:5|ar:3
2026-08-18T02:32:53Z,1846293708,en:2144|es:34|ja:7|pt:6
2026-08-18T02:32:53Z,415998825,en:2002
2026-08-18T02:32:53Z,653624336,en:1709|de:346|es:136|pt:39|ru:8|other:1|ar:1
2026-08-18T02:32:53Z,1122982998,en:588|pt:35|es:29|ja:23|fr:17|de:1|ca:1
2026-08-18T02:32:53Z,518184,en:1761|es:148|pt:72|de:23|fr:17|ja:12|ru:11|it:1
2026-08-18T02:32:53Z,500188,en:1553|pt:151|es:143|ru:67|de:42|fr:20|ar:3|zh:1
2026-08-18T02:32:53Z,19976,en:1600|zh:282|ja:46|pt:9|es:5|th:4|fr:1
2026-08-18T02:32:53Z,2094865572,en:1875|es:94|fr:8|pt:7|ru:3
2026-08-18T03:26:04Z,509658,en:205184|pt:20052|es:17836|ru:8938|zh:6015|de:4601|fr:4447|ja:2361|ko:1487|it:556
2026-08-18T03:26:04Z,491931,en:69556|ja:16789|fr:1163|zh:998|ru:467|pt:307|es:241|de:129|pl:77|hu:57
2026-08-18T03:26:04Z,728868394,en:58287|es:6
2026-08-18T03:26:04Z,491487,en:23235|ja:16619|es:8848|pt:2860|ar:2239|fr:206|zh:152|ru:128|de:66|tl:21
2026-08-18T03:26:04Z,21779,en:29104|es:12039|pt:4244|ja:2296|fr:1237|zh:1094|de:639|ru:267|th:75|zh-hk:35
2026-08-18T03:26:04Z,516575,en:24025|es:5518|ja:4530|zh:4183|pt:2372|fr:2132|de:874|ru:690|ar:352|pl:104
2026-08-18T03:26:04Z,32982,en:25144|pt:8593|es:7414|fr:3393|de:569|other:187|ru:157|ar:97|it:56|zh:34
2026-08-18T03:26:04Z,1081998272,es:41857|en:3425|pt:215|ru:36|zh:21|ja:11|fr:4|other:3
2026-08-18T03:26:04Z,33214,en:24630|es:4947|pt:1378|fr:447|ru:422|de:166|ar:133|it:109|ja:38|other:13
2026-08-18T03:26:04Z,27471,en:26517|es:2591|pt:960|ru:509|de:417|ja:283|ar:83|fr:82|sv:77|pl:46
2026-08-18T03:26:04Z,32399,en:12323|ru:7871|pt:6891|es:2074|pl:1926|de:345|fr:119|it:107|uk:42|hu:35
2026-08-18T03:26:04Z,1264310518,en:23344|es:1561|pt:999|ar:274|ja:169|fr:141|ru:70|de:48|other:18|zh:11
2026-08-18T03:26:04Z,515025,en:21697|ja:2242|es:1830|pt:714|ar:420|fr:145|ru:128|zh:90|th:70|de:26
2026-08-18T03:26:04Z,29595,ru:19230|pt:3591|en:2048|es:337|uk:113|de:17|th:9|tl:8|fr:4|zh:2
2026-08-18T03:26:04Z,509672,en:19390|de:2104|es:440|ja:301|pt:276|it:240|nl:230|uk:176|ru:133|fr:107
2026-08-18T03:26:04Z,1832841853,en:15649|ru:3227|es:1549|pt:793|zh:458|fr:263|de:120|other:108|ar:73|ja:11
2026-08-18T03:26:04Z,511224,en:15008|ja:1549|es:694|zh:640|ar:167|de:161|ru:76|pt:71|fr:47|th:37
2026-08-18T03:26:04Z,626298054,en:21330|es:166
2026-08-18T03:26:04Z,512710,en:13381|es:2544|pt:649|de:133|fr:132|ar:58|ru:15|nl:14|it:13|other:6
2026-08-18T03:26:04Z,126542259,en:16977
2026-08-18T03:26:04Z,498566,en:6495|es:3687|de:3080|pt:883|fr:800|fi:480|th:103|ko:0
2026-08-18T03:26:04Z,460630,en:12954|pt:882|es:298|fr:33|ja:22|it:9|de:9|th:6|zh:3|hu:3
2026-08-18T03:26:04Z,18122,en:12415|pt:627|es:521|de:223|ru:96|fr:80|ar:46|uk:43|zh:9|tr:3
2026-08-18T03:26:04Z,499973,en:10410|fr:1265|de:1116|es:666|ja:283|pt:13|bg:9|ru:4|other:1|nl:1
2026-08-18T03:26:04Z,31339,en:10603|pt:1559|es:457|other:82|fr:58|ru:34|zh:29|ja:22|cs:12
2026-08-18T03:26:04Z,624536948,pt:7448|en:3765|es:894|de:341|fr:191|ru:30|ar:29|it:3|ro:1|ko:1
2026-08-18T03:26:04Z,509659,en:9836|es:587|fr:112|pt:106|ja:56|other:2|ru:1|de:1
2026-08-18T03:26:04Z,676802825,pt:6732|en:3130|es:157|ja:49|ar:5|other:1
2026-08-18T03:26:04Z,29452,pt:5056|en:3216|ru:776|pl:695|es:61
2026-08-18T03:26:04Z,24193,en:8923|es:222|pt:7
2026-08-18T03:26:04Z,670138298,en:6869|other:1090|fr:2
2026-08-18T03:26:04Z,2012789438,en:7839|fr:105|ar:77|es:60|pt:23|ja:4|de:4|pl:2|other:1
2026-08-18T03:26:04Z,509660,en:5403|es:885|zh:462|ja:446|pt:188|th:52|fr:42|ru:11|other:10|de:8
2026-08-18T03:26:04Z,698700926,en:7574
2026-08-18T03:26:04Z,24241,en:6769|ja:475|es:79|pt:54|other:35|zh:30|fr:11|sv:1
2026-08-18T03:26:04Z,23020,en:5533|es:945|pt:277|fr:132|ar:68|ru:47|zh:20|de:13|ja:10|it:8
2026-08-18T03:26:04Z,1036710512,en:4141|ja:1210|pt:447|de:429|es:254|fr:80|ru:69|zh:28|ar:24|zh-hk:7
2026-08-18T03:26:04Z,386821,en:3653|pt:1152|es:763|zh:556|ja:226|ru:194|th:124|fr:51|de:32|tr:18
2026-08-18T03:26:04Z,512953,en:3057|zh:1582|de:1471|es:258|ru:74|pt:74|ar:37|fr:18|ja:15|th:10
2026-08-18T03:26:04Z,2132205352,en:6129|pt:173|ru:104|es:90|ja:62|sv:2|tr:1|fr:1|ar:1
2026-08-18T03:26:04Z,27284,en:4978|pt:666|es:521|ja:204|de:61|fr:25|ru:10|other:5|no:1
2026-08-18T03:26:04Z,513143,en:3120|zh:1164|es:924|pt:705|ja:409|it:133|fr:45|pl:1|de:1
2026-08-18T03:26:04Z,26936,en:4931|zh:157|es:112|de:39|ja:12|fr:9|other:8|ru:6|pt:6|it:6
2026-08-18T03:26:04Z,459931,en:5853|pt:34|es:12
2026-08-18T03:26:04Z,19619,pt:5140|es:515|en:302|pl:2
2026-08-18T03:26:04Z,1669431183,en:5252|id:130|de:89|fr:34|pt:23|ja:4|es:4|other:1|da:1
2026-08-18T03:26:04Z,852009328,en:3731|ru:723|de:536|pt:244|ja:80|es:76|fr:27|th:11|ca:6|zh:2
2026-08-18T03:26:04Z,499003,en:5231|es:135|pt:66|ja:3|de:2|ru:1
2026-08-18T03:26:04Z,30921,en:4149|es:481|pt:84|fr:77|de:68|ar:51|pl:24|ja:14|other:4|ru:2
2026-08-18T03:26:04Z,531697421,en:5213|es:3
2026-08-18T03:26:04Z,1820839024,en:4712|es:64|ja:12|pt:10|fr:3|ru:2
2026-08-18T03:26:04Z,464339927,en:4091|ru:194|es:118|pt:91|ja:34|de:33|ar:30|fr:23|uk:14|other:5
2026-08-18T03:26:04Z,630009802,en:4576|ja:109|pt:86|es:74|de:66|fr:12|ar:5|ru:3
2026-08-18T03:26:04Z,138585,en:3229|pt:662|ru:389|fr:236|ja:217|es:49|it:12|ar:10|zh:7|el:1
2026-08-18T03:26:04Z,493057,en:3104|pt:458|es:434|zh:145|ru:139|el:69|th:59|fr:30|de:20|ja:12
2026-08-18T03:26:04Z,884569009,en:4321|es:79|pt:57|ru:17
2026-08-18T03:26:04Z,2112738408,en:4364|es:12|pt:7|sv:1|ja:1|fr:1
2026-08-18T03:26:04Z,263490,en:1822|ja:814|ru:732|es:238|it:198|pt:141|fr:141|hu:18|pl:15|uk:3
2026-08-18T03:26:04Z,272263131,en:3653|ja:259|zh:222|de:32|es:6|fr:4|ru:1|other:1|fi:1|ca:0
2026-08-18T03:26:04Z,29307,en:3408|ru:303|es:153|pt:151|zh:83|ja:37|de:21|fr:9|th:1
2026-08-18T03:26:04Z,27546,en:3674|ja:142|es:89|ru:79|pl:34|fr:10|zh:7|de:2|uk:1|pt:1
2026-08-18T03:26:04Z,513181,en:1681|pt:890|es:623|ja:309|ru:247|fr:62|zh:37|de:13|tl:9|it:7
2026-08-18T03:26:04Z,1294658629,en:3559|es:204|pt:25|de:23|ja:16|fr:8|ru:5
2026-08-18T03:26:04Z,55453844,ja:2883|en:826|zh:83|es:55|pt:47|other:42
2026-08-18T03:26:04Z,1727390444,en:3858
2026-08-18T03:26:04Z,499634,en:3083|pt:370|ru:205|fr:29|es:7|it:1|de:1
2026-08-18T03:26:04Z,498592,fr:1553|en:671|es:325|ru:271|zh:212|de:171|pt:127|it:121|hu:80|ar:70
2026-08-18T03:26:04Z,497057,en:3454|es:78|de:16|ar:8|pt:7|pl:1|ja:0
2026-08-18T03:26:04Z,13332,en:3168|zh:58|ja:47|pt:5|es:3
2026-08-18T03:26:04Z,417528,es:2131|pt:753|en:394|ru:40|ja:25|fr:19|zh:16|pl:2|tl:1
2026-08-18T03:26:04Z,1337444628,en:3261|ar:27|pt:12|es:12|fr:2|ru:1|it:1
2026-08-18T03:26:04Z,18707,en:3326|es:17|pt:1|ar:1
2026-08-18T03:26:04Z,493959,en:1932|es:540|pt:491|ru:124|fr:30|de:30|ar:12|th:2
2026-08-18T03:26:04Z,766571430,en:2602|es:197|pt:22|fr:4|zh:1|tr:1|ru:1|hi:1
2026-08-18T03:26:04Z,66082,en:2129|es:110|pt:55|ja:42|other:14|fr:4|ru:2|it:2|de:2|zh:1
2026-08-18T03:26:04Z,1678532194,en:2479|ar:2
2026-08-18T03:26:04Z,65876,en:2603|pt:41|es:41|fr:17|ru:8|ja:1|de:1
2026-08-18T03:26:04Z,1494,en:2035|es:331|fr:56|pt:55|de:27|ja:5|ar:4|it:2|other:0
2026-08-18T03:26:04Z,65632,en:2389|pt:42|es:33|fr:13|ru:10|ja:3|uk:1|pl:1|de:1
2026-08-18T03:26:04Z,509663,en:1420|de:993|ja:144|pt:48|es:35|fr:14|ar:3|tl:1
2026-08-18T03:26:04Z,1122982998,es:1836|en:796|pt:37|ja:20|ca:1
2026-08-18T03:26:04Z,401587136,en:1603|pt:377|ru:322|es:224|fr:27|ja:22|de:15|zh:3|cs:2|it:1
2026-08-18T03:26:04Z,723826053,en:2613|ja:0
2026-08-18T03:26:04Z,1286077738,en:2259|ja:130|es:52|pt:45|zh:5|de:5|fr:3|th:2|pl:1
2026-08-18T03:26:04Z,518203,en:2037|ru:495|es:91|pt:1|it:1|de:1
2026-08-18T03:26:04Z,66170,en:2130|es:209|pt:64|ru:16|ja:11|zh:9|fr:9|pl:1|other:1|it:0
2026-08-18T03:26:04Z,2748,en:2252|pt:60|es:4|fr:1
2026-08-18T03:26:04Z,504463,en:2239|zh:46|es:25|ja:16|pt:15|ru:10|fr:9|de:9
2026-08-18T03:26:04Z,19976,en:1629|zh:634|ja:56|pt:9|es:9|th:7|fr:1
2026-08-18T03:26:04Z,509511,en:2118|es:134|nl:4|de:3
2026-08-18T03:26:04Z,415998825,en:2240
2026-08-18T03:26:04Z,1282866981,en:1327|zh:331|ru:142|pt:127|de:106|ja:73|es:60|fr:14|th:9|it:3
2026-08-18T03:26:04Z,116747788,en:2122|zh:11|de:2|tl:1
2026-08-18T03:26:04Z,168648543,en:1718|pt:164|es:96|ja:29|de:10|fr:5|other:3|hu:1|ru:0
2026-08-18T03:26:04Z,34134,en:1737|es:173|de:60|fr:13|ar:11|pt:9|ja:1
2026-08-18T03:26:04Z,1169827,en:2026|ru:69
2026-08-18T03:26:04Z,2013539540,en:1770|pt:286|fr:0
2026-08-18T03:26:04Z,2692,en:2042|es:33|ja:2
2026-08-18T03:26:04Z,518184,en:1653|es:177|pt:46|fr:23|ja:14|de:11|other:7
2026-08-18T03:26:04Z,500188,en:2168|es:94|ru:90|pt:87|fr:32|de:31|ar:5|it:3|zh:1|tr:1
2026-08-18T04:05:04Z,509658,en:152631|es:20243|ru:13593|pt:8754|zh:7708|fr:3202|ja:2764|de:1965|ko:1412|it:531
2026-08-18T04:05:04Z,491931,en:63279|ja:18564|fr:1080|pt:555|ru:441|es:215|de:126|hu:72|zh:46|pl:38
2026-08-18T04:05:04Z,728868394,en:62637|es:9
2026-08-18T04:05:04Z,491487,en:24781|ja:17042|es:9789|pt:2679|ar:213|ru:170|fr:163|zh:150|de:139|it:17
2026-08-18T04:05:04Z,21779,en:26133|es:11313|pt:3973|ja:3439|fr:1308|zh:1244|de:697|ru:334|ko:148|th:90
2026-08-18T04:05:04Z,32982,en:22897|es:8855|pt:6297|fr:2674|de:423|other:205|ru:167|ar:94|it:59|th:41
2026-08-18T04:05:04Z,516575,en:22481|es:4749|ja:4297|zh:3974|pt:2131|fr:1964|ar:385|ru:314|de:143|pl:106
2026-08-18T04:05:04Z,33214,en:24492|es:4874|pt:1026|fr:410|ru:254|de:125|ar:110|it:83|ja:64|other:40
2026-08-18T04:05:04Z,27471,en:23747|es:2267|pt:781|ru:370|de:351|ja:195|fr:63|other:56|pl:41|ar:30
2026-08-18T04:05:04Z,515025,en:22106|ja:2590|es:1885|pt:553|ar:452|zh:125|fr:96|th:93|ru:93|it:24
2026-08-18T04:05:04Z,1264310518,en:22551|es:1179|pt:1035|ar:212|ja:146|fr:106|ru:58|de:55|zh:15|other:6
2026-08-18T04:05:04Z,32399,en:10928|pt:6692|ru:3689|pl:2119|es:1924|fr:91|it:84|de:71|uk:50|hu:36
2026-08-18T04:05:04Z,29595,ru:18047|en:2969|pt:1971|es:379|uk:132|de:14|th:11|ro:9|fr:6|tl:4
2026-08-18T04:05:04Z,1832841853,en:15659|ru:3696|es:1450|pt:583|zh:529|fr:263|other:107|ar:105|de:101|ja:19
2026-08-18T04:05:04Z,490242481,en:19833|fr:46|ro:8|es:8|ja:1
2026-08-18T04:05:04Z,511224,en:13043|ja:1489|zh:829|es:790|de:151|ar:148|ru:107|pt:57|th:40|fr:27
2026-08-18T04:05:04Z,512710,en:12781|es:2865|pt:640|de:120|fr:113|ar:72|ru:15|it:8|other:5|tr:1
2026-08-18T04:05:04Z,509672,en:12751|de:2299|es:422|ja:287|nl:242|pt:189|it:181|uk:163|ru:142|fr:102
2026-08-18T04:05:04Z,1081998272,es:12849|en:3151|pt:112|ru:31|fr:12|ja:9|de:3|zh:2|other:2|ar:1
2026-08-18T04:05:04Z,1435128993,en:14850
2026-08-18T04:05:04Z,498566,en:4928|es:4165|de:3058|pt:616|fr:581|fi:252|th:80|ko:0
2026-08-18T04:05:04Z,499973,en:9561|es:1965|fr:1134|de:975|ja:259|pt:13|bg:8|ru:4|other:1|nl:1
2026-08-18T04:05:04Z,31339,en:11339|pt:1333|es:649|other:76|ru:42|zh:37|fr:30|ja:17|cs:13|fi:4
2026-08-18T04:05:04Z,624536948,pt:8538|en:3573|es:764|de:277|fr:70|ru:42|ar:13|it:2|ro:1|ko:1
2026-08-18T04:05:04Z,18122,en:11638|pt:412|es:387|de:233|ru:107|fr:83|uk:49|ar:34|zh:11|other:0
2026-08-18T04:05:04Z,29452,pt:5531|en:3946|ru:1435|pl:895|es:113
2026-08-18T04:05:04Z,460630,en:10295|pt:692|es:281|fr:23|ja:21|de:12|th:6|ar:4|zh:3|hu:3
2026-08-18T04:05:04Z,509659,en:8981|es:1157|ja:65|fr:42|pt:2|other:2|ru:1|de:1
2026-08-18T04:05:04Z,24193,en:9981|es:243|pt:7|ru:1
2026-08-18T04:05:04Z,512953,en:6146|zh:1635|de:1343|es:272|ru:107|pt:48|ja:46|fr:11|th:7|ar:3
2026-08-18T04:05:04Z,676802825,pt:5877|en:2546|es:139|ja:10|ar:10|other:1
2026-08-18T04:05:04Z,670138298,en:7078|other:1213|fr:2
2026-08-18T04:05:04Z,709941216,en:368|fr:1
2026-08-18T04:05:04Z,1065240035,en:7624
2026-08-18T04:05:04Z,509660,en:4999|es:726|ja:454|zh:412|pt:183|fr:74|th:71|ko:50|de:26|other:17
2026-08-18T04:05:04Z,23020,en:5083|es:1196|pt:260|fr:125|ar:81|ru:62|zh:13|de:10|other:4|ja:4
2026-08-18T04:05:04Z,24241,en:6166|ja:467|es:93|pt:85|zh:55|fr:11|it:5|other:4|sv:1
2026-08-18T04:05:04Z,513143,en:3414|es:1240|zh:1232|pt:545|ja:389|it:135|fr:51|el:5|th:4|de:3
2026-08-18T04:05:04Z,2132205352,en:5743|ru:139|pt:130|es:87|ja:56|sv:3|ar:2|tr:1|fr:1
2026-08-18T04:05:04Z,26936,en:5100|zh:182|es:108|de:54|fr:20|ru:16|da:16|ja:14|it:6|pt:3
2026-08-18T04:05:04Z,386821,en:3522|pt:879|es:623|zh:541|ja:252|ru:207|th:120|fr:43|de:34|it:21
2026-08-18T04:05:04Z,27284,en:4554|pt:574|es:489|ja:196|fr:25|ru:16|fi:13|other:4|de:4|no:1
2026-08-18T04:05:04Z,459931,en:5477|pt:9|es:8
2026-08-18T04:05:04Z,1036710512,en:4052|ja:381|es:307|de:253|pt:88|fr:82|ru:36|zh:29|ar:29|other:0
2026-08-18T04:05:04Z,531697421,en:5369|es:4
2026-08-18T04:05:04Z,498592,de:1556|fr:1391|en:934|pt:475|es:316|ru:271|zh:169|it:91|hu:84|pl:72
2026-08-18T04:05:04Z,1494,en:4644|es:259|pt:36|fr:31|de:14|ar:11|ru:1|it:1|hu:1|sv:0
2026-08-18T04:05:04Z,30921,en:4113|es:574|fr:79|de:73|ar:40|pt:35|pl:11|other:6|no:5|nl:5
2026-08-18T04:05:04Z,1669431183,en:4970|de:100|fr:25|ja:8|pt:4|es:3|other:1|da:1
2026-08-18T04:05:04Z,852009328,en:3134|ru:659|de:403|pt:206|es:104|ja:48|fr:27|th:14|zh:7|ca:6
2026-08-18T04:05:04Z,499003,en:4690|es:144|pt:60|ja:7|ru:2|de:1
2026-08-18T04:05:04Z,2012789438,en:4444|fr:116|ar:82|es:74|pt:13|de:5|pl:2|other:1
2026-08-18T04:05:04Z,19619,pt:3680|es:479|en:235|pl:5|other:1
2026-08-18T04:05:04Z,493057,en:2990|pt:576|es:364|ru:154|zh:127|th:53|fr:25|ja:9|de:4|vi:2
2026-08-18T04:05:04Z,630009802,en:4079|ja:122|es:67|de:62|pt:21|fr:9|ar:4|ru:3
2026-08-18T04:05:04Z,464339927,en:3752|ru:228|es:101|pt:70|ja:33|de:30|fr:19|ar:15|uk:6|other:1
2026-08-18T04:05:04Z,138585,en:2700|pt:633|ru:400|ja:279|fr:233|zh:135|es:17|ar:12|it:11|el:1
2026-08-18T04:05:04Z,29307,en:3750|ru:304|es:144|pt:106|zh:87|de:31|ja:22|th:16|fr:5
2026-08-18T04:05:04Z,55453844,ja:3472|en:695|es:77|pt:59|zh:1
2026-08-18T04:05:04Z,272263131,en:3483|ja:257|zh:211|de:30|es:6|fr:5|ru:2|other:1|fi:1|ca:0
2026-08-18T04:05:04Z,513181,en:1831|pt:830|es:486|ja:352|ru:287|zh:41|fr:32|ar:10|de:9|tl:8
2026-08-18T04:05:04Z,27546,en:3662|ru:115|es:84|pl:41|ja:34|de:17|zh:10|fr:9|uk:3
2026-08-18T04:05:04Z,263490,en:1676|ru:807|ja:759|es:221|it:187|pt:122|fr:75|pl:14|hu:13|uk:5
2026-08-18T04:05:04Z,1294658629,en:2231|es:197|pt:24|ja:18|ru:12|fr:9|de:6
2026-08-18T04:05:04Z,2112738408,en:3507|es:12|pt:6|sv:1|ja:1|fr:1
2026-08-18T04:05:04Z,499634,en:2979|ru:205|pt:195|fr:26|es:8|it:1|de:1
2026-08-18T04:05:04Z,497057,en:3307|es:89|de:14|ar:7|pt:5|pl:1
2026-08-18T04:05:04Z,18707,en:3403|es:11|pt:1|ar:1
2026-08-18T04:05:04Z,417528,es:2097|pt:672|en:401|ru:57|ja:29|zh:16|fr:9|tl:2|pl:2
2026-08-18T04:05:04Z,509663,de:1492|en:1007|ja:153|pt:40|es:35|fr:21|ar:4|tl:1
2026-08-18T04:05:04Z,1820839024,en:2579|es:53|pt:7|ru:6|ja:2
2026-08-18T04:05:04Z,8676,en:2827|es:11
2026-08-18T04:05:04Z,493959,en:1619|es:510|pt:306|fr:17|de:16|ru:5|ar:3|th:1
2026-08-18T04:05:04Z,500188,en:2262|es:93|pt:79|ru:71|de:40|fr:16|ar:5|it:3|zh:1
2026-08-18T04:05:04Z,66082,en:2675|es:80|pt:53|ja:14|ar:6|fr:5|ru:2|it:2|pl:1|other:1
2026-08-18T04:05:04Z,306019403,en:2567
2026-08-18T04:05:04Z,1169827,en:2474|ru:73
2026-08-18T04:05:04Z,13332,en:2314|zh:40|es:3|ja:1
2026-08-18T04:05:04Z,723826053,en:2455|es:2|ja:1
2026-08-18T04:05:04Z,401587136,en:1505|ru:318|pt:275|es:252|fr:24|ja:11|zh:2|de:2
2026-08-18T04:05:04Z,509511,en:1989|es:206|de:3|nl:1
2026-08-18T04:05:04Z,504463,en:2153|zh:50|es:19|pt:15|ja:14|ru:12|fr:8|de:8
2026-08-18T04:05:04Z,1286077738,en:2110|ja:109|es:63|zh:5|th:3|pt:1|de:1
2026-08-18T04:05:04Z,65876,en:954|es:41|ru:23|pt:22|fr:14|zh:5|ja:1|de:1
2026-08-18T04:05:04Z,19976,en:1164|zh:1103|ja:42|es:24|pt:21|th:12|fr:1
2026-08-18T04:05:04Z,34134,en:1941|es:175|de:24|ar:18|fr:13|pt:10|ja:1|it:1|fi:1
2026-08-18T04:05:04Z,766571430,en:1940|es:201|pt:9|tr:1|ja:1|hi:1|fr:1
2026-08-18T04:05:04Z,415998825,en:2227|es:1
2026-08-18T04:05:04Z,1678532194,en:1954|ar:1
2026-08-18T04:05:04Z,66170,en:1906|es:158|pt:49|ja:16|ru:13|zh:10|pl:1|other:1|it:1|da:1
2026-08-18T04:05:04Z,626298054,en:1364|es:795|pt:7
2026-08-18T04:05:04Z,514858,pt:1660|es:227|en:131|ja:14|other:3|zh:1|fr:1
2026-08-18T04:05:04Z,2692,en:1971|es:28|ja:1
2026-08-18T04:05:04Z,65632,en:1954|es:34|ru:29|pt:24|fr:22|ja:6|de:2|uk:1
2026-08-18T04:05:04Z,116747788,en:1954|ru:85|es:2|de:2|tl:1
2026-08-18T04:05:04Z,1122982998,es:967|en:644|pt:34|ja:22|fr:2|ca:1
2026-08-18T04:05:04Z,491168,es:1573|en:361|fr:6|ru:2|pt:2
2026-08-18T04:05:04Z,518203,en:1230|ru:587|es:17|it:6|pt:1|de:1
2026-08-18T04:05:04Z,2748,en:1916|pt:43|es:3
2026-08-18T04:05:04Z,168648543,en:1577|es:97|pt:61|ja:28|ru:18|de:11|fr:6|other:1|hu:1
2026-08-18T04:49:09Z,509658,en:99700|es:12214|ru:9851|zh:7688|pt:4823|ja:3669|fr:2780|de:1966|ko:1346|it:428
2026-08-18T04:49:09Z,491931,en:62812|ja:22500|fr:956|pt:516|ru:398|es:179|de:100|hu:78|zh:34|tr:8
2026-08-18T04:49:09Z,728868394,en:63708|ru:9
2026-08-18T04:49:09Z,491487,en:21117|ja:18295|es:7731|pt:1700|ar:438|ru:257|zh:148|de:148|fr:93|th:14
2026-08-18T04:49:09Z,516575,en:24355|zh:4986|ja:4853|es:4220|pt:1968|fr:1036|ru:396|ar:309|pl:100|de:75
2026-08-18T04:49:09Z,21779,en:20389|es:9723|pt:3991|ja:2864|zh:1965|fr:1247|de:696|ru:283|ko:188|th:96
2026-08-18T04:49:09Z,32982,en:21570|es:8280|pt:3796|ru:882|fr:867|de:399|other:192|ar:102|zh:61|it:54
2026-08-18T04:49:09Z,33214,en:25726|es:4309|pt:918|fr:387|ru:267|de:147|ar:113|ja:61|it:22|tl:18
2026-08-18T04:49:09Z,27471,en:25618|es:2260|pt:737|ru:544|de:304|ja:276|pl:160|fr:45|zh:29|nl:11
2026-08-18T04:49:09Z,34134,en:27597|es:152|de:32|pt:10|ar:5|fi:4|fr:3|it:1
2026-08-18T04:49:09Z,1832841853,en:14917|ru:3757|zh:3213|es:1468|fr:1086|pt:468|other:105|ar:100|de:59|ja:18
2026-08-18T04:49:09Z,1264310518,en:20507|es:996|pt:287|ar:253|ja:177|ru:89|zh:26|fr:11|de:10|other:9
2026-08-18T04:49:09Z,32399,en:9970|pt:5126|ru:4151|pl:1947|es:929|it:423|fr:95|de:50|uk:45|hu:34
2026-08-18T04:49:09Z,29595,ru:16901|en:2120|pt:1640|es:290|uk:112|th:20|de:12|ro:8|ja:3|fr:3
2026-08-18T04:49:09Z,490242481,en:20906|fr:46|es:13|ja:3
2026-08-18T04:49:09Z,509672,en:14256|de:2609|ja:318|nl:248|uk:220|ru:201|pt:172|fr:149|es:145|it:131
2026-08-18T04:49:09Z,515025,en:12077|ja:2730|es:1707|pt:360|ar:327|zh:116|th:94|ru:77|fr:36|ko:21
2026-08-18T04:49:09Z,511224,en:12054|ja:1878|zh:891|es:627|ar:155|ru:114|pt:42|fr:27|tl:26|de:23
2026-08-18T04:49:09Z,512710,en:10870|es:2933|pt:221|de:155|fr:125|ru:24|it:12|ar:8|other:5|tr:1
2026-08-18T04:49:09Z,499973,en:9742|es:2243|fr:1101|de:886|ja:248|pt:11|bg:7|ru:3|other:1|nl:1
2026-08-18T04:49:09Z,498566,en:5363|de:3047|es:2826|pt:599|fr:494|fi:229|th:169|ko:0
2026-08-18T04:49:09Z,2132205352,en:4539|ru:247|pt:114|ja:93|es:77|ar:4|sv:2|uk:1|tr:1|fr:1
2026-08-18T04:49:09Z,1081998272,es:9612|en:3129|pt:40|ru:29|fr:14|ja:6|zh:1|ar:1
2026-08-18T04:49:09Z,31339,en:10906|pt:1113|es:560|other:84|ru:46|zh:44|ja:35|fr:28|fi:20|cs:16
2026-08-18T04:49:09Z,18122,en:11094|es:401|de:275|pt:210|ru:164|fr:62|uk:40|zh:17|ar:2|cs:1
2026-08-18T04:49:09Z,29452,pt:5464|en:3709|ru:1549|pl:980|es:172
2026-08-18T04:49:09Z,624536948,pt:7452|en:2644|es:691|fr:288|de:134|ar:7|ru:6|it:5|ro:1|ko:1
2026-08-18T04:49:09Z,796500915,en:9923|es:446|fr:4
2026-08-18T04:49:09Z,509659,en:8773|es:1546|ja:77|pt:2|other:2|zh:1|ru:1|fr:1|de:1
2026-08-18T04:49:09Z,460630,en:9123|es:212|pt:115|ja:32|fr:17|de:16|th:13|it:5|hu:4|zh:3
2026-08-18T04:49:09Z,23020,en:6028|es:1226|ru:110|pt:106|fr:93|ar:80|zh:20|de:14|ja:8|tl:1
2026-08-18T04:49:09Z,670138298,en:6357|other:1133|hu:1
2026-08-18T04:49:09Z,676802825,pt:5002|en:2113|es:85|ja:9|other:1|ar:1
2026-08-18T04:49:09Z,509660,en:4948|es:734|zh:451|ja:421|th:103|pt:97|ko:71|fr:46|de:21|ru:20
2026-08-18T04:49:09Z,24241,en:6329|ja:551|es:107|zh:82|pt:51|it:5|fr:4|other:3|ru:2|sv:1
2026-08-18T04:49:09Z,513181,en:4917|pt:736|es:427|ja:347|ru:332|fr:69|zh:47|ar:11|de:10|tl:8
2026-08-18T04:49:09Z,1065240035,en:6867
2026-08-18T04:49:09Z,513143,en:3246|zh:1586|es:696|pt:517|ja:405|it:237|fr:136|el:4|de:4|ko:1
2026-08-18T04:49:09Z,709941216,en:6660
2026-08-18T04:49:09Z,512953,en:3395|zh:1499|de:1138|es:266|pt:100|ru:62|ja:45|fr:10|th:5|asl:3
2026-08-18T04:49:09Z,306019403,en:6182
2026-08-18T04:49:09Z,210472759,es:5091|en:967
2026-08-18T04:49:09Z,386821,en:3189|pt:822|zh:504|es:489|ru:393|ja:271|th:142|fr:37|de:17|ro:14
2026-08-18T04:49:09Z,30921,en:4856|es:404|fr:59|de:44|ar:30|pt:27|ja:16|ru:7|nl:4
2026-08-18T04:49:09Z,26936,en:4697|es:114|zh:94|pt:83|de:23|ja:22|da:18|ru:14|it:6|th:3
2026-08-18T04:49:09Z,498592,fr:1597|de:1218|en:1065|pt:376|ru:295|es:274|zh:179|it:91|hu:79|pl:72
2026-08-18T04:49:09Z,1669431183,en:5045|de:127|fr:124|ja:29|es:9|pt:2|other:1|da:1
2026-08-18T04:49:09Z,27284,en:4155|pt:505|es:410|ja:74|fi:23|fr:8|ru:5|de:3|other:2|no:1
2026-08-18T04:49:09Z,531697421,en:4828
2026-08-18T04:49:09Z,55453844,ja:3974|en:504|es:135|pt:41|zh-hk:6
2026-08-18T04:49:09Z,2012789438,en:4231|fr:118|ar:113|es:52|de:6|it:4|pt:2|pl:2|other:1|ja:1
2026-08-18T04:49:09Z,499003,en:4514|es:135|pt:38|fr:1|de:1
2026-08-18T04:49:09Z,1036710512,en:3281|ja:388|es:263|de:210|fr:78|pt:70|ru:39|zh:25|ar:22|fi:7
2026-08-18T04:49:09Z,138585,en:2628|pt:661|ru:403|ja:370|fr:232|zh:149|es:28|ar:10|de:3|el:1
2026-08-18T04:49:09Z,459931,en:4687|pt:7|es:4|fi:3
2026-08-18T04:49:09Z,27546,en:3858|de:140|ru:111|es:79|pl:57|ja:40|uk:22|fr:20|zh:5|fi:3
2026-08-18T04:49:09Z,29307,en:3409|ru:355|es:149|pt:97|zh:65|de:44|ja:34|th:25|fr:9|ko:1
2026-08-18T04:49:09Z,852009328,en:2949|ru:646|pt:145|ja:129|es:120|fr:24|th:12|zh:6|ca:4|ar:2
2026-08-18T04:49:09Z,19619,pt:3436|es:511|en:55|pl:10|other:1
2026-08-18T04:49:09Z,272263131,en:3485|ja:245|zh:212|de:34|es:6|fr:4|ru:2|other:1|fi:1|ca:0
2026-08-18T04:49:09Z,499634,en:3264|ru:232|pt:56|fr:17|es:6|it:1|de:1
2026-08-18T04:49:09Z,464339927,en:3099|ru:285|es:95|pt:56|ja:55|de:31|ar:15|other:8|fr:3|uk:1
2026-08-18T04:49:09Z,2112738408,en:3471|es:11|pt:3|sv:2|ja:1|fr:1
2026-08-18T04:49:09Z,18707,en:3429|es:35
2026-08-18T04:49:09Z,263490,en:1268|ru:779|ja:715|es:210|it:197|pt:91|fr:91|pl:27|hu:15|uk:2
2026-08-18T04:49:09Z,497057,en:3086|es:80|ar:7|pt:6|pl:1|de:1|nl:0|ja:0
2026-08-18T04:49:09Z,630009802,en:2885|ja:126|de:65|zh:62|es:59|pt:10|ar:5|ru:4|fr:2
2026-08-18T04:49:09Z,509663,de:2224|en:739|ja:173|fr:18|pt:7|es:3|ar:2|tl:1
2026-08-18T04:49:09Z,66082,en:2988|pt:66|es:65|ja:35|fr:12|ru:11|it:2|de:2|ar:2|zh:0
2026-08-18T04:49:09Z,500188,en:2449|pt:103|es:85|ru:69|ja:67|de:47|fr:22|ar:5|it:3|zh:1
2026-08-18T04:49:09Z,417528,es:1888|pt:477|en:375|ru:80|ja:28|zh:16|fr:10|pl:4|tl:3
2026-08-18T04:49:09Z,8676,en:2911|es:14
2026-08-18T04:49:09Z,19976,zh:1307|en:1111|ja:26|es:26|th:9|fr:1
2026-08-18T04:49:09Z,493057,en:1095|pt:528|es:364|ru:218|zh:125|th:79|fr:22|ja:10|de:6|tl:3
2026-08-18T04:49:09Z,766571430,en:2094|es:222|pt:7|ja:2|fr:2|tr:1
2026-08-18T04:49:09Z,1169827,en:2200|ru:77
2026-08-18T04:49:09Z,509511,en:1769|de:390|es:123|nl:2
2026-08-18T04:49:09Z,723826053,en:1964|es:4|ru:1
2026-08-18T04:49:09Z,401587136,en:1377|ru:301|es:230|pt:206|pl:63|fr:21|ja:9|zh:6|de:4
2026-08-18T04:49:09Z,1494,en:1656|es:273|pt:21|fr:20|de:12|ar:8|sv:2|it:2|ru:1|hu:1
2026-08-18T04:49:09Z,1286077738,en:1967|ja:112|es:66|zh:11|th:1|de:1
2026-08-18T04:49:09Z,13332,en:2070|zh:38|es:11|ja:1
2026-08-18T04:49:09Z,1846293708,en:2002|es:13|ja:12|pt:4
2026-08-18T04:49:09Z,65632,en:1800|es:51|ru:33|pt:17|fr:15|ja:7|de:3|uk:1
2026-08-18T04:49:09Z,514858,pt:1613|es:190|en:116|ja:8|zh:1|fr:1
2026-08-18T04:49:09Z,66170,en:1606|es:162|pt:44|ru:13|zh:5|ja:4|da:3|pl:2|other:1|it:1
2026-08-18T04:49:09Z,168648543,en:1703|es:119|ja:31|ru:29|pt:24|de:14|fr:7|vi:1|ko:1|hu:1
2026-08-18T04:49:09Z,7022,de:1639|es:28|en:13|ja:9|ru:1|pt:0
2026-08-18T04:49:09Z,508455,ja:1562|en:230|pt:31|tl:25|es:19|ru:12|de:4
2026-08-18T04:49:09Z,491168,es:1443|en:336|fr:6|pt:1|ru:0
2026-08-18T04:49:09Z,493959,en:1489|pt:164|es:78|de:34|fr:15|ar:12|ru:4|hu:4|th:1|it:1
2026-08-18T04:49:09Z,1294658629,en:1474|es:230|pt:19|ja:12|fr:12|ru:9|de:6
2026-08-18T04:49:09Z,488615,en:1817|es:2
2026-08-18T04:49:09Z,1282866981,en:959|zh:263|ru:207|de:117|pt:92|th:59|ja:37|es:26|fr:12
2026-08-18T04:49:09Z,2692,en:1676|es:18|ja:1
2026-08-18T04:49:09Z,511399,en:1560|es:134
2026-08-18T04:49:09Z,1597660489,en:1468|es:73|ja:38|pt:10|hu:1|fr:1
2026-08-18T04:49:09Z,504463,en:1288|es:118|zh:56|ru:17|ja:15|pt:9|de:6|fr:5
2026-08-18T04:49:09Z,512980,ru:976|en:283|es:134|pt:105|ja:1
2026-08-18T04:49:09Z,116747788,en:1472|pt:9|es:3|tl:1|de:1
2026-08-18T05:20:22Z,509658,en:94352|ru:11782|es:9977|zh:8790|pt:5751|ja:4089|de:3028|fr:2060|ko:1897|ar:379
2026-08-18T05:20:22Z,491931,en:56445|ja:23515|ru:945|pt:471|es:199|de:115|fr:88|hu:81|zh:39|tr:5
2026-08-18T05:20:22Z,728868394,en:235|ru:7
2026-08-18T05:20:22Z,491487,en:19241|ja:18248|es:7143|pt:1470|ru:830|ar:416|de:256|zh:177|fr:41|it:13
2026-08-18T05:20:22Z,21779,en:21195|es:8932|pt:3516|ja:3002|zh:1796|fr:1150|de:775|ru:378|ko:223|th:116
2026-08-18T05:20:22Z,516575,en:18633|zh:5781|ja:4940|es:3965|pt:1586|fr:957|ru:435|ar:392|pl:118|de:75
2026-08-18T05:20:22Z,32982,en:20994|es:8256|pt:2370|ru:1376|fr:602|de:388|ar:103|other:95|zh:58|th:52
2026-08-18T05:20:22Z,33214,en:24829|es:4637|pt:396|fr:321|ru:277|ar:149|ja:113|de:94|it:33|other:21
2026-08-18T05:20:22Z,27471,en:25637|es:2665|pt:562|ru:475|ja:285|de:276|pl:153|ar:34|zh:32|fr:32
2026-08-18T05:20:22Z,1832841853,en:13905|ru:4400|zh:3700|fr:1583|es:1343|de:933|pt:388|other:108|ar:95|ja:14
2026-08-18T05:20:22Z,34134,en:25233|es:168|fr:7|de:7|pt:6|ar:2|other:1|it:1
2026-08-18T05:20:22Z,1264310518,en:19041|es:903|ar:285|ja:234|pt:133|ru:33|zh:21|other:9|fr:8|asl:5
2026-08-18T05:20:22Z,32399,en:9720|pt:4521|ru:3492|pl:1978|es:859|fr:89|uk:61|it:53|el:38|de:28
2026-08-18T05:20:22Z,29595,ru:16607|en:2373|pt:1485|es:113|uk:112|th:31|ro:14|tl:9|de:8|ja:4
2026-08-18T05:20:22Z,490242481,en:19684|fr:49
2026-08-18T05:20:22Z,515025,en:11174|ja:3039|es:1326|pt:298|ar:241|ru:138|zh:122|th:102|fr:25|ko:22
2026-08-18T05:20:22Z,509672,en:11316|de:3058|zh:432|nl:247|ja:244|uk:214|pt:179|fi:176|fr:154|es:101
2026-08-18T05:20:22Z,511224,en:10971|ja:1947|zh:983|es:709|ru:153|ar:142|pt:38|tl:28|fr:27|de:21
2026-08-18T05:20:22Z,499973,en:9404|es:2118|fr:1578|de:830|ja:221|pt:9|bg:6|ru:4|other:1|nl:1
2026-08-18T05:20:22Z,498566,en:6814|de:3023|es:2406|pt:583|fr:499|fi:247|th:191|other:1|ko:0
2026-08-18T05:20:22Z,512710,en:9816|es:2541|de:198|pt:182|fr:119|ru:29|ar:14|it:9|other:7|tr:1
2026-08-18T05:20:22Z,2132205352,en:12532|ru:302|pt:104|ja:93|es:73|ar:2|uk:1|tr:1|fr:1
2026-08-18T05:20:22Z,29452,pt:6487|en:3875|pl:995|ru:954|es:167
2026-08-18T05:20:22Z,1081998272,es:8629|en:2706|zh:47|pt:37|ru:34|fr:12|ja:5|ar:2
2026-08-18T05:20:22Z,509659,en:9792|es:1462|ja:65|zh:7|other:2|ru:1|pt:1|fr:1|de:1
2026-08-18T05:20:22Z,624536948,pt:6634|en:2950|es:706|de:182|fr:14|ru:11|ar:8|ja:3|sk:2|th:1
2026-08-18T05:20:22Z,18122,en:8738|ru:544|es:348|de:312|uk:176|fr:71|pt:56|zh:22|ar:19|sv:5
2026-08-18T05:20:22Z,31339,en:8310|pt:811|es:443|other:81|ru:49|fr:48|ja:32|fi:20|cs:13|zh:4
2026-08-18T05:20:22Z,460630,en:7972|es:216|pt:41|ja:40|th:18|fr:15|de:8|it:6|zh:3|pl:3
2026-08-18T05:20:22Z,796500915,en:7689|es:405|fr:3
2026-08-18T05:20:22Z,23020,en:5701|es:729|ru:136|pt:88|ar:76|zh:22|ja:6|fr:6|de:6|tl:2
2026-08-18T05:20:22Z,513181,en:4861|pt:714|ru:443|es:403|ja:265|fr:79|zh:47|tl:15|ar:13|de:12
2026-08-18T05:20:22Z,512953,en:3864|zh:1450|de:960|es:240|pt:96|ru:68|ja:43|th:8|fr:8|ar:3
2026-08-18T05:20:22Z,509660,en:4809|es:535|ja:490|zh:402|th:101|pt:89|ko:75|de:40|fr:34|ru:16
2026-08-18T05:20:22Z,24241,en:5725|ja:729|es:101|zh:82|pt:29|de:13|fr:7|other:5|sv:1
2026-08-18T05:20:22Z,306019403,en:6736
2026-08-18T05:20:22Z,676802825,pt:4570|en:1950|es:57|zh:17|ar:7|ja:5
2026-08-18T05:20:22Z,1065240035,en:6525
2026-08-18T05:20:22Z,709941216,en:6347
2026-08-18T05:20:22Z,670138298,en:4821|other:1146|hu:48
2026-08-18T05:20:22Z,386821,en:3209|pt:661|es:488|ru:463|zh:415|ja:292|th:171|fr:45|ro:14|de:13
2026-08-18T05:20:22Z,30921,en:4584|es:353|fr:54|ja:23|ar:22|pt:9|de:9|ru:4|asl:1
2026-08-18T05:20:22Z,498592,fr:1555|en:1226|de:1067|pt:340|es:299|ru:298|zh:171|hu:86|it:82|pl:76
2026-08-18T05:20:22Z,26936,en:4247|es:136|zh:97|th:28|da:19|ru:12|ja:10|it:8|de:6|pt:3
2026-08-18T05:20:22Z,27284,en:4240|pt:438|es:360|ja:106|fi:33|ru:19|fr:16|other:3|no:1
2026-08-18T05:20:22Z,210472759,es:4413|en:688|pt:3
2026-08-18T05:20:22Z,1669431183,en:4577|de:205|fr:111|ja:36|es:7|pt:3|other:1|da:1|ru:0
2026-08-18T05:20:22Z,513143,en:2308|zh:1589|ja:362|fr:219|es:180|pt:149|tl:10|el:3|de:3|ko:1
2026-08-18T05:20:22Z,138585,en:3273|pt:574|ja:518|ru:408|zh:243|es:22|ar:5|de:3|fr:2|el:1
2026-08-18T05:20:22Z,27546,en:4130|de:191|ru:130|es:68|ja:51|pl:49|uk:45|cs:10|fi:9|hu:8
2026-08-18T05:20:22Z,531697421,en:4739
2026-08-18T05:20:22Z,55453844,ja:3894|en:489|es:124|pt:38|zh-hk:9
2026-08-18T05:20:22Z,459931,en:4330|fi:3|es:3
2026-08-18T05:20:22Z,2012789438,en:3903|ar:121|fr:115|es:43|de:9|pl:2|it:2|other:1
2026-08-18T05:20:22Z,1036710512,en:3058|ja:442|es:249|fr:79|pt:67|de:59|ru:49|zh:27|ar:25|fi:9
2026-08-18T05:20:22Z,29307,en:3378|ru:334|es:141|pt:88|zh:67|de:43|ja:34|th:32|fr:11|ko:1
2026-08-18T05:20:22Z,66082,en:3807|es:54|pt:50|ja:36|zh:35|ru:14|fr:13|ar:6|hu:4|de:4
2026-08-18T05:20:22Z,852009328,en:2909|ru:479|pt:159|ja:158|es:103|fr:26|th:15|zh:10|ca:3|ar:3
2026-08-18T05:20:22Z,464339927,en:3128|ru:309|ja:65|es:61|pt:39|de:29|ar:19|fr:13|other:4
2026-08-18T05:20:22Z,272263131,en:3268|ja:224|zh:207|de:34|es:6|fr:5|ru:2|other:1|fi:1|ca:0
2026-08-18T05:20:22Z,509663,de:2314|en:1011|ja:137|fr:53|pt:6|es:4|ar:2|tl:1
2026-08-18T05:20:22Z,499634,en:3247|ru:241|pt:29|fr:14|es:6|de:2|it:1
2026-08-18T05:20:22Z,19619,pt:2532|es:498|en:51|pl:15
2026-08-18T05:20:22Z,630009802,en:2697|ja:124|es:88|de:59|zh:58|pt:11|ar:6|ru:3|fr:2
2026-08-18T05:20:22Z,8676,en:3061|es:3
2026-08-18T05:20:22Z,2112738408,en:2768|es:9|ja:1|fr:1
2026-08-18T05:20:22Z,263490,ja:1144|en:872|ru:292|it:200|es:150|pt:88|pl:37|fr:36|hu:13|uk:2
2026-08-18T05:20:22Z,499003,en:2478|es:54|pt:42|ru:18|ja:1|de:1
2026-08-18T05:20:22Z,493057,en:980|pt:604|ru:548|es:277|zh:151|th:91|fr:30|ja:16|hu:16|uk:15
2026-08-18T05:20:22Z,497057,en:1701|es:71|pt:8|pl:1|de:1|ja:0
2026-08-18T05:20:22Z,417528,es:1625|pt:379|en:319|ru:87|ja:37|fr:22|zh:14|tr:3|pl:2
2026-08-18T05:20:22Z,500188,en:2009|pt:96|ja:86|ru:82|de:62|es:57|fr:14|ar:6|zh:1|th:1
2026-08-18T05:20:22Z,1169827,en:2204|ru:74
2026-08-18T05:20:22Z,401587136,en:1271|ru:355|es:251|pt:178|pl:61|ja:17|fr:11|de:8|zh:2|hu:2
2026-08-18T05:20:22Z,723826053,en:2115|es:5|ru:1
2026-08-18T05:20:22Z,508455,ja:1794|en:205|pt:87|es:20|ru:9|de:6
2026-08-18T05:20:22Z,1846293708,en:2035|ja:11|es:7|zh:0
2026-08-18T05:20:22Z,509511,en:1449|de:385|es:195|nl:5
2026-08-18T05:20:22Z,1286077738,en:1769|ja:114|es:47|zh:9|th:8|fr:7|pt:6|de:6
2026-08-18T05:20:22Z,13332,en:1973|zh:39|es:10|ja:1
2026-08-18T05:20:22Z,1282866981,en:1142|zh:289|ru:204|de:118|pt:87|ja:52|th:37|es:20|fr:7
2026-08-18T05:20:22Z,1494,en:1576|es:238|pt:24|fr:17|de:14|ar:6|ja:3|sv:2|ru:1|other:1
2026-08-18T05:20:22Z,65632,en:1738|ru:46|es:45|pt:20|fr:17|ja:6|de:2|uk:1|ro:1|hu:1
2026-08-18T05:20:22Z,766571430,en:1666|es:150|ja:10|pt:6|fr:4|tr:1
2026-08-18T05:20:22Z,19976,zh:946|en:864|ja:37|es:16|th:4|fr:1
2026-08-18T05:20:22Z,168648543,en:1590|es:90|ja:42|ru:24|de:13|pt:9|fr:2|vi:1|hu:1|ar:0
2026-08-18T05:20:22Z,511399,en:1600|es:134
2026-08-18T05:20:22Z,493959,en:1342|pt:136|es:73|de:54|ru:12|fr:9|hu:3|ar:1|th:0
2026-08-18T05:20:22Z,2692,en:1643|ja:10|es:8
2026-08-18T05:20:22Z,7022,de:1611|es:29|en:14|ja:8
2026-08-18T05:20:22Z,488615,en:1721|es:2
2026-08-18T05:20:22Z,1597660489,en:1464|es:41|ja:39|pt:10|hu:3|fr:2
2026-08-18T05:20:22Z,504463,en:1251|es:116|ja:59|zh:56|ru:21|de:12|pt:8|fr:2
2026-08-18T05:20:22Z,2748,en:1309|es:158|pt:31
2026-08-18T05:20:22Z,1294658629,en:1168|es:185|ja:42|de:35|pt:19|fr:12|ru:9
2026-08-18T05:20:22Z,512980,ru:1060|en:217|pt:107|es:84|ja:2
2026-08-18T05:20:22Z,116747788,en:1460|es:3|de:2|tl:1
2026-08-18T05:20:22Z,1414406743,en:1413
2026-08-18T05:20:22Z,39004474,en:1270
2026-08-18T05:20:22Z,2094865572,en:1213|es:79|ru:5|pt:5|fr:4|de:1
2026-08-18T05:52:07Z,509658,en:82476|ru:11702|ja:11665|zh:9880|es:8984|pt:6777|de:2529|ko:2106|fr:1940|ar:522
2026-08-18T05:52:07Z,491931,en:55479|ja:22888|ru:1434|es:161|de:129|pt:102|hu:91|fr:82|zh:42|tr:16
2026-08-18T05:52:07Z,2059463486,en:57981|es:2|de:2
2026-08-18T05:52:07Z,21779,en:21528|es:8502|ja:3096|pt:3073|zh:2430|de:1174|fr:1093|ru:372|pl:359|ko:204
2026-08-18T05:52:07Z,516575,en:13155|zh:7045|ja:6967|es:2227|pt:1370|fr:981|ru:814|ar:354|pl:125|th:105
2026-08-18T05:52:07Z,32982,en:20919|es:8213|ru:2190|pt:922|fr:470|de:401|other:87|th:70|ja:53|it:44
2026-08-18T05:52:07Z,491487,en:16928|es:6644|pt:1254|ja:922|ar:469|ru:398|de:376|zh:210|fr:60|it:13
2026-08-18T05:52:07Z,27471,en:23206|es:2622|ru:718|pt:421|de:330|ja:299|pl:151|ar:41|zh:36|fr:25
2026-08-18T05:52:07Z,1832841853,en:14739|ru:5507|zh:4677|fr:1995|de:1835|es:661|pt:226|ar:94|ja:15|pl:1
2026-08-18T05:52:07Z,33214,en:20354|es:4239|fr:334|pt:257|ru:237|ar:169|de:165|ja:107|it:53|other:44
2026-08-18T05:52:07Z,34134,en:23366|es:187|de:8|fr:7|pt:6|ar:2|other:1|it:1
2026-08-18T05:52:07Z,32399,en:9696|ru:5582|pt:3748|pl:1851|es:849|uk:234|de:229|fr:91|it:86|el:30
2026-08-18T05:52:07Z,29595,ru:17503|en:2305|pt:1418|de:212|es:158|uk:100|th:31|tl:14|ro:11|ja:9
2026-08-18T05:52:07Z,1264310518,en:19439|es:822|ar:292|ja:275|pt:118|ru:52|zh:22|fr:10|de:8|other:5
2026-08-18T05:52:07Z,414822821,ja:19466|uk:4
2026-08-18T05:52:07Z,490242481,en:19179|fr:48
2026-08-18T05:52:07Z,509672,en:11023|de:3602|zh:619|nl:292|uk:267|fi:265|ja:248|fr:225|ru:177|pt:159
2026-08-18T05:52:07Z,515025,en:9701|ja:3081|es:1283|pt:289|ar:263|fr:155|ru:151|zh:138|th:117|ko:27
2026-08-18T05:52:07Z,499973,en:11772|fr:1629|de:810|es:549|ja:211|pt:10|bg:6|ru:3|other:1|nl:1
2026-08-18T05:52:07Z,2132205352,en:12835|ru:276|pt:119|ja:103|es:58|ar:7|sv:4|fr:2|uk:1
2026-08-18T05:52:07Z,511224,en:7986|ja:2156|zh:1215|es:624|ar:162|ru:74|de:35|pt:31|zh-hk:25|tl:25
2026-08-18T05:52:07Z,498566,en:6683|de:2765|es:2275|pt:594|fi:248|fr:247|th:161|other:1|ko:1
2026-08-18T05:52:07Z,512710,en:9180|es:1735|de:223|fr:158|pt:144|ru:44|it:14|ar:8|other:3|el:2
2026-08-18T05:52:07Z,1081998272,es:7979|en:2538|zh:74|ru:58|pt:18|ar:2
2026-08-18T05:52:07Z,31339,en:7351|de:826|pt:773|es:442|fr:57|ru:56|ja:30|fi:24|cs:12|uk:2
2026-08-18T05:52:07Z,18122,en:7336|ru:741|de:506|es:287|uk:186|pt:133|fr:121|zh:21|ar:17|tr:4
2026-08-18T05:52:07Z,509659,en:7360|es:1660|ja:69|zh:4|other:2|ru:1|fr:1|de:1
2026-08-18T05:52:07Z,29452,pt:5566|en:2702|es:178
2026-08-18T05:52:07Z,460630,en:7497|es:243|ja:91|pt:32|th:14|fr:13|de:8|it:6|zh:4|ru:3
2026-08-18T05:52:07Z,796500915,en:7769|es:197|fr:4|it:0
2026-08-18T05:52:07Z,1669431183,en:7099|de:254|fr:6|pt:2|ja:2|ru:1|other:1|da:1|es:0
2026-08-18T05:52:07Z,513181,en:5321|es:556|pt:527|ru:388|ja:255|zh:79|fr:60|ar:21|tl:15|de:14
2026-08-18T05:52:07Z,23020,en:5488|es:719|ru:188|ar:78|pt:58|zh:17|fr:11|de:9|ja:5|tl:4
2026-08-18T05:52:07Z,306019403,en:6945
2026-08-18T05:52:07Z,509660,en:4589|zh:574|es:515|ja:485|th:126|de:81|pt:78|ko:73|fr:44|ru:25
2026-08-18T05:52:07Z,624536948,pt:3338|en:2372|es:600|de:233|ru:17|fr:13|ar:13|tr:2|sk:1|ro:1
2026-08-18T05:52:07Z,24241,en:5489|ja:717|es:103|zh:84|de:69|fr:21|pt:15|other:4|sv:1|ru:1
2026-08-18T05:52:07Z,138585,en:4429|ja:522|pt:454|zh:298|ru:66|fr:30|es:23|de:4|el:1|bg:0
2026-08-18T05:52:07Z,55453844,ja:3795|en:2085|es:93|pt:53|zh-hk:11
2026-08-18T05:52:07Z,386821,en:3079|pt:646|ru:594|zh:436|es:433|ja:324|th:223|fr:55|de:41|tr:28
2026-08-18T05:52:07Z,27546,en:4873|de:242|ru:119|uk:93|pl:67|es:56|ja:55|hu:15|fi:11|cs:11
2026-08-18T05:52:07Z,676802825,pt:4395|en:894|es:69|zh:24|ja:10|ar:9
2026-08-18T05:52:07Z,498592,fr:1633|en:1304|de:944|es:327|pt:312|ru:294|zh:183|hu:83|it:81|pl:79
2026-08-18T05:52:07Z,512953,en:3318|de:953|zh:426|es:122|ru:92|pt:78|ja:49|ar:16|fr:11|uk:2
2026-08-18T05:52:07Z,26936,en:4345|es:131|ja:35|zh:23|da:23|th:22|ru:13|other:10|it:5|de:4
2026-08-18T05:52:07Z,210472759,es:4140|en:712|fr:10
2026-08-18T05:52:07Z,509663,de:3680|en:1014|ja:142|pt:5|es:5|ar:2|zh:1|tl:1|fr:1
2026-08-18T05:52:07Z,27284,en:4027|pt:391|es:226|ja:125|fi:39|ru:17|fr:11|other:3|no:1
2026-08-18T05:52:07Z,670138298,en:3584|other:1030
2026-08-18T05:52:07Z,531697421,en:3714
2026-08-18T05:52:07Z,513143,en:1647|zh:1617|fr:440|ja:381|pt:118|es:112|tl:20|de:6|el:5|ru:0
2026-08-18T05:52:07Z,272263131,en:3812|ja:228|zh:206|de:38|es:6|fr:5|ru:2|it:2|other:1|fi:1
2026-08-18T05:52:07Z,29307,en:3606|ru:375|es:131|pt:78|zh:70|ja:42|de:41|th:27|fr:19|uk:9
2026-08-18T05:52:07Z,66082,en:3864|ja:98|es:60|zh:55|pt:41|ar:15|fr:13|ru:8|hu:7|de:7
2026-08-18T05:52:07Z,1036710512,en:3117|ja:426|es:262|fr:82|de:75|pt:51|ru:35|zh:27|ar:22|fi:13
2026-08-18T05:52:07Z,459931,en:4126|fi:14|es:5
2026-08-18T05:52:07Z,2012789438,en:3494|fr:110|ar:104|es:51|de:4|pl:3|ja:2|other:1
2026-08-18T05:52:07Z,464339927,en:3190|ru:316|ja:65|es:55|de:37|pt:27|fr:14|other:8|ar:1
2026-08-18T05:52:07Z,852009328,en:2913|ja:250|ru:190|pt:138|fr:98|es:94|sk:34|zh:12|th:11|tr:3
2026-08-18T05:52:07Z,30921,en:2980|es:344|fr:55|de:18|ja:16|pt:14|ar:12|it:3|asl:1
2026-08-18T05:52:07Z,499634,en:2859|ru:243|es:5|it:1|fr:1|de:1
2026-08-18T05:52:07Z,499003,en:2902|es:106|ru:34|pt:27|ja:1|de:1
2026-08-18T05:52:07Z,2112738408,en:2981|es:7|ja:3
2026-08-18T05:52:07Z,8676,en:3083|es:5|pt:1
2026-08-18T05:52:07Z,19619,pt:2411|es:387|en:69|pl:58
2026-08-18T05:52:07Z,263490,ja:1168|en:767|ru:321|it:212|es:157|pt:96|fr:52|hu:15|uk:2
2026-08-18T05:52:07Z,500188,en:2352|de:172|ja:87|pt:82|ru:78|es:69|fr:11|ar:4|pl:2|zh:1
2026-08-18T05:52:07Z,630009802,en:2343|ja:154|es:66|de:61|zh:46|pt:11|ru:2|fr:2|ar:2
2026-08-18T05:52:07Z,493057,en:960|ru:651|es:261|pt:165|th:109|zh:83|el:66|fr:34|uk:26|ja:19
2026-08-18T05:52:07Z,417528,es:1535|en:310|pt:308|ru:93|fr:44|ja:38|zh:12|tr:5|pl:2
2026-08-18T05:52:07Z,509511,en:1519|de:368|es:179|nl:7
2026-08-18T05:52:07Z,1169827,en:2208|ru:76
2026-08-18T05:52:07Z,315165001,en:811|de:188|pl:9
2026-08-18T05:52:07Z,508455,ja:1849|en:164|pt:81|es:19|ru:12|de:11
2026-08-18T05:52:07Z,116747788,en:1362|ru:884|de:2|tl:1|es:1
2026-08-18T05:52:07Z,401587136,en:1038|ru:444|es:254|pt:159|other:78|pl:57|zh:26|fr:21|ja:16|de:11
2026-08-18T05:52:07Z,19976,zh:1213|en:673|ja:34|th:6|es:6|fr:1
2026-08-18T05:52:07Z,1282866981,en:1140|zh:326|ru:217|de:97|pt:94|ja:55|th:33|es:17|fr:13|tl:1
2026-08-18T05:52:07Z,65632,en:1836|ru:42|es:39|fr:22|pt:13|ja:4|uk:2|de:2|ro:1|hu:1
2026-08-18T05:52:07Z,168648543,en:1669|es:62|ja:35|de:30|ru:26|fr:16|pt:12|hu:2|vi:1|ar:1
2026-08-18T05:52:07Z,766571430,en:1675|es:142|ja:25|ru:10|pt:6|zh:1|tr:1|fr:0
2026-08-18T05:52:07Z,723826053,en:1769|es:5|ru:1
2026-08-18T05:52:07Z,497057,en:1707|es:56|pt:6|de:2|pl:1|ja:0
2026-08-18T05:52:07Z,13332,en:1722|zh:46|es:7|ja:1
2026-08-18T05:52:07Z,1494,en:1458|es:160|pt:18|fr:13|de:10|ar:9|other:3|sv:2|ja:2|zh:1
2026-08-18T05:52:07Z,511399,en:1533|es:127
2026-08-18T05:52:07Z,1535286692,en:1542
2026-08-18T05:52:07Z,7022,de:1572|es:21|en:10|ja:8
2026-08-18T05:52:07Z,493959,en:1361|pt:110|es:67|de:35|ru:15|hu:4|ar:1|th:0
2026-08-18T05:52:07Z,1846293708,en:1549|ja:11|es:9|zh:0
2026-08-18T05:52:07Z,1597660489,en:1538|es:23|ja:12|pt:8|hu:1|fi:0
2026-08-18T05:52:07Z,504463,en:1265|es:113|ja:75|zh:55|ru:15|de:14|pt:9|fr:3|ko:1|cs:1
2026-08-18T05:52:07Z,2748,en:1485|pt:23
2026-08-18T05:52:07Z,511396,ru:1178|en:269
2026-08-18T05:52:07Z,1435206302,en:1360|zh:40|ja:22|fr:1|pl:0
2026-08-18T05:52:07Z,1294658629,en:1045|es:207|ja:46|de:38|pt:17|fr:16|ru:9
2026-08-18T05:52:07Z,1414406743,en:1385|de:10
2026-08-18T05:52:07Z,743,en:1278|fr:31|es:16|ru:13
2026-08-18T05:52:07Z,2094865572,en:1155|es:73|ru:5|fr:4|de:3
2026-08-18T05:52:07Z,506327,ru:1200|en:1
2026-08-18T06:26:27Z,509658,en:77314|ja:15249|ru:12842|zh:9358|es:7187|pt:6234|fr:2961|de:2720|ko:2127|pl:852
2026-08-18T06:26:27Z,491931,en:52785|ja:24022|ru:1788|de:400|es:113|hu:100|pt:76|fr:64|zh:37|tr:24
2026-08-18T06:26:27Z,21779,en:21960|es:6847|zh:5401|ja:3609|pt:2099|de:1720|fr:1311|pl:586|ru:442|th:131
2026-08-18T06:26:27Z,516575,en:12509|ja:7570|zh:7483|es:2524|pt:1250|fr:1038|ru:956|ar:394|th:144|de:132
2026-08-18T06:26:27Z,1832841853,en:13698|ru:6160|zh:4840|de:2665|fr:2259|es:163|ar:120|pt:49|it:39|ja:16
2026-08-18T06:26:27Z,33214,en:21801|es:3796|fr:335|ru:272|pt:254|de:245|ar:141|ja:111|it:67|other:24
2026-08-18T06:26:27Z,27471,en:22971|es:1436|ru:600|pt:455|de:394|ja:336|pl:42|ar:41|zh:40|fr:39
2026-08-18T06:26:27Z,1264310518,en:23215|es:705|ja:408|ar:130|ru:77|pt:77|zh:31|fr:8|it:4|other:3
2026-08-18T06:26:27Z,32982,en:11629|es:8258|ru:2211|pt:713|de:442|fr:430|th:101|other:83|it:67|zh:41
2026-08-18T06:26:27Z,491487,en:13407|es:5934|ja:1060|pt:1005|ru:486|de:459|ar:454|zh:203|fr:203|tl:22
2026-08-18T06:26:27Z,29595,ru:19729|en:2496|pt:1483|uk:189|es:91|th:31|id:20|ro:15|tl:9|de:9
2026-08-18T06:26:27Z,32399,en:9248|ru:7084|pt:3166|pl:2143|es:569|uk:278|it:90|de:66|ar:45|el:33
2026-08-18T06:26:27Z,34134,en:21001|es:172|de:6|pt:3|ar:2|other:1|fr:1
2026-08-18T06:26:27Z,490242481,en:16174|fr:46|ru:4|ja:2
2026-08-18T06:26:27Z,509672,en:10449|de:4173|zh:686|ru:487|fi:338|nl:325|uk:276|ja:259|pt:258|cs:130
2026-08-18T06:26:27Z,414822821,ja:17820|uk:2
2026-08-18T06:26:27Z,499973,en:12716|fr:1570|de:724|es:581|ja:197|bg:9|pt:7|ru:3|sk:1|other:1
2026-08-18T06:26:27Z,515025,en:9748|ja:3132|es:1196|ru:375|ar:310|pt:253|fr:172|zh:140|th:101|de:30
2026-08-18T06:26:27Z,511224,en:7659|ja:2323|zh:1076|es:579|ru:217|ar:173|de:36|th:34|zh-hk:24|pt:24
2026-08-18T06:26:27Z,2132205352,en:11504|ru:348|ja:88|pt:77|es:48|ar:7|uk:1|th:1|sv:1|fr:1
2026-08-18T06:26:27Z,498566,en:5790|de:2586|es:1923|pt:592|th:181|fr:3|other:1|ko:1|fi:1
2026-08-18T06:26:27Z,512710,en:8230|es:1239|de:288|fr:170|pt:135|ru:18|ar:13|it:10|hu:8|other:7
2026-08-18T06:26:27Z,1081998272,es:7159|en:2203|zh:68|ru:39|pt:14|ja:10|de:2|ar:2
2026-08-18T06:26:27Z,18122,en:7074|ru:1017|de:812|es:193|uk:191|fr:130|pt:119|zh:26|tr:18|ar:17
2026-08-18T06:26:27Z,29452,en:4719|pt:4143|es:71
2026-08-18T06:26:27Z,31339,en:6506|de:1250|pt:619|es:379|fr:297|ru:59|ja:32|cs:15|zh:8|pl:2
2026-08-18T06:26:27Z,630009802,en:8833|ja:167|de:63|es:57|zh:17|pt:14|ar:4|fr:1
2026-08-18T06:26:27Z,460630,en:7507|es:229|ja:107|pt:37|fr:27|de:21|th:15|it:9|pl:6|zh:5
2026-08-18T06:26:27Z,509659,en:6652|es:1235|ja:73|ru:19|zh:5|other:2|de:2|fr:1
2026-08-18T06:26:27Z,513181,en:4851|zh:672|es:624|pt:468|ru:427|ja:262|fr:58|ar:24|tl:14|de:14
2026-08-18T06:26:27Z,27546,en:5115|de:542|ru:277|uk:122|pl:78|ja:70|es:46|fr:45|cs:36|hu:21
2026-08-18T06:26:27Z,509660,en:4302|ja:754|zh:707|es:378|th:139|de:119|ko:73|fr:67|ru:41|pt:33
2026-08-18T06:26:27Z,138585,en:5088|ja:522|zh:328|ru:176|fr:158|pt:84|es:17|de:10|cs:1
2026-08-18T06:26:27Z,386821,en:3020|ru:756|pt:738|zh:451|ja:298|th:241|es:131|de:86|fr:58|tr:40
2026-08-18T06:26:27Z,498592,en:1396|fr:1356|de:1274|es:401|ru:341|pt:316|zh:201|hu:89|it:78|ar:43
2026-08-18T06:26:27Z,24241,en:4280|ja:742|zh:112|de:83|es:66|fr:25|pt:19|other:6|pl:2|sv:1
2026-08-18T06:26:27Z,23020,en:3892|es:608|ru:255|ar:58|pt:43|zh:21|de:12|fr:10|ja:4|uk:1
2026-08-18T06:26:27Z,27284,en:4127|pt:357|es:287|fr:180|ja:165|ru:46|fi:40|other:5|uk:3|it:3
2026-08-18T06:26:27Z,676802825,pt:3955|en:1180|es:50|zh:23|ar:9|ja:6
2026-08-18T06:26:27Z,624536948,en:2651|pt:975|es:572|de:432|ru:32|fr:27|ar:16|uk:2|tr:1|sk:1
2026-08-18T06:26:27Z,531697421,en:4824
2026-08-18T06:26:27Z,26936,en:3667|es:134|ja:47|zh:41|th:31|da:21|ru:17|pt:8|nl:5|de:5
2026-08-18T06:26:27Z,513143,en:1678|zh:1640|fr:588|ja:490|pt:101|es:37|fi:19|ru:15|sv:12|hu:11
2026-08-18T06:26:27Z,66082,en:4161|ja:116|zh:75|pt:36|es:35|hu:14|ar:14|fr:11|de:11|ru:9
2026-08-18T06:26:27Z,509663,de:3306|en:1092|ja:157|pt:5|es:5|ar:2|tl:1|fr:1|zh:0
2026-08-18T06:26:27Z,29307,en:3654|ru:431|zh:115|pt:77|ja:60|fr:60|de:55|es:53|th:27|uk:17
2026-08-18T06:26:27Z,272263131,en:3762|ja:221|zh:199|de:40|es:8|fr:5|ru:2|other:1|nl:1|fi:1
2026-08-18T06:26:27Z,1669431183,en:3879|de:366|pt:18|fr:4|ru:3|other:1|es:1|da:1
2026-08-18T06:26:27Z,55453844,ja:3615|en:373|es:78|pt:49|zh-hk:10
2026-08-18T06:26:27Z,670138298,en:2724|other:998
2026-08-18T06:26:27Z,1036710512,en:2781|ja:451|es:202|fr:92|de:83|ru:35|zh:26|pt:25|ar:20|fi:12
2026-08-18T06:26:27Z,459931,en:3844|fi:18|es:3
2026-08-18T06:26:27Z,464339927,en:2947|ru:408|de:186|ja:69|it:62|es:44|other:7|ar:6|fr:4|pt:3
2026-08-18T06:26:27Z,512953,en:2344|de:908|es:121|zh:110|ru:83|pt:74|ja:65|fr:15|th:9|pl:2
2026-08-18T06:26:27Z,852009328,en:2734|ja:260|ru:236|pt:140|fr:125|es:74|sk:63|de:29|th:16|zh:10
2026-08-18T06:26:27Z,2012789438,en:3257|ar:148|fr:94|es:23|pt:18|pl:4|other:1|de:1
2026-08-18T06:26:27Z,116747788,ru:2020|en:1358|de:4|tl:1
2026-08-18T06:26:27Z,8676,en:3093|es:9|pt:1
2026-08-18T06:26:27Z,499634,en:2549|ru:247|es:6|it:1|fr:1|de:1
2026-08-18T06:26:27Z,500188,en:2075|de:296|ru:182|ja:80|pt:60|es:38|fr:12|ar:3|pl:2|zh:1
2026-08-18T06:26:27Z,19976,zh:1774|en:840|ja:32|th:6|es:6|fr:1
2026-08-18T06:26:27Z,30921,en:2114|es:211|fr:70|de:34|pt:15|ar:9|ja:5|it:4
2026-08-18T06:26:27Z,499003,en:2411|es:118|ru:32|pt:6|ja:1
2026-08-18T06:26:27Z,493057,en:941|ru:919|es:180|pt:151|zh:86|el:81|th:58|ja:36|uk:31|fr:30
2026-08-18T06:26:27Z,19619,pt:2023|es:332|pl:57|en:55
2026-08-18T06:26:27Z,417528,es:1551|pt:302|en:297|ru:176|fr:53|ja:37|zh:14|tr:6|pl:4|de:1
2026-08-18T06:26:27Z,263490,ja:729|en:667|ru:398|it:212|es:168|pt:84|fr:49|de:17|uk:16|hu:13
2026-08-18T06:26:27Z,2112738408,en:2271|es:6|ru:3|ja:2
2026-08-18T06:26:27Z,1169827,en:2144|ru:92
2026-08-18T06:26:27Z,315165001,ja:1235|en:792|de:180|pl:5
2026-08-18T06:26:27Z,508455,ja:1976|en:77|ru:20|es:12|pt:11|de:10|zh:1|cs:1
2026-08-18T06:26:27Z,1282866981,en:1157|zh:335|ru:228|pt:98|ja:77|fr:54|th:47|es:15|tl:1|ms:0
2026-08-18T06:26:27Z,401587136,en:784|ru:580|es:226|pt:113|other:82|pl:45|zh:27|ja:26|de:19|hu:13
2026-08-18T06:26:27Z,509511,en:1317|de:395|es:168|nl:6
2026-08-18T06:26:27Z,65632,en:1642|ru:60|es:30|fr:28|pt:15|de:14|pl:9|ja:6|fi:5|ro:3
2026-08-18T06:26:27Z,168648543,en:1648|es:53|ja:35|it:27|de:27|fr:14|pt:11|ru:4|pl:2|ar:2
2026-08-18T06:26:27Z,497057,en:1787|es:29|pt:5|ru:1|pl:1|fr:1|ja:0
2026-08-18T06:26:27Z,766571430,en:1490|es:73|pt:53|ru:33|ja:31|zh:5|fr:4|tr:1|fi:1|ko:0
2026-08-18T06:26:27Z,511399,en:1583|es:140|ja:17
2026-08-18T06:26:27Z,1597660489,en:1634|es:24|ja:17|ar:4|hu:3|pt:2|fr:1|fi:0
2026-08-18T06:26:27Z,493959,en:1277|de:126|pt:113|es:65|ru:17|fr:9|hu:5
2026-08-18T06:26:27Z,7022,de:1516|es:20|en:9|ja:8
2026-08-18T06:26:27Z,1826300051,en:80|de:46|es:17
2026-08-18T06:26:27Z,1435206302,en:1431|tl:21|ja:19|zh:8|fr:1
2026-08-18T06:26:27Z,2748,en:1330|ja:54|pt:26|de:8
2026-08-18T06:26:27Z,1494,en:1120|es:146|fr:18|pt:16|de:13|nl:4|ar:4|sv:2|zh:1|th:1
2026-08-18T06:26:27Z,504463,en:1210|es:121|ja:88|zh:50|ru:16|de:15|cs:4|pt:3|ko:1|ar:1
2026-08-18T06:26:27Z,982348888,en:1132|ja:166|ar:55|de:32|es:22|tl:20|pt:4|zh:3|pl:1
2026-08-18T06:26:27Z,66170,en:1192|es:119|ja:39|pt:32|ru:19|zh:12|fr:7|de:6|da:2|uk:1
2026-08-18T06:26:27Z,1414406743,en:1387|de:27
2026-08-18T06:26:27Z,506327,ru:1349|en:1|fr:0
2026-08-18T06:26:27Z,494184,ru:808|en:288|pt:120|es:38|other:26|tl:3|id:1|ar:1
2026-08-18T06:26:27Z,13332,en:1220|zh:60
2026-08-18T06:26:27Z,502829,ru:1206|uk:18|other:1
2026-08-18T06:26:27Z,1294658629,en:972|es:155|ja:45|de:37|pt:14|ru:13|fr:1
2026-08-18T06:26:27Z,1535286692,en:1177
2026-08-18T06:26:27Z,490100,en:1012|es:79|pt:45|ru:17|zh:8
2026-08-18T06:26:27Z,518203,es:623|it:323|en:128|sv:61|de:2|pt:1
2026-08-18T06:26:27Z,491168,es:781|en:336|ru:4|pt:0
2026-08-18T06:26:27Z,763313082,en:1069|zh:7|ja:7
2026-08-18T07:13:18Z,509658,en:71971|ja:18627|ru:13100|zh:10351|es:6770|de:5020|pt:4021|fr:3246|pl:1311|ko:1299
2026-08-18T07:13:18Z,491931,en:47643|ja:29330|ru:2469|fr:634|de:555|es:163|hu:97|pt:83|pl:58|tr:41
2026-08-18T07:13:18Z,21779,en:19382|zh:7172|es:5956|ja:3482|fr:2893|de:1988|pl:1280|pt:1112|ru:872|nl:655
2026-08-18T07:13:18Z,1832841853,en:13147|ru:6713|zh:4709|de:3515|fr:2913|hu:349|es:174|ar:149|it:112|pl:92
2026-08-18T07:13:18Z,516575,ja:8987|en:8331|zh:7895|ru:1409|es:1334|fr:1071|pt:752|ar:485|de:300|pl:137
2026-08-18T07:13:18Z,1264310518,en:26658|es:620|ja:425|ar:122|ru:115|pt:57|zh:26|fr:12|it:11|other:3
2026-08-18T07:13:18Z,29595,ru:24136|en:2429|pt:321|uk:262|es:72|ro:24|bg:23|id:18|th:17|de:12
2026-08-18T07:13:18Z,33214,en:16549|es:3278|de:565|fr:494|ru:357|pt:336|it:331|ar:210|ja:154|pl:30
2026-08-18T07:13:18Z,32982,en:10870|es:9333|ru:1792|fr:892|de:574|pt:471|th:110|other:92|it:63|ja:38
2026-08-18T07:13:18Z,32399,en:9091|ru:7872|pl:2383|pt:1746|es:503|de:428|uk:366|da:132|fr:121|cs:108
2026-08-18T07:13:18Z,27471,en:19089|es:1015|ru:881|ja:464|de:409|pt:334|pl:59|fr:53|zh:46|nl:19
2026-08-18T07:13:18Z,491487,en:10740|es:5007|ja:1165|de:639|ru:457|pt:440|ar:331|fr:312|zh:116|th:36
2026-08-18T07:13:18Z,509672,en:7474|de:5015|fr:1255|ru:814|zh:732|fi:393|uk:353|nl:309|ja:303|pt:136
2026-08-18T07:13:18Z,481755850,en:16727|pl:112|fr:18|es:10|ru:9|ja:1
2026-08-18T07:13:18Z,499973,en:12097|fr:1772|de:701|es:591|ja:207|pt:9|bg:9|ru:3|ca:2|sk:1
2026-08-18T07:13:18Z,515025,en:9366|ja:2084|es:972|ru:373|ar:363|fr:242|pt:216|th:153|zh:146|de:92
2026-08-18T07:13:18Z,2132205352,en:12124|ru:587|ja:105|pt:50|es:34|fr:10|ar:4|uk:2|th:1
2026-08-18T07:13:18Z,511224,en:6467|ja:3321|zh:1248|es:393|ru:270|ar:162|th:57|fr:39|de:27|zh-hk:22
2026-08-18T07:13:18Z,31339,en:7746|de:1564|fr:1186|pt:552|es:288|ru:121|ja:25|cs:15|zh:9|th:2
2026-08-18T07:13:18Z,29452,en:4270|pt:3647|ru:619|es:229
2026-08-18T07:13:18Z,18122,en:7071|ru:1416|de:1296|fr:310|uk:186|es:181|pt:159|zh:45|ar:15|sv:9
2026-08-18T07:13:18Z,630009802,en:7500|ru:246|ja:166|es:64|de:52|zh:31|pt:12|other:5|ar:3|fr:1
2026-08-18T07:13:18Z,512710,en:6751|es:861|de:535|fr:315|ru:110|pt:110|hu:32|it:27|cs:25|el:4
2026-08-18T07:13:18Z,498566,de:2875|en:1037|pt:592|es:400|fr:3|other:1|ko:1|fi:1
2026-08-18T07:13:18Z,27546,en:6383|de:684|ru:360|uk:306|ja:98|pl:94|cs:67|fr:66|hu:47|fi:22
2026-08-18T07:13:18Z,1081998272,es:6158|en:1566|zh:78|ru:57|ja:11|pt:10|pl:2|ar:2|id:1
2026-08-18T07:13:18Z,509659,en:5246|es:1845|ja:71|ru:25|fr:16|zh:9|other:2|de:2
2026-08-18T07:13:18Z,513181,en:4804|zh:750|ru:447|pt:416|es:350|ja:221|fr:88|ar:17|tl:16|de:16
2026-08-18T07:13:18Z,709941216,en:6689|zh:2|fr:1
2026-08-18T07:13:18Z,509660,en:4035|ja:763|zh:754|es:271|th:189|de:180|fr:169|ko:103|ru:67|other:23
2026-08-18T07:13:18Z,138585,en:4619|fr:661|ja:443|ru:351|zh:219|de:17|es:15|cs:1
2026-08-18T07:13:18Z,386821,en:2884|ru:797|pt:596|zh:476|th:304|ja:272|es:126|de:103|tr:86|fr:76
2026-08-18T07:13:18Z,676802825,pt:4520|en:1054|zh:28|es:23|ar:13|ja:4
2026-08-18T07:13:18Z,26936,en:4441|es:122|zh:51|ja:47|fr:33|th:29|da:18|it:16|de:16|ru:12
2026-08-18T07:13:18Z,27284,en:4137|pt:321|es:284|ja:251|fr:189|ru:69|fi:36|other:5|uk:3|no:1
2026-08-18T07:13:18Z,513143,zh:1774|en:1699|fr:703|ja:462|pl:104|sv:97|ar:85|es:35|th:31|ru:21
2026-08-18T07:13:18Z,29307,en:3946|ru:507|fr:127|zh:123|pt:59|ja:53|th:31|es:19|uk:12|de:9
2026-08-18T07:13:18Z,531697421,en:4789
2026-08-18T07:13:18Z,509663,de:3739|en:788|ja:152|es:3|pt:2|ar:2|tl:1|fr:1|zh:0
2026-08-18T07:13:18Z,498592,en:1582|de:1091|fr:460|es:389|ru:340|pt:278|zh:197|hu:91|it:77|ar:45
2026-08-18T07:13:18Z,460630,en:4183|es:152|ja:127|de:31|pt:27|hu:13|th:10|ru:10|fr:10|ar:10
2026-08-18T07:13:18Z,624536948,en:2523|pt:659|de:643|es:322|ru:59|fr:20|ja:10|ar:8|tr:5|uk:3
2026-08-18T07:13:18Z,272263131,en:3854|ja:239|zh:188|cs:50|de:44|fr:10|es:9|it:4|ru:2|other:1
2026-08-18T07:13:18Z,23020,en:3087|es:471|ru:395|ar:58|pt:26|zh:22|de:21|fr:15|ja:3|uk:1
2026-08-18T07:13:18Z,24241,en:3398|ja:797|zh:107|de:107|fr:57|es:55|pt:8|ru:4|pl:3|sv:1
2026-08-18T07:13:18Z,55453844,ja:3703|en:411|pt:38|es:22|zh-hk:12|zh:3|ru:1
2026-08-18T07:13:18Z,1036710512,en:2777|ja:453|de:221|es:189|fr:130|ru:52|ar:30|zh:29|pt:26|fi:15
2026-08-18T07:13:18Z,852009328,en:2834|ja:271|fr:248|sk:150|ru:139|pt:131|de:94|es:68|pl:25|th:17
2026-08-18T07:13:18Z,116747788,ru:2443|en:1287|de:6|tl:1
2026-08-18T07:13:18Z,459931,en:3570|fi:32|es:4
2026-08-18T07:13:18Z,1669431183,en:2900|de:576|pt:41|es:7|ja:2|ru:1|other:1|fr:1|da:1
2026-08-18T07:13:18Z,670138298,en:2423|other:947
2026-08-18T07:13:18Z,464339927,en:2364|ru:545|de:371|it:111|ja:48|es:15|pl:11|other:3|fr:3|ar:3
2026-08-18T07:13:18Z,2012789438,en:3102|ar:158|fr:112|es:24|de:5|ja:4|pl:3|it:3|other:2
2026-08-18T07:13:18Z,512953,en:1921|de:919|zh:130|pt:123|es:106|ru:96|ja:70|fr:32|ar:12|uk:11
2026-08-18T07:13:18Z,493057,ru:1356|uk:460|en:419|es:197|el:119|pt:102|zh:94|th:72|de:54|ja:43
2026-08-18T07:13:18Z,493959,en:2606|de:126|pt:75|es:60|fr:46|ru:26|th:8
2026-08-18T07:13:18Z,263490,en:946|ja:801|ru:583|it:194|es:141|fr:88|pt:50|uk:26|de:25|hu:17
2026-08-18T07:13:18Z,500188,en:1884|de:392|ru:299|ja:89|es:49|fr:30|uk:29|pt:20|ar:8|pl:6
2026-08-18T07:13:18Z,499634,en:2513|ru:267|es:7|tr:1|it:1|fr:1|de:1
2026-08-18T07:13:18Z,19976,zh:2202|en:528|ja:37|es:6|th:4|fr:2
2026-08-18T07:13:18Z,499003,en:2539|es:31|pt:4
2026-08-18T07:13:18Z,66082,en:2119|zh:102|hu:52|ja:46|es:42|pt:30|ru:27|zh-hk:21|tr:18|de:9
2026-08-18T07:13:18Z,518203,es:1801|it:401|en:128|sv:88|de:3|ru:2|pt:1
2026-08-18T07:13:18Z,417528,es:1324|en:310|pt:242|ru:233|fr:74|ja:37|zh:14|tr:11|pl:5|de:2
2026-08-18T07:13:18Z,19619,pt:1743|es:258|pl:74|en:38|sv:1
2026-08-18T07:13:18Z,30921,en:1565|es:202|fr:116|de:65|ar:27|nl:24|ru:8|pt:6|ja:5|it:4
2026-08-18T07:13:18Z,401587136,ru:749|en:702|es:153|other:87|zh:59|pt:50|de:45|pl:28|cs:22|ja:18
2026-08-18T07:13:18Z,1282866981,en:980|zh:365|ru:315|pt:82|fr:71|ja:66|th:61|es:14|de:13|tl:4
2026-08-18T07:13:18Z,65632,en:1798|ru:70|fr:36|es:19|de:18|ja:10|pl:9|fi:5|hu:3|ro:2
2026-08-18T07:13:18Z,502829,ru:1762|uk:9|other:1
2026-08-18T07:13:18Z,511399,en:1648|es:114|ja:10
2026-08-18T07:13:18Z,805894826,en:1724|es:14
2026-08-18T07:13:18Z,1169827,en:1651|ru:75|fr:1
2026-08-18T07:13:18Z,168648543,en:1387|pl:77|it:56|fr:40|es:39|de:39|ja:35|pt:8|ru:5|ar:4
2026-08-18T07:13:18Z,509511,en:1173|de:426|es:106
2026-08-18T07:13:18Z,2748,en:1659|fr:65|it:36|pt:10|de:6
2026-08-18T07:13:18Z,33945,de:1459
2026-08-18T07:13:18Z,1435206302,en:1593|tl:40|ja:15|fr:2
2026-08-18T07:13:18Z,2112738408,en:1615|es:6|ja:2|ru:1
2026-08-18T07:13:18Z,315165001,ja:1370|de:170|en:42|pl:13|fr:5|fi:4|ru:3
2026-08-18T07:13:18Z,66170,en:1364|es:56|ja:41|fr:35|zh:26|ru:25|pt:15|de:9|it:6|uk:5
2026-08-18T07:13:18Z,511974,en:1560
2026-08-18T07:13:18Z,766571430,en:1292|es:55|pt:39|ru:33|ja:23|zh:9|fr:5|de:2|tr:1|it:1
2026-08-18T07:13:18Z,504463,en:1210|ja:110|zh:50|de:20|ru:16|es:9|cs:2|pt:1|ko:1|ar:1
2026-08-18T07:13:18Z,506327,ru:1472|fr:1|en:1
2026-08-18T07:13:18Z,1414406743,en:1434|de:32|fr:1
2026-08-18T07:13:18Z,34134,en:1274|es:144|de:10|fr:5|pt:2|ar:2|other:1
2026-08-18T07:13:18Z,539257489,fr:671|en:533|de:74|ja:49|zh:38|es:24|it:9|ru:1|pt:1|ko:1
2026-08-18T07:13:18Z,494184,ru:905|en:213|pt:127|other:29|tl:15|es:14|id:1|ar:1|uk:0
2026-08-18T07:13:18Z,71375,de:701|en:381|fr:172|es:93|it:15|ru:6|pt:4
2026-08-18T07:13:18Z,497057,en:1307|es:32|fr:14|pt:4|de:4|ru:1|pl:1|ja:0
2026-08-18T07:13:18Z,1599346425,en:541|de:325|es:164|zh:127|ja:64|th:60|fr:23|ru:14|nl:3|ko:2
2026-08-18T07:13:18Z,982348888,en:1038|ja:102|ar:43|de:35|tl:20|it:15|es:12|pt:6|zh:3|pl:2
2026-08-18T07:13:18Z,20596,fr:1244|en:23|es:1
2026-08-18T07:13:18Z,495811,pt:1055|en:114|de:75|ru:3|zh:1
2026-08-18T07:13:18Z,1494,en:980|es:117|fr:29|de:15|pt:11|ar:5|sv:3|th:2|nl:2|ja:2
2026-08-18T07:13:18Z,518144,en:1148|es:23|fr:16|de:1
2026-08-18T07:13:18Z,512864,zh:539|ja:488|en:132|ru:2
2026-08-18T07:13:18Z,1535286692,en:1130
2026-08-18T07:54:06Z,509658,en:65366|ja:19566|ru:17509|zh:11265|de:6657|es:6326|fr:6216|pt:3603|pl:1685|ko:1320
2026-08-18T07:54:06Z,491931,en:45439|ja:31516|ru:2976|de:1285|fr:885|es:228|hu:101|fi:84|pt:76|tr:75
2026-08-18T07:54:06Z,21779,en:17708|zh:9611|es:6623|fr:5130|ja:3229|de:2709|pl:2001|ru:1226|pt:986|nl:490
2026-08-18T07:54:06Z,1832841853,en:10947|ru:7968|zh:4734|de:4002|fr:3301|hu:616|it:166|ar:153|pl:147|es:48
2026-08-18T07:54:06Z,516575,ja:8403|zh:7633|en:7330|ru:1868|es:1685|fr:1514|pt:690|ar:531|de:451|pl:164
2026-08-18T07:54:06Z,32399,ru:12513|en:8819|pt:2552|pl:2504|de:934|fr:819|uk:479|es:430|da:171|it:169
2026-08-18T07:54:06Z,1264310518,en:22520|es:543|ja:418|ar:158|ru:153|pt:70|zh:42|fr:24|it:19|th:6
2026-08-18T07:54:06Z,32982,es:9650|en:8919|ru:2287|fr:805|de:622|it:439|pt:297|th:126|ja:59|uk:33
2026-08-18T07:54:06Z,27471,en:18754|ru:908|es:842|de:482|pt:336|ja:323|hu:171|fr:87|pl:73|zh:24
2026-08-18T07:54:06Z,29595,ru:16751|en:3975|uk:356|pt:284|es:63|th:50|bg:31|ro:30|id:23|de:18
2026-08-18T07:54:06Z,33214,en:13526|es:3457|fr:750|de:593|it:421|ru:409|pt:304|ar:173|ja:148|pl:66
2026-08-18T07:54:06Z,509672,en:6240|de:5148|ja:2557|fr:1666|ru:1235|zh:753|uk:458|fi:382|nl:327|pt:163
2026-08-18T07:54:06Z,491487,en:10717|ja:1307|es:988|de:805|ru:744|fr:478|ar:320|pt:293|zh:173|th:59
2026-08-18T07:54:06Z,481755850,en:15936|pl:153|es:82|fr:21|ru:6
2026-08-18T07:54:06Z,499973,en:12108|fr:1910|de:653|es:610|ja:230|pt:12|bg:11|ru:3|sk:1|other:1
2026-08-18T07:54:06Z,511224,en:6501|ja:3745|zh:2036|es:469|ru:354|th:237|de:106|fr:77|ar:39|zh-hk:29
2026-08-18T07:54:06Z,515025,en:8801|ja:1876|es:636|ar:447|ru:388|fr:292|pt:185|th:178|zh:177|de:110
2026-08-18T07:54:06Z,18122,en:7599|de:1782|ru:1755|fr:656|es:366|uk:174|pt:166|zh:55|nl:20|ar:15
2026-08-18T07:54:06Z,31339,en:6493|de:1766|fr:1658|pt:378|es:273|ru:152|pl:42|zh:24|ja:24|cs:15
2026-08-18T07:54:06Z,29452,en:4543|pt:3724|ru:1802|es:94
2026-08-18T07:54:06Z,512710,en:6355|de:639|es:603|fr:384|it:175|ru:170|pt:132|hu:65|cs:40|nl:21
2026-08-18T07:54:06Z,27546,en:6754|de:756|uk:521|ru:385|pl:118|ja:102|fr:79|cs:77|hu:59|zh:34
2026-08-18T07:54:06Z,498566,en:4721|de:3069|pt:593|es:290|th:39|fr:3|other:1|ko:1|fi:1
2026-08-18T07:54:06Z,630009802,en:7798|ru:252|es:55|de:55|ja:50|zh:35|pt:11|ar:4|fr:3
2026-08-18T07:54:06Z,138585,en:6084|fr:885|ru:549|ja:451|zh:221|ro:21|de:16|es:6|sk:0
2026-08-18T07:54:06Z,509659,en:5541|es:1624|ja:65|ru:46|fr:15|other:2|de:2
2026-08-18T07:54:06Z,509660,en:4075|zh:867|ja:725|fr:274|de:221|th:209|es:178|ko:151|ru:117|other:25
2026-08-18T07:54:06Z,513181,en:4931|zh:772|ru:471|ja:233|fr:117|es:91|ar:58|pt:40|tl:20|de:14
2026-08-18T07:54:06Z,513143,es:2305|zh:1445|en:1293|fr:830|ja:564|de:63|ru:23|hu:22|it:17|th:13
2026-08-18T07:54:06Z,709941216,en:6546|zh:3|fr:2
2026-08-18T07:54:06Z,386821,en:3187|ru:835|pt:603|zh:514|th:291|ja:281|de:130|es:103|tr:102|fr:86
2026-08-18T07:54:06Z,509663,de:4932|es:1959|en:632|uk:248|ja:33|pt:2|ar:2|zh:1|tl:1|fr:1
2026-08-18T07:54:06Z,26936,en:4761|ja:150|es:119|fr:76|zh:45|th:25|it:24|ru:18|de:12|other:4
2026-08-18T07:54:06Z,29307,en:3984|ru:698|fr:194|zh:142|ja:65|pt:59|th:25|uk:24|es:18|de:18
2026-08-18T07:54:06Z,2132205352,en:4063|ru:859|ja:77|pt:52|es:29|fr:10|de:4|ar:3|uk:2|th:2
2026-08-18T07:54:06Z,24241,en:3701|ja:773|zh:175|fr:131|de:105|es:12|pt:9|it:8|ru:5|pl:2
2026-08-18T07:54:06Z,531697421,en:4812
2026-08-18T07:54:06Z,55453844,ja:4143|en:476|pt:35|zh:23|ru:6|es:2
2026-08-18T07:54:06Z,498592,en:1548|de:978|es:587|fr:462|ru:362|pt:307|zh:119|it:89|hu:81|bg:53
2026-08-18T07:54:06Z,27284,en:3556|ja:324|es:225|fr:189|pt:132|ru:83|fi:46|other:4|ko:4|pl:1
2026-08-18T07:54:06Z,272263131,en:3902|ja:231|zh:186|cs:56|de:45|fr:9|es:8|it:5|ru:2|other:1
2026-08-18T07:54:06Z,23020,en:3111|ru:429|es:339|de:85|ar:68|fr:37|zh:18|pt:12|ja:6|nl:3
2026-08-18T07:54:06Z,624536948,en:2131|de:1133|es:226|pt:135|ru:114|ar:96|fr:43|it:11|ja:10|uk:7
2026-08-18T07:54:06Z,518203,es:3229|it:506|en:187|de:4|ru:1|pt:1
2026-08-18T07:54:06Z,464339927,en:2348|de:642|ru:639|es:81|it:61|ja:38|fr:16|pl:14|pt:5|other:3
2026-08-18T07:54:06Z,1036710512,en:2547|ja:416|de:338|es:156|fr:140|zh:54|pt:29|ru:27|ar:18|fi:16
2026-08-18T07:54:06Z,493057,ru:1641|uk:711|en:427|el:183|zh:128|es:116|de:104|th:62|pt:54|ja:50
2026-08-18T07:54:06Z,460630,en:3364|es:133|ja:123|de:46|fr:28|th:27|hu:16|ru:8|pl:8|zh:7
2026-08-18T07:54:06Z,2112738408,en:3351|ja:2|es:2|ru:1|de:0
2026-08-18T07:54:06Z,459931,en:3626|fi:37|es:1
2026-08-18T07:54:06Z,116747788,ru:1842|en:1687|tl:1|de:1
2026-08-18T07:54:06Z,852009328,en:1874|ja:300|fr:287|ru:246|sk:161|pt:127|de:121|es:74|pl:34|th:22
2026-08-18T07:54:06Z,1669431183,en:2651|de:542|ja:19|es:6|ru:3|pt:2|other:1|da:1
2026-08-18T07:54:06Z,2012789438,en:2533|ar:154|fr:124|es:19|de:12|ja:11|pl:4|ru:2|it:2|vi:1
2026-08-18T07:54:06Z,512953,en:1439|de:1074|ru:181|zh:116|ja:76|pt:66|fr:34|es:25|ar:24|uk:16
2026-08-18T07:54:06Z,500188,en:1950|de:441|ru:310|ja:84|uk:63|fr:23|es:22|pt:10|pl:5|ar:5
2026-08-18T07:54:06Z,19976,zh:2206|en:512|ja:30|th:14|fr:2
2026-08-18T07:54:06Z,263490,en:917|ru:912|ja:254|it:200|fr:170|es:133|pt:56|uk:48|de:28|hu:16
2026-08-18T07:54:06Z,499634,en:2440|ru:260|es:7|fr:4|tr:1|it:1|de:1
2026-08-18T07:54:06Z,66082,en:2111|ja:62|hu:60|zh:36|es:34|zh-hk:22|de:18|pt:15|ar:10|ru:8
2026-08-18T07:54:06Z,499003,en:2278|es:40|pt:4
2026-08-18T07:54:06Z,417528,es:1206|en:327|ru:288|pt:225|fr:115|ja:23|tr:11|zh:10|de:9|pl:7
2026-08-18T07:54:06Z,65632,en:1898|fr:145|ru:113|de:27|es:13|fi:10|pl:8|hu:3|pt:2|uk:1
2026-08-18T07:54:06Z,1282866981,en:956|ru:422|zh:394|fr:105|pt:81|ja:66|th:49|de:37|es:18
2026-08-18T07:54:06Z,670138298,en:2103
2026-08-18T07:54:06Z,401587136,ru:798|en:567|de:293|es:180|other:92|zh:86|cs:38|pl:31|ja:23|fr:20
2026-08-18T07:54:06Z,30921,en:1498|fr:174|es:122|de:66|ar:26|ru:22|ja:13|it:8|hu:5|pt:3
2026-08-18T07:54:06Z,20596,fr:1978|en:24|es:3
2026-08-18T07:54:06Z,2748,en:1708|it:61|fr:53|ja:51|de:13|pt:11
2026-08-18T07:54:06Z,19619,pt:1525|es:186|pl:82|en:33
2026-08-18T07:54:06Z,66170,en:1616|fr:46|ja:41|es:34|ru:31|zh:21|pt:16|it:11|de:9|da:2
2026-08-18T07:54:06Z,1081998272,en:1251|es:341|zh:93|ru:81|ja:23|pt:4|id:1
2026-08-18T07:54:06Z,539257489,en:470|de:406|fr:197|ja:57|zh:33|es:16|it:11|ru:1|ko:1|hu:1
2026-08-18T07:54:06Z,168648543,en:1268|pl:111|fr:51|de:50|es:43|ja:39|ru:35|ar:26|hu:4|nl:1
2026-08-18T07:54:06Z,766571430,en:1476|es:59|zh:34|ru:34|pt:30|ja:30|de:3|uk:1|pl:1|it:1
2026-08-18T07:54:06Z,511399,en:1550|es:93
2026-08-18T07:54:06Z,1599346425,en:603|de:421|es:285|zh:151|ja:60|th:59|fr:34|nl:5|it:4|ru:3
2026-08-18T07:54:06Z,12839,ru:1214|pl:262|en:152
2026-08-18T07:54:06Z,509511,en:1069|de:445|es:103
2026-08-18T07:54:06Z,502829,ru:1510|uk:9|other:1
2026-08-18T07:54:06Z,71375,de:806|en:364|fr:244|es:91|it:14|ru:6|pt:2|ko:0
2026-08-18T07:54:06Z,315165001,ja:1419|en:43|pl:13|ru:8|fr:8|fi:4|ar:4|de:2
2026-08-18T07:54:06Z,1414406743,en:1444|de:44|fr:1
2026-08-18T07:54:06Z,518017,en:1413|ar:60|ru:3|hu:3|ja:2|fr:0
2026-08-18T07:54:06Z,506327,ru:1430|fr:1
2026-08-18T07:54:06Z,1435206302,en:1334|tl:35|ja:14|fr:7|de:0
2026-08-18T07:54:06Z,494184,ru:1034|en:246|pt:119|es:24|tl:8|el:3|ar:2|uk:0
2026-08-18T07:54:06Z,33945,de:1396
2026-08-18T07:54:06Z,511974,en:1518
2026-08-18T07:54:06Z,1101172730,en:1388
2026-08-18T07:54:06Z,493959,en:958|ru:43|fr:42|es:37|pt:32|de:32|th:10|other:1
2026-08-18T07:54:06Z,504463,en:1167|ja:105|ru:23|zh:18|es:17|de:17|fr:5|cs:4|ko:1|ar:1
2026-08-18T07:54:06Z,34134,en:1235|es:107|de:13|fr:3|pt:2|other:1|ar:0
2026-08-18T07:54:06Z,982348888,en:1023|ja:103|ar:54|de:37|tl:30|it:21|es:9|pt:5|zh:2|pl:1
2026-08-18T07:54:06Z,497057,en:1207|fr:25|es:16|de:13|ru:4|pt:4|pl:1|ja:1
2026-08-18T07:54:06Z,1393304883,ru:1122
2026-08-18T07:54:06Z,805894826,en:1131
2026-08-18T07:54:06Z,8676,en:1003|ja:3
2026-08-18T07:54:06Z,1931693784,ja:758|en:301|es:30|fr:16
2026-08-18T07:54:06Z,512864,zh:614|ja:350|en:104|th:2|ru:2
2026-08-18T08:24:37Z,509658,en:61838|ja:22406|ru:21121|zh:12007|de:7856|fr:7534|es:5800|pt:2630|pl:2196|it:1427
2026-08-18T08:24:37Z,21779,en:23833|zh:11753|fr:6433|es:6326|ja:3457|de:2932|pl:2282|ru:1997|pt:729|nl:413
2026-08-18T08:24:37Z,491931,en:14641|ja:14613|ru:3547|de:1597|fr:1067|es:254|hu:129|fi:87|tr:83|pl:81
2026-08-18T08:24:37Z,1832841853,en:12407|ru:7591|zh:4839|de:4382|fr:3480|hu:896|it:224|pl:176|ar:156|es:40
2026-08-18T08:24:37Z,32399,ru:14136|en:9742|pl:3057|pt:2578|fr:1389|de:1142|uk:603|fi:332|da:172|es:145
2026-08-18T08:24:37Z,516575,ja:8357|en:7235|zh:6353|ru:2624|fr:1719|es:1158|de:910|ar:706|pt:687|pl:160
2026-08-18T08:24:37Z,511224,ja:17398|en:5578|zh:2659|ru:429|es:362|th:301|de:128|fr:95|ar:32|other:23
2026-08-18T08:24:37Z,32982,es:9272|en:8118|ru:3044|fr:908|de:811|it:573|pt:256|th:151|ja:61|uk:40
2026-08-18T08:24:37Z,499973,en:19814|fr:1989|es:679|de:644|ja:221|pt:9|bg:9|ru:5|sk:1|other:1
2026-08-18T08:24:37Z,27471,en:17631|ru:846|es:798|de:602|ja:383|pt:263|hu:236|fr:194|pl:97|nl:57
2026-08-18T08:24:37Z,509672,de:6501|en:4303|ja:2952|fr:2733|ru:2204|zh:847|uk:510|es:508|fi:354|nl:327
2026-08-18T08:24:37Z,29595,ru:14593|en:4479|uk:355|pt:279|th:60|cs:45|bg:39|ro:37|de:28|id:26
2026-08-18T08:24:37Z,33214,en:12733|es:2968|fr:834|de:594|ru:548|it:519|ar:208|pt:120|ja:119|pl:82
2026-08-18T08:24:37Z,491487,en:9330|es:2337|ja:1343|ru:865|de:752|fr:557|ar:255|pt:226|zh:204|th:57
2026-08-18T08:24:37Z,18122,en:9446|ru:2043|de:1870|fr:1088|es:554|pt:171|zh:52|uk:41|nl:29|sv:18
2026-08-18T08:24:37Z,1264310518,en:12687|ja:505|es:496|ru:179|ar:109|pt:57|zh:46|fr:45|it:29|de:10
2026-08-18T08:24:37Z,515025,en:8664|ja:2822|es:483|ru:421|ar:416|fr:340|zh:203|th:173|pt:162|de:152
2026-08-18T08:24:37Z,31339,en:7461|fr:1862|de:1821|pt:385|es:279|ru:173|pl:38|zh:37|ja:19|cs:15
2026-08-18T08:24:37Z,498566,en:5398|de:4455|pt:575|es:124|th:50|fr:3|other:1|ko:1|fi:1
2026-08-18T08:24:37Z,512710,en:6809|de:664|es:466|fr:432|it:291|ru:218|pt:109|hu:58|nl:48|cs:42
2026-08-18T08:24:37Z,138585,en:6530|fr:1016|ru:721|ja:484|zh:280|de:20|ro:17|es:9|sk:0
2026-08-18T08:24:37Z,630009802,en:8441|ja:62|de:58|es:42|zh:37|pt:11|fr:4|ar:4|ru:3|it:1
2026-08-18T08:24:37Z,29452,en:4343|pt:3895|es:38
2026-08-18T08:24:37Z,27546,en:5466|de:866|uk:595|ru:446|pl:173|ja:91|cs:84|fr:80|hu:58|zh:32
2026-08-18T08:24:37Z,509660,en:3857|zh:972|ja:663|fr:406|de:280|th:199|ru:193|ko:184|es:127|other:27
2026-08-18T08:24:37Z,386821,en:3546|ru:874|pt:583|zh:521|th:345|ja:321|de:149|es:140|tr:120|fr:92
2026-08-18T08:24:37Z,509659,en:5418|es:1166|ja:59|ru:37|fr:13|de:3|other:2
2026-08-18T08:24:37Z,709941216,en:6631|zh:2|fr:2
2026-08-18T08:24:37Z,509663,de:3484|es:2175|en:376|uk:302|ja:32|fr:12|pt:2|ar:2|zh:1|tl:1
2026-08-18T08:24:37Z,513181,en:4727|ru:407|ja:227|zh:172|fr:131|es:108|ar:60|pt:48|tl:21|it:20
2026-08-18T08:24:37Z,26936,en:4796|es:106|pt:102|fr:90|ja:88|it:42|zh:27|de:15|ru:14|other:4
2026-08-18T08:24:37Z,29307,en:4205|ru:785|fr:240|zh:170|pt:68|ja:63|th:34|de:27|uk:24|es:11
2026-08-18T08:24:37Z,65632,ru:3325|en:2039|fr:176|de:30|fi:10|es:10|pl:7|sv:5|hu:2|uk:1
2026-08-18T08:24:37Z,24241,en:3592|ja:907|zh:255|de:162|fr:150|pt:46|fi:36|es:18|it:7|ru:5
2026-08-18T08:24:37Z,2132205352,en:3983|ru:942|ja:69|pt:34|es:21|fr:16|zh:4|de:2
2026-08-18T08:24:37Z,518203,es:4082|it:772|en:146|hu:14|zh:2|de:2|pt:1
2026-08-18T08:24:37Z,852009328,en:2207|fr:322|ja:318|ru:302|de:182|sk:166|pt:120|uk:116|es:68|ar:60
2026-08-18T08:24:37Z,531697421,en:4950
2026-08-18T08:24:37Z,513143,zh:1346|en:1339|fr:958|ja:531|es:333|pl:148|de:68|hu:28|ru:25|it:25
2026-08-18T08:24:37Z,55453844,ja:4706|en:402|zh:38|pt:34|ru:13|tl:4|es:2
2026-08-18T08:24:37Z,498592,en:1697|de:965|fr:473|pt:382|ru:376|es:356|zh:125|hu:86|bg:51|it:50
2026-08-18T08:24:37Z,272263131,en:3911|ja:245|zh:181|de:51|cs:41|es:9|fr:8|it:5|ru:2|other:1
2026-08-18T08:24:37Z,624536948,en:2027|de:1400|es:184|pt:183|ru:136|it:87|fr:46|ar:35|id:8|ja:7
2026-08-18T08:24:37Z,23020,en:2970|ru:442|es:264|de:106|ar:70|fr:63|zh:16|pt:8|cs:5|hu:4
2026-08-18T08:24:37Z,27284,en:3106|ja:372|es:228|fr:210|ru:106|pl:30|pt:17|other:6|ko:4|de:4
2026-08-18T08:24:37Z,464339927,en:2184|ru:880|de:782|es:98|it:72|ja:37|fr:27|pl:13|tr:4|other:4
2026-08-18T08:24:37Z,460630,en:2953|es:183|ja:136|de:79|hu:31|fr:27|th:21|zh:19|it:11|pl:10
2026-08-18T08:24:37Z,1036710512,en:2360|ja:447|de:380|fr:156|es:141|zh:58|ru:45|ar:24|pt:21|fi:15
2026-08-18T08:24:37Z,2112738408,en:3468|ja:2|ru:1|es:1|de:0
2026-08-18T08:24:37Z,493057,ru:2027|en:430|el:213|de:135|zh:129|th:91|pt:77|ja:76|es:75|uk:60
2026-08-18T08:24:37Z,263490,en:960|ru:954|fi:568|ja:268|fr:187|es:143|pt:63|de:39|uk:35|hu:21
2026-08-18T08:24:37Z,499634,en:2812|ru:256|fr:16|es:7|tr:1|it:1|de:1
2026-08-18T08:24:37Z,1669431183,en:2451|de:582|ja:3|pt:2|es:2|other:1|da:1
2026-08-18T08:24:37Z,512953,en:1435|de:868|ru:299|zh:205|ja:64|pt:58|fr:38|hu:36|ar:27|es:16
2026-08-18T08:24:37Z,459931,en:2999|fi:34|es:1|da:1
2026-08-18T08:24:37Z,500188,en:1782|de:484|ru:345|uk:70|th:37|fr:23|es:22|pl:15|ar:11|pt:10
2026-08-18T08:24:37Z,19976,zh:2270|en:538|th:16|fr:4|ja:2
2026-08-18T08:24:37Z,2012789438,en:2427|fr:176|ar:143|es:55|de:21|ja:12|it:5|pl:4|cs:3|zh:1
2026-08-18T08:24:37Z,315165001,ja:1464|de:1014|en:116|pl:24|fr:11|fi:5|ru:3|uk:1
2026-08-18T08:24:37Z,1282866981,en:1056|zh:500|ru:457|fr:142|pt:81|de:74|ja:71|th:52|es:48|ar:3
2026-08-18T08:24:37Z,401587136,ru:1123|en:647|de:248|es:152|zh:89|other:85|cs:45|pl:43|ja:30|fr:18
2026-08-18T08:24:37Z,66082,en:1955|hu:63|ja:55|zh:33|zh-hk:24|es:22|de:19|ru:17|fr:16|pt:14
2026-08-18T08:24:37Z,417528,es:1157|en:295|ru:266|pt:216|fr:155|ja:35|zh:10|de:10|pl:7|sk:4
2026-08-18T08:24:37Z,13389,en:1958|vi:35|fr:30|es:21|de:17|zh:1|ru:1
2026-08-18T08:24:37Z,66170,en:1764|ja:55|fr:48|ru:42|de:28|zh:21|es:17|it:13|pt:7|da:2
2026-08-18T08:24:37Z,2748,en:1636|fr:160|ja:91|it:82|de:15|pt:10|es:2
2026-08-18T08:24:37Z,670138298,en:1940|es:2
2026-08-18T08:24:37Z,19619,pt:1648|es:110|pl:108|en:18
2026-08-18T08:24:37Z,12839,ru:1448|pl:290|en:160
2026-08-18T08:24:37Z,499003,en:1848|es:32|zh:3|pt:2|ru:1
2026-08-18T08:24:37Z,20596,fr:1998|en:22|es:3
2026-08-18T08:24:37Z,30921,en:1204|fr:256|es:96|de:81|ar:28|ru:20|it:16|ja:13|hu:8|pl:6
2026-08-18T08:24:37Z,1599346425,en:600|de:493|es:374|zh:157|fr:65|ja:57|th:52|ru:5|nl:5|pt:3
2026-08-18T08:24:37Z,116747788,en:1810|de:2|tl:1
2026-08-18T08:24:37Z,1081998272,en:955|fr:363|es:226|zh:79|ru:75|th:20|ja:9|pt:4|tr:2|de:2
2026-08-18T08:24:37Z,766571430,en:1426|es:61|zh:49|ru:39|pt:32|ja:12|de:5|fr:3|tl:2|pl:2
2026-08-18T08:24:37Z,71375,de:842|en:355|fr:323|es:101|it:15|ru:5|pt:1|ko:1
2026-08-18T08:24:37Z,502829,ru:1636|other:1
2026-08-18T08:24:37Z,509511,en:983|de:448|es:104
2026-08-18T08:24:37Z,1414406743,en:1505|de:36|fr:1
2026-08-18T08:24:37Z,168648543,en:1197|pl:137|fr:71|de:54|es:52|ja:38|ar:32|ru:31|hu:6|it:2
2026-08-18T08:24:37Z,1435206302,en:1420|tl:34|ja:16|fr:3
2026-08-18T08:24:37Z,511399,en:1459
2026-08-18T08:24:37Z,494184,ru:1079|en:232|pt:111|es:17|el:5|uk:1|ar:1
2026-08-18T08:24:37Z,33945,de:1405
2026-08-18T08:24:37Z,1101172730,en:1382
2026-08-18T08:24:37Z,518017,en:1356|ru:3|ja:3|hu:2
2026-08-18T08:24:37Z,504463,en:1178|ja:117|ru:32|fr:23|zh:22|de:22|es:17|cs:3|pt:2|ko:2
2026-08-18T08:24:37Z,511974,en:1345
2026-08-18T08:24:37Z,982348888,en:1025|ja:80|ar:71|de:68|tl:26|it:26|ru:22|es:8|pt:5|zh:2
2026-08-18T08:24:37Z,506327,ru:1318|fr:2
2026-08-18T08:24:37Z,1469308723,en:645|ru:385|fr:158|zh:124|de:14|es:10|ja:5|th:3|pt:1|it:0
2026-08-18T08:24:37Z,539257489,en:574|de:386|fr:234|ja:57|zh:35|es:13|hu:3|it:2|ru:1|ko:1
2026-08-18T08:24:37Z,34134,en:1151|es:83|de:21|fr:9|pt:2|ar:2|other:1
2026-08-18T08:24:37Z,1393304883,ru:1215
2026-08-18T08:24:37Z,497057,en:1147|fr:23|es:16|ru:9|de:7|pt:6|ja:3|pl:1
2026-08-18T08:24:37Z,31336,de:345|es:304|tr:227|pt:92|pl:77|ro:53|en:36|it:21|cs:20|fr:10
2026-08-18T08:24:37Z,493959,en:628|ru:47|fr:39|de:36|es:33|pt:21|th:9|other:2|pl:0|it:0
2026-08-18T08:24:37Z,488488,ja:1102
2026-08-18T08:24:37Z,805894826,en:1097|it:1
2026-08-18T09:01:11Z,509658,en:45733|ru:26750|fr:9725|de:9294|zh:9020|ja:8687|es:5051|pt:2800|pl:2159|it:1399
2026-08-18T09:01:11Z,21779,en:22127|es:8090|fr:7655|zh:7195|ja:3985|de:3154|pl:2702|ru:2013|pt:621|nl:354
2026-08-18T09:01:11Z,32399,ru:19102|en:11779|pt:2938|pl:2586|fr:1991|de:1449|uk:719|fi:355|da:277|es:165
2026-08-18T09:01:11Z,491931,ja:16226|en:14944|ru:3664|de:1777|fr:1216|es:328|fi:190|hu:108|tr:100|pl:91
2026-08-18T09:01:11Z,516575,ja:9098|zh:9067|en:7061|ru:2924|fr:1785|de:1461|es:1088|ar:712|pt:627|th:152
2026-08-18T09:01:11Z,1832841853,en:9444|ru:8214|zh:5488|de:4708|fr:3516|hu:913|it:285|pl:207|ar:123|es:68
2026-08-18T09:01:11Z,511224,ja:21991|en:5427|zh:2734|ru:447|th:336|es:327|de:150|fr:125|other:31|ar:29
2026-08-18T09:01:11Z,499973,en:22513|fr:2172|de:671|es:646|ja:231|bg:11|pt:8|ru:2|nl:2|sk:1
2026-08-18T09:01:11Z,509672,de:8452|en:4560|fr:4116|ru:3105|zh:1409|es:886|uk:770|fi:408|pt:193|no:135
2026-08-18T09:01:11Z,32982,es:8697|en:8181|ru:3905|de:1109|it:806|pt:300|fr:255|th:117|ja:93|uk:59
2026-08-18T09:01:11Z,29595,ru:17604|en:5092|uk:443|pt:288|ro:55|cs:55|th:51|bg:43|es:21|it:13
2026-08-18T09:01:11Z,27471,en:17495|ru:1185|de:729|es:513|ja:402|fr:274|hu:255|pt:252|pl:116|nl:63
2026-08-18T09:01:11Z,33214,en:12837|es:2707|fr:791|ru:660|it:629|de:582|ja:191|ar:188|nl:169|pt:125
2026-08-18T09:01:11Z,18122,en:11122|de:2198|ru:1653|fr:1291|es:695|pt:181|uk:36|nl:33|el:25|zh:23
2026-08-18T09:01:11Z,515025,en:10133|ja:3778|es:425|fr:420|ar:408|ru:318|pt:180|zh:179|de:170|th:168
2026-08-18T09:01:11Z,491487,en:8888|ja:1339|ru:994|de:698|es:619|fr:612|ar:253|zh:209|pt:171|pl:61
2026-08-18T09:01:11Z,1264310518,en:11984|ja:494|es:333|ru:260|fr:121|ar:103|pt:41|zh:39|it:24|de:18
2026-08-18T09:01:11Z,31339,en:7374|fr:2064|de:1928|pt:348|ru:207|es:98|pl:55|zh:43|ja:22|uk:13
2026-08-18T09:01:11Z,498592,en:8277|fr:491|pt:450|es:426|de:353|ru:284|zh:134|pl:130|hu:93|bg:60
2026-08-18T09:01:11Z,498566,en:4751|de:4632|pt:559|es:98|fr:2|other:1|fi:1
2026-08-18T09:01:11Z,27546,en:6451|de:917|cs:891|uk:623|ru:488|pl:230|ja:91|fr:90|hu:67|zh:33
2026-08-18T09:01:11Z,138585,en:6166|ru:1599|fr:902|ja:545|zh:285|de:23|ro:20|es:8|tr:2|cs:1
2026-08-18T09:01:11Z,630009802,en:8282|de:61|zh:49|ja:36|es:27|pt:11|fr:6|ar:3|ru:1|it:1
2026-08-18T09:01:11Z,512710,en:4978|de:724|es:715|it:553|ru:546|fr:505|pt:114|hu:68|nl:65|cs:40
2026-08-18T09:01:11Z,12839,ru:7634|pl:184|en:167
2026-08-18T09:01:11Z,509663,de:5410|es:2202|en:356|ja:33|pt:27|fr:13|ar:2|zh:1|tl:1
2026-08-18T09:01:11Z,509660,en:3665|zh:934|ja:567|fr:508|de:407|ru:240|th:205|es:197|ko:194|uk:31
2026-08-18T09:01:11Z,493057,ru:1999|en:513|de:295|el:260|uk:106|zh:88|th:75|pt:75|es:68|ja:65
2026-08-18T09:01:11Z,386821,en:3769|ru:900|pt:589|zh:523|ja:360|th:320|es:181|de:144|tr:126|fr:97
2026-08-18T09:01:11Z,509659,en:5822|es:887|ja:51|ru:36|fr:16|other:2|de:2
2026-08-18T09:01:11Z,55453844,ja:6626|en:376|zh:34|ru:16|tl:4|fr:4
2026-08-18T09:01:11Z,709941216,en:6597|zh:3|fr:3
2026-08-18T09:01:11Z,65632,ru:4094|en:1914|fr:228|de:32|es:16|pl:9|fi:8|sv:4|ja:3|hu:3
2026-08-18T09:01:11Z,513181,en:4584|ru:521|fr:387|ja:211|zh:197|es:90|ar:63|it:38|de:35|pt:23
2026-08-18T09:01:11Z,29307,en:4459|ru:849|fr:292|zh:139|es:76|ja:69|uk:37|th:35|de:25|tr:5
2026-08-18T09:01:11Z,518203,es:4711|it:845|en:115|de:2|pt:1
2026-08-18T09:01:11Z,26936,en:4434|ja:157|fr:113|pt:107|es:89|it:48|zh:34|de:20|ru:16|th:11
2026-08-18T09:01:11Z,531697421,en:5464|ru:1
2026-08-18T09:01:11Z,24241,en:3354|ja:992|zh:317|de:215|fr:162|fi:36|pt:28|it:14|es:6|ru:4
2026-08-18T09:01:11Z,29452,pt:4553|es:40
2026-08-18T09:01:11Z,2132205352,en:3808|ru:1186|ja:77|pt:32|fr:19|es:19|uk:4|de:2|zh:1|tr:1
2026-08-18T09:01:11Z,464339927,en:2279|de:952|ru:925|fr:253|it:92|es:81|ja:24|pl:14|th:12|other:8
2026-08-18T09:01:11Z,852009328,en:1871|zh:899|ru:440|fr:318|ja:292|de:218|sk:157|uk:123|pt:83|es:72
2026-08-18T09:01:11Z,272263131,en:4027|ja:233|zh:176|de:52|cs:48|es:9|fr:7|it:5|ru:2|other:1
2026-08-18T09:01:11Z,512953,en:3254|fr:404|ru:279|zh:206|de:193|ja:63|ar:37|hu:33|es:18|pl:16
2026-08-18T09:01:11Z,624536948,en:2461|de:1372|it:180|ru:147|es:145|fr:104|pt:41|ar:37|id:16|ja:6
2026-08-18T09:01:11Z,23020,en:2985|ru:448|es:203|de:79|fr:65|ar:56|zh:19|pt:5|it:4|cs:4
2026-08-18T09:01:11Z,27284,en:3081|ja:406|es:213|ru:107|pl:38|fr:31|pt:18|de:15|fi:9|other:6
2026-08-18T09:01:11Z,460630,en:2620|de:592|it:191|es:166|fr:63|zh:46|ja:46|hu:26|cs:12|tr:10
2026-08-18T09:01:11Z,263490,en:1088|ru:1070|fi:580|fr:308|ja:247|es:121|pt:57|de:38|hu:22|uk:4
2026-08-18T09:01:11Z,513143,en:1402|fr:1065|es:433|ja:215|pl:213|zh:143|ru:79|de:75|it:42|ro:31
2026-08-18T09:01:11Z,1036710512,en:2147|de:530|ja:286|fr:169|es:85|zh:70|ru:57|ar:35|pt:22|fi:19
2026-08-18T09:01:11Z,315165001,ja:2114|de:1116|en:95|pl:53|fr:6|fi:6|ru:3|uk:1
2026-08-18T09:01:11Z,2112738408,en:3200|es:3|ru:1|ja:1
2026-08-18T09:01:11Z,499634,en:2746|ru:272|fr:17|es:7|de:2|tr:1|it:1
2026-08-18T09:01:11Z,19976,zh:2481|en:535|th:13|ja:4|fr:2
2026-08-18T09:01:11Z,401587136,ru:1380|en:704|de:270|es:128|zh:97|other:87|pl:55|cs:50|ja:32|fr:19
2026-08-18T09:01:11Z,1945673289,en:2921|ru:23
2026-08-18T09:01:11Z,459931,en:2411|fi:40|nl:9|da:2|es:1
2026-08-18T09:01:11Z,1669431183,en:2078|de:564|da:16|es:7|pt:4|ja:3|fr:2|other:1
2026-08-18T09:01:11Z,1282866981,en:1066|zh:535|ru:468|fr:163|ja:150|de:98|pt:77|th:56|es:52|ar:3
2026-08-18T09:01:11Z,13389,en:2603|vi:39|fr:35|es:24|ru:1|de:1
2026-08-18T09:01:11Z,500188,en:1521|de:482|ru:370|fr:30|pl:25|uk:23|th:18|es:18|pt:11|hu:9
2026-08-18T09:01:11Z,2012789438,en:2108|fr:164|ar:121|es:40|de:38|ja:9|it:7|pl:4|zh:1|vi:1
2026-08-18T09:01:11Z,2748,en:1676|it:270|fr:254|ja:135|pt:9|es:1|de:0
2026-08-18T09:01:11Z,417528,es:1125|en:387|ru:289|fr:225|pt:192|ja:42|zh:12|tr:11|sk:11|pl:10
2026-08-18T09:01:11Z,116747788,en:2289|tl:1|de:1
2026-08-18T09:01:11Z,19619,pt:1953|pl:109|es:77|en:31|de:3
2026-08-18T09:01:11Z,1599346425,en:597|de:523|es:415|zh:182|fr:87|th:67|ja:23|pt:15|nl:7|it:5
2026-08-18T09:01:11Z,66170,en:1705|fr:56|es:36|ru:31|zh:25|de:24|ja:21|it:20|pt:6|other:5
2026-08-18T09:01:11Z,20596,fr:1804|en:22|es:3|de:1
2026-08-18T09:01:11Z,456845141,zh:1495|ru:195|en:110|ja:14|es:8|th:5|de:3|fr:2|vi:1|it:1
2026-08-18T09:01:11Z,519291,ru:1058|en:625|zh:41|uk:20|de:3|it:2|ja:1|fr:1|es:1
2026-08-18T09:01:11Z,71375,de:853|fr:351|en:329|es:146|it:17|ru:8|pt:1|ko:1
2026-08-18T09:01:11Z,502829,ru:1699|en:6
2026-08-18T09:01:11Z,30921,en:978|fr:293|es:172|de:102|ar:27|it:26|pl:21|ru:17|cs:9|ja:7
2026-08-18T09:01:11Z,1081998272,en:823|fr:424|es:181|ru:156|zh:75|th:14|ja:13|de:6|pt:5
2026-08-18T09:01:11Z,766571430,en:1424|es:61|zh:53|ru:47|pt:26|ja:8|de:5|th:4|uk:3|hu:3
2026-08-18T09:01:11Z,494184,ru:1239|en:270|pt:96|es:16|el:9|uk:1|other:1|ar:1
2026-08-18T09:01:11Z,1469308723,en:757|ru:476|fr:229|de:14|es:12|zh:10|ja:5|th:4|pt:1|sk:0
2026-08-18T09:01:11Z,168648543,en:1159|pl:144|fr:94|es:46|de:44|ru:42|ar:40|ja:28|it:2|hu:2
2026-08-18T09:01:11Z,1414406743,en:1495|de:35|fr:1
2026-08-18T09:01:11Z,1101172730,en:1486
2026-08-18T09:01:11Z,509511,en:868|de:471|es:110|pl:9
2026-08-18T09:01:11Z,670138298,en:1398|es:2
2026-08-18T09:01:11Z,33945,de:1397
2026-08-18T09:01:11Z,518017,en:1370|ru:19|hu:4|ja:2|fr:2|ar:0
2026-08-18T09:01:11Z,539257489,en:554|de:420|fr:239|ja:80|zh:40|es:12|ru:2|hu:2|ko:1|it:1
2026-08-18T09:01:11Z,504463,en:857|ja:333|de:36|ru:31|fr:29|zh:19|es:18|pt:3|pl:2|ko:2
2026-08-18T09:01:11Z,511442,en:1307
2026-08-18T09:01:11Z,1597660489,en:1266|zh:15|ru:6|de:5|ja:4|fr:2|tr:1|fi:0
2026-08-18T09:01:11Z,982348888,en:964|ja:76|ar:70|de:64|ru:31|it:25|pt:3|zh:2|es:2|other:1
2026-08-18T09:01:11Z,34134,en:1127|es:96|de:36|fr:26|ar:7|it:4|pt:1|other:0
2026-08-18T09:01:11Z,2009321156,en:1012|ja:185|ru:53|de:11|zh:9|uk:1|fr:1|es:1
2026-08-18T09:01:11Z,31336,de:406|tr:271|es:258|pt:117|pl:72|ro:55|en:41|cs:35|fr:13|it:11
2026-08-18T09:01:11Z,1393304883,ru:1291
2026-08-18T09:01:11Z,490100,en:1077|ru:97|pt:21|zh:8|fr:6
2026-08-18T09:01:11Z,1435206302,en:961|ja:26|fr:0
2026-08-18T09:01:11Z,497057,en:1113|fr:32|ru:13|de:13|es:7|pt:4|pl:2|it:2|ja:1
2026-08-18T09:01:11Z,499003,en:1142|es:4|pt:3|zh:2|de:1|ja:0
2026-08-18T09:47:00Z,509658,en:41107|ru:37394|ja:20120|zh:13263|de:12467|fr:10826|es:5714|pt:2701|pl:1540|ko:1339
2026-08-18T09:47:00Z,21779,en:28419|zh:15983|es:10516|fr:7576|ja:3770|de:3596|pl:3173|ru:1767|it:606|vi:538
2026-08-18T09:47:00Z,491931,ja:18587|en:13238|ru:3962|de:1938|fr:1344|es:430|fi:227|hu:117|tr:93|pl:91
2026-08-18T09:47:00Z,32399,ru:18938|en:8779|pl:3725|pt:2151|de:1981|fr:1579|uk:552|fi:473|it:452|da:300
2026-08-18T09:47:00Z,511224,ja:25572|en:6978|zh:2971|ru:448|th:399|es:253|fr:248|de:160|zh-hk:26|it:25
2026-08-18T09:47:00Z,516575,ja:9151|en:7624|zh:5383|ru:4232|de:1981|fr:1959|es:1234|ar:757|pt:516|th:179
2026-08-18T09:47:00Z,509672,de:10125|fr:6692|en:4769|ru:2822|zh:2470|es:1292|uk:1175|fi:448|no:151|pt:139
2026-08-18T09:47:00Z,1832841853,en:8311|ru:6978|de:5602|zh:5166|fr:1064|hu:960|it:658|es:619|pl:233|ar:179
2026-08-18T09:47:00Z,29595,ru:19870|en:6831|uk:2171|pt:281|cs:68|bg:65|ro:51|th:43|fr:39|fi:34
2026-08-18T09:47:00Z,32982,en:9150|es:8470|ru:4994|de:1600|it:1048|pt:331|fr:287|uk:199|ja:146|other:114
2026-08-18T09:47:00Z,27471,en:16948|es:2543|ru:1627|de:870|ja:680|pt:603|fr:298|hu:265|pl:144|nl:70
2026-08-18T09:47:00Z,499973,en:19244|fr:2196|de:672|es:654|ja:249|pt:7|bg:5|ru:3|sk:1|other:1
2026-08-18T09:47:00Z,18122,en:13457|de:3067|ru:1863|fr:1531|es:831|pt:265|uk:56|el:32|zh:29|nl:29
2026-08-18T09:47:00Z,33214,en:11469|es:2725|fr:921|it:768|de:673|ru:629|nl:328|ja:232|ar:175|pt:160
2026-08-18T09:47:00Z,515025,en:9381|ja:4411|fr:809|ru:406|ar:402|es:308|zh:199|de:193|pt:169|th:154
2026-08-18T09:47:00Z,498566,de:7187|en:5212|pt:700|fr:480|es:90|th:67|other:46|ko:0
2026-08-18T09:47:00Z,491487,en:7807|ru:1301|ja:1227|de:772|fr:689|es:520|zh:212|ar:198|pt:175|pl:111
2026-08-18T09:47:00Z,1264310518,en:9667|ru:427|ja:341|es:237|fr:119|ar:100|pt:48|zh:46|it:27|pl:20
2026-08-18T09:47:00Z,31339,en:5900|fr:2450|de:2168|pt:306|ru:184|es:100|pl:55|zh:51|ja:21|uk:18
2026-08-18T09:47:00Z,27546,en:7458|cs:1142|de:719|uk:603|ru:563|pl:255|fr:98|ja:91|hu:90|zh:38
2026-08-18T09:47:00Z,498592,en:7678|fr:571|pt:413|es:409|de:384|ru:174|pl:127|hu:112|zh:98|bg:52
2026-08-18T09:47:00Z,138585,en:6000|ru:1971|fr:936|ja:472|zh:319|de:25|ro:22|es:12|pl:5|uk:4
2026-08-18T09:47:00Z,518203,es:7933|it:953|zh:174|en:129|de:3|nl:2|pt:1|fr:1
2026-08-18T09:47:00Z,512710,en:4917|fr:706|es:629|it:572|ru:570|de:548|pt:239|no:144|nl:91|hu:61
2026-08-18T09:47:00Z,509660,en:4933|zh:1191|de:517|fr:476|ja:413|th:236|ru:232|es:216|pl:63|ko:41
2026-08-18T09:47:00Z,509663,de:5824|es:2199|en:383|fr:40|ja:32|pt:2|ar:2|zh:1|tl:1
2026-08-18T09:47:00Z,630009802,en:7964|it:167|de:58|ja:56|zh:49|es:22|ru:20|pt:12|fr:4|ar:3
2026-08-18T09:47:00Z,386821,en:3713|ru:1064|pt:589|zh:557|ja:522|th:312|es:179|de:167|tr:131|fr:125
2026-08-18T09:47:00Z,509659,en:5799|es:804|ru:69|ja:60|de:3|other:2|nl:1|fr:1
2026-08-18T09:47:00Z,709941216,en:6651|zh:2|fr:1
2026-08-18T09:47:00Z,29452,pt:2710|en:2194|fr:562|ru:518|es:45
2026-08-18T09:47:00Z,55453844,ja:5746|en:366|zh:32|fr:24|ru:14|other:0
2026-08-18T09:47:00Z,65632,ru:3721|en:2152|fr:294|de:39|es:23|pl:14|uk:1|other:1|nl:1|hu:1
2026-08-18T09:47:00Z,29307,en:4481|ru:756|fr:271|zh:139|es:117|ja:101|de:43|uk:36|th:25|tr:6
2026-08-18T09:47:00Z,1081998272,zh:3648|en:889|fr:462|it:382|ru:202|es:162|ja:43|th:12|de:11|uk:4
2026-08-18T09:47:00Z,493057,ru:3293|en:559|de:392|el:353|uk:118|th:93|zh:91|es:82|pt:50|ja:45
2026-08-18T09:47:00Z,263490,en:2279|ru:1249|fr:918|fi:576|ja:278|es:126|de:44|uk:34|it:27|hu:21
2026-08-18T09:47:00Z,464339927,en:2738|de:1124|ru:1122|fr:364|it:90|uk:54|es:39|pl:21|ja:14|other:8
2026-08-18T09:47:00Z,531697421,en:5331
2026-08-18T09:47:00Z,512953,en:3597|fr:583|ru:333|de:229|zh:220|ja:96|ar:48|hu:41|it:19|es:16
2026-08-18T09:47:00Z,24241,en:3136|ja:912|zh:332|fr:199|de:160|fi:33|pt:28|it:16|ru:11|es:6
2026-08-18T09:47:00Z,2132205352,en:3289|ru:1302|ja:170|pt:49|fr:10|es:6|id:4|zh:3|da:3|de:2
2026-08-18T09:47:00Z,272263131,en:3955|ja:242|zh:168|de:55|cs:52|fr:8|es:8|it:7|ru:2|other:1
2026-08-18T09:47:00Z,26936,en:3490|ja:201|es:65|th:59|fr:47|zh:24|de:24|ru:19|it:17|pl:8
2026-08-18T09:47:00Z,460630,en:2286|de:878|it:386|fr:182|es:179|ja:166|zh:44|hu:33|fi:31|cs:11
2026-08-18T09:47:00Z,27284,en:3213|ja:469|ru:133|es:78|pl:37|pt:36|fr:21|de:12|uk:9|fi:7
2026-08-18T09:47:00Z,852009328,en:2015|ru:559|fr:346|ja:326|de:223|es:115|uk:88|pt:77|sk:66|ar:62
2026-08-18T09:47:00Z,624536948,en:2516|de:649|it:244|ru:154|es:132|fr:102|ar:62|pt:38|id:10|pl:9
2026-08-18T09:47:00Z,23020,en:2826|ru:621|es:166|fr:71|de:71|ar:38|zh:23|it:6|pl:5|nl:5
2026-08-18T09:47:00Z,499634,en:3599|ru:284|es:10|tr:2|fr:2|it:1|de:1
2026-08-18T09:47:00Z,766571430,en:3145|zh:51|ru:40|pt:32|es:14|ja:10|th:9|de:8|tl:5|hu:3
2026-08-18T09:47:00Z,513143,fr:895|en:639|es:520|zh:380|pl:265|ja:220|sv:128|ru:88|de:88|it:48
2026-08-18T09:47:00Z,19976,zh:2748|en:534|th:13|ja:12|fr:2
2026-08-18T09:47:00Z,1036710512,en:1738|de:616|fr:353|ja:245|es:76|zh:54|ru:40|ar:33|it:31|pt:28
2026-08-18T09:47:00Z,513181,en:1328|ru:658|fr:514|ja:261|zh:201|it:69|ar:69|es:60|pt:32|de:32
2026-08-18T09:47:00Z,315165001,ja:1848|de:1077|en:110|pl:49|ru:21|nl:19|fr:10|es:3
2026-08-18T09:47:00Z,213930085,en:2752|ru:243|ja:61|zh:31|fr:4|es:4|it:3|other:1
2026-08-18T09:47:00Z,401587136,ru:1394|en:694|de:370|es:127|zh:98|other:87|pl:70|pt:59|cs:58|fr:27
2026-08-18T09:47:00Z,1669431183,en:2233|de:647|da:36|es:12|ja:8|pt:3|ru:1|other:1|fr:1
2026-08-18T09:47:00Z,19619,pt:2475|pl:105|es:78|en:62|de:1|other:0
2026-08-18T09:47:00Z,1282866981,en:1017|zh:551|ru:506|fr:183|ja:166|de:111|es:63|th:38|ar:8|pt:2
2026-08-18T09:47:00Z,459931,en:2590|nl:43|fi:31|da:5|es:1
2026-08-18T09:47:00Z,2012789438,en:1783|fr:167|ar:69|de:36|es:16|it:11|ja:9|pl:4|zh:1|vi:1
2026-08-18T09:47:00Z,1945673289,en:2550|ru:27
2026-08-18T09:47:00Z,417528,es:997|en:678|fr:308|ru:230|pt:195|ja:45|zh:34|sk:11|pl:10|de:7
2026-08-18T09:47:00Z,13389,en:2495|es:23|fr:17|zh:6|ru:1|de:1
2026-08-18T09:47:00Z,12839,ru:2020|pl:215|en:175
2026-08-18T09:47:00Z,116747788,en:2275|zh:9|tl:1|de:1
2026-08-18T09:47:00Z,30921,en:1166|fr:529|es:236|de:88|ru:34|it:21|ar:19|ja:15|pl:5|nl:5
2026-08-18T09:47:00Z,1599346425,en:689|de:688|es:428|zh:136|fr:116|th:46|pt:28|ja:25|ru:4|nl:3
2026-08-18T09:47:00Z,20596,fr:2060|en:23|es:1
2026-08-18T09:47:00Z,456845141,zh:1707|ru:171|en:132|th:20|ja:10|it:5|fr:5|es:5|de:4|other:1
2026-08-18T09:47:00Z,2748,en:1435|fr:221|ja:157|it:122|es:18|pt:6|de:1
2026-08-18T09:47:00Z,66170,en:1711|fr:56|ru:40|it:31|zh:24|ja:16|de:14|es:13|ar:5|pt:4
2026-08-18T09:47:00Z,500188,en:862|de:470|ru:403|fr:45|pl:36|uk:31|th:21|es:14|pt:11|ar:10
2026-08-18T09:47:00Z,515214,ru:1417|de:339|en:12|ko:1|es:1
2026-08-18T09:47:00Z,519291,ru:948|en:753|uk:16|zh:9|fr:5|es:2|de:2|pt:1|ja:1|it:1
2026-08-18T09:47:00Z,71375,de:899|en:347|fr:292|es:160|it:13|ru:10|pt:5|ko:1
2026-08-18T09:47:00Z,509511,en:911|de:619|es:108|fr:63|nl:4|tl:0
2026-08-18T09:47:00Z,168648543,en:1141|pl:180|fr:114|ru:78|es:67|de:42|ja:38|ar:37|it:4|cs:2
2026-08-18T09:47:00Z,502829,ru:1632|en:36|uk:5
2026-08-18T09:47:00Z,1469308723,en:806|ru:472|fr:140|de:115|es:20|zh:11|ja:7|th:2|sk:2|pt:1
2026-08-18T09:47:00Z,1131336879,ru:1504
2026-08-18T09:47:00Z,1414406743,en:1436|de:43|fr:1
2026-08-18T09:47:00Z,2009321156,en:1116|ja:249|ru:68|zh:10|de:10|fr:9|uk:3|es:1
2026-08-18T09:47:00Z,539257489,en:593|de:382|fr:97|ja:70|zh:24|es:13|zh-hk:9|uk:5|ru:3|it:3
2026-08-18T09:47:00Z,33945,de:1404
2026-08-18T09:47:00Z,504463,en:896|ja:334|de:61|ru:37|fr:31|zh:17|pt:9|es:5|it:4|ko:2
2026-08-18T09:47:00Z,31336,de:452|tr:313|es:225|pt:123|pl:91|ro:55|en:40|cs:36|it:17|fr:12
2026-08-18T09:47:00Z,1393304883,ru:1475
2026-08-18T09:47:00Z,1362102608,ru:1300|en:43|ja:41|fr:15|es:3
2026-08-18T09:47:00Z,518017,en:1278|ru:25|ja:5|ar:5|fr:1
2026-08-18T09:47:00Z,511554,en:1293|zh:51|ja:5|id:1
2026-08-18T09:47:00Z,66082,en:911|es:166|hu:96|ja:63|ru:31|de:23|other:18|pt:15|zh:8|fr:7
2026-08-18T09:47:00Z,1597660489,en:1282|zh:19|ru:16|de:10|pt:5|ja:5|fr:3|ar:2|tr:1
2026-08-18T09:47:00Z,1931693784,ja:479|en:470|es:245|it:71|fr:30|de:2
2026-08-18T09:47:00Z,494184,ru:1152|en:115|pt:15|es:7|other:2|fr:2|uk:1|th:1|tl:0
2026-08-18T09:47:00Z,499003,en:1281|es:17|zh:4|ja:3|pt:2|de:1
2026-08-18T09:47:00Z,488488,ja:1213|ar:1
2026-08-18T09:47:00Z,488190,ru:506|de:340|en:300|uk:99|zh:25
2026-08-18T10:18:49Z,509658,en:41590|ru:32577|ja:24191|zh:13848|de:12399|fr:9162|es:4593|pt:2778|it:1775|ko:1486
2026-08-18T10:18:49Z,21779,en:28103|zh:19476|es:11284|fr:9662|ja:4504|de:3529|pl:3264|ru:2186|vi:611|hu:553
2026-08-18T10:18:49Z,32399,ru:22775|en:7424|pl:3959|fr:2182|de:2119|pt:2024|uk:523|it:517|da:377|fi:318
2026-08-18T10:18:49Z,491931,ja:19098|en:13608|ru:4383|de:2111|fr:1446|es:491|fi:239|hu:130|tr:118|pl:99
2026-08-18T10:18:49Z,511224,ja:29768|en:6719|zh:3283|ru:464|th:395|fr:347|es:220|de:180|it:31|pl:30
2026-08-18T10:18:49Z,509672,de:10616|fr:9094|en:5680|ru:4325|zh:2731|es:1684|uk:1239|fi:580|no:175|hu:172
2026-08-18T10:18:49Z,29595,ru:21969|en:7432|uk:2885|pt:320|fr:81|cs:79|bg:65|ro:52|de:49|th:48
2026-08-18T10:18:49Z,1832841853,ru:9156|en:7257|de:5916|zh:5281|fr:1076|hu:1051|es:820|it:613|pl:222|ar:173
2026-08-18T10:18:49Z,516575,en:7581|ja:7537|ru:4446|zh:3542|de:2264|fr:2183|es:891|pt:755|ar:684|th:197
2026-08-18T10:18:49Z,32982,en:9460|es:6947|ru:6123|de:1676|it:1191|pt:622|fr:284|ja:268|uk:203|da:112
2026-08-18T10:18:49Z,515025,ja:11228|en:9452|fr:632|es:489|ru:395|ar:362|zh:258|de:195|pt:145|th:135
2026-08-18T10:18:49Z,18122,en:14293|de:3488|ru:2489|fr:1499|es:825|pt:212|uk:63|nl:40|zh:26|el:19
2026-08-18T10:18:49Z,27471,en:16376|ru:1542|de:943|ja:676|pt:334|fr:264|hu:254|es:254|pl:146|nl:53
2026-08-18T10:18:49Z,499973,en:18497|fr:2259|de:720|es:599|ja:254|pt:12|bg:4|ru:3|sk:1|other:1
2026-08-18T10:18:49Z,33214,en:11698|es:2748|fr:895|it:882|de:878|ru:572|nl:353|pt:192|ar:178|ja:174
2026-08-18T10:18:49Z,498566,de:8376|en:4971|es:1903|fr:1192|pt:747|other:129|pl:75|th:67|el:1|ko:0
2026-08-18T10:18:49Z,491487,en:7421|ru:1384|ja:1358|de:921|fr:643|es:394|ar:189|zh:173|pt:140|pl:122
2026-08-18T10:18:49Z,1264310518,en:9833|ru:1891|ja:341|es:238|fr:138|pt:64|ar:53|zh:33|it:27|pl:9
2026-08-18T10:18:49Z,518203,es:10960|it:1678|zh:412|ru:247|en:115|pt:82|el:14|nl:4|de:2|fr:1
2026-08-18T10:18:49Z,31339,en:6686|fr:2535|de:2343|pt:220|ru:185|es:85|pl:56|zh:27|uk:19|ja:14
2026-08-18T10:18:49Z,27546,en:7690|cs:1264|de:722|uk:590|ru:523|pl:361|hu:117|ja:81|fr:79|zh:39
2026-08-18T10:18:49Z,509663,de:7734|es:2196|en:380|fr:70|ja:32|pt:2|ar:2|zh:1|tl:1
2026-08-18T10:18:49Z,138585,en:6249|ru:1992|fr:1198|ja:612|zh:323|ro:22|de:18|uk:12|es:11|pl:9
2026-08-18T10:18:49Z,498592,en:7268|fr:715|pt:424|de:331|es:325|ru:149|pl:137|hu:130|zh:102|ar:55
2026-08-18T10:18:49Z,630009802,en:7067|it:215|zh:68|de:58|ja:55|es:28|ru:20|pt:15|fr:7|ar:2
2026-08-18T10:18:49Z,512710,en:4863|fr:775|de:645|ru:600|it:540|es:362|no:133|pt:124|nl:94|cs:57
2026-08-18T10:18:49Z,509660,en:4804|zh:1052|de:641|ja:478|fr:397|ru:351|th:213|es:184|pl:79|ko:54
2026-08-18T10:18:49Z,386821,en:4155|ru:1116|ja:827|pt:628|zh:561|th:331|de:173|es:170|tr:136|fr:81
2026-08-18T10:18:49Z,65632,ru:4056|en:2283|fr:306|de:69|uk:36|pl:18|es:12|hu:3|other:2|ro:1
2026-08-18T10:18:49Z,509659,en:5852|es:711|ru:85|ja:54|de:5|other:2|fr:1
2026-08-18T10:18:49Z,29307,en:4569|ru:1170|zh:206|fr:186|es:120|ja:97|de:42|uk:29|pl:14|tr:10
2026-08-18T10:18:49Z,29452,pt:2595|en:2568|fr:611|ru:593|es:58
2026-08-18T10:18:49Z,464339927,en:2589|ru:1256|de:1030|fr:453|it:90|uk:77|es:41|ja:25|pl:24|other:7
2026-08-18T10:18:49Z,493057,ru:3513|en:677|de:411|el:341|uk:118|zh:81|th:80|es:79|ja:71|pt:48
2026-08-18T10:18:49Z,624536948,en:2740|ru:1279|de:731|it:240|fr:129|es:120|pl:89|ar:65|pt:34|id:11
2026-08-18T10:18:49Z,1081998272,zh:3952|en:626|it:367|ru:216|es:97|ja:47|de:23|uk:11|pt:4|fr:4
2026-08-18T10:18:49Z,263490,en:2106|ru:1321|fr:855|fi:572|ja:263|de:89|es:85|hu:37|it:31|uk:4
2026-08-18T10:18:49Z,512953,en:4160|ru:363|zh:281|de:205|fr:88|ja:79|ar:52|hu:39|it:31|es:24
2026-08-18T10:18:49Z,531697421,en:8632
2026-08-18T10:18:49Z,1494074023,fr:3682
2026-08-18T10:18:49Z,55453844,ja:5350|en:329|fr:39|zh:35|ru:15|other:1|ko:1|es:1|de:0
2026-08-18T10:18:49Z,460630,en:2334|de:918|it:399|fr:236|ja:213|es:183|ru:145|zh:100|fi:53|hu:32
2026-08-18T10:18:49Z,2132205352,en:2955|ru:1364|ja:144|pt:51|fr:13|es:8|da:3|de:2|zh:1|tr:1
2026-08-18T10:18:49Z,26936,en:3733|ja:251|th:71|es:68|fr:55|pt:29|de:25|zh:24|it:16|ru:14
2026-08-18T10:18:49Z,272263131,en:3858|ja:225|cs:65|de:49|zh:41|fr:10|es:8|it:5|ru:2|other:1
2026-08-18T10:18:49Z,24241,en:2177|ja:963|zh:318|de:222|fr:188|pt:63|it:19|ru:10|es:6|ko:1
2026-08-18T10:18:49Z,23020,en:2601|ru:686|es:84|fr:81|de:55|zh:22|pl:12|ja:11|it:8|ar:8
2026-08-18T10:18:49Z,852009328,en:2094|ru:680|fr:353|es:133|ja:125|de:125|uk:87|pt:68|sk:63|pl:40
2026-08-18T10:18:49Z,19976,zh:3193|en:516|ja:31|fr:3|th:1
2026-08-18T10:18:49Z,27284,en:2765|ja:452|ru:103|de:72|es:64|pl:54|pt:41|fr:18|uk:9|fi:7
2026-08-18T10:18:49Z,499634,en:3552|ru:277|es:9|tr:2|fr:2|it:1|de:1|pt:0
2026-08-18T10:18:49Z,417528,es:1160|en:1083|pt:437|ru:412|fr:343|ja:49|zh:37|sk:16|pl:9|de:6
2026-08-18T10:18:49Z,1036710512,en:1695|de:716|fr:319|ja:293|es:100|zh:89|ru:43|pt:30|ar:30|it:19
2026-08-18T10:18:49Z,766571430,en:3147|zh:58|ru:39|pt:39|es:25|ja:10|fr:10|th:9|de:7|tl:5
2026-08-18T10:18:49Z,213930085,en:2945|ru:225|ja:75|zh:45|th:40|fr:6|it:2|es:2|other:1|de:1
2026-08-18T10:18:49Z,401587136,ru:1549|en:765|de:392|zh:95|es:94|pt:87|cs:61|fr:55|pl:47|ja:38
2026-08-18T10:18:49Z,513181,en:1180|ru:818|fr:495|ja:262|zh:234|it:68|ar:60|es:54|pt:46|de:34
2026-08-18T10:18:49Z,513143,en:677|fr:575|es:534|zh:473|pl:315|ja:237|sv:125|de:105|ru:95|it:43
2026-08-18T10:18:49Z,19619,pt:2762|pl:102|es:99|en:73|other:1|de:1
2026-08-18T10:18:49Z,459931,en:2840|fi:75|nl:40|da:4|es:1
2026-08-18T10:18:49Z,1669431183,en:2160|de:577|da:68|es:17|ja:12|pt:4|ru:2|other:1
2026-08-18T10:18:49Z,13389,en:2699|es:24|fr:15|zh:6|ru:2|de:1
2026-08-18T10:18:49Z,1282866981,en:1014|zh:535|ru:526|fr:176|ja:148|de:110|es:31|th:21|ar:3|it:2
2026-08-18T10:18:49Z,12839,ru:2093|en:190|pl:184|uk:34|de:0
2026-08-18T10:18:49Z,20596,fr:2395|en:23|es:2
2026-08-18T10:18:49Z,30921,en:1261|fr:529|es:250|de:84|it:24|ru:23|ja:23|pl:15|ar:15|pt:11
2026-08-18T10:18:49Z,116747788,en:2206|ru:71|zh:15|de:3|tl:1
2026-08-18T10:18:49Z,1599346425,en:834|de:575|es:440|zh:141|fr:103|pt:47|th:46|ja:13|ru:4|tl:3
2026-08-18T10:18:49Z,456845141,zh:1808|ru:204|en:98|th:20|ja:18|es:9|de:4|other:3|fr:2|it:1
2026-08-18T10:18:49Z,2748,en:1549|fr:226|ja:148|it:132|es:8|pt:5|de:1
2026-08-18T10:18:49Z,2012789438,en:1737|fr:172|ar:105|de:26|ja:8|it:6|pt:5|pl:4|es:2|zh:1
2026-08-18T10:18:49Z,515474,en:1933|ru:88|th:26|zh:8|es:2
2026-08-18T10:18:49Z,500188,en:1119|ru:451|de:208|fr:62|pl:47|uk:27|th:27|es:15|pt:14|ar:12
2026-08-18T10:18:49Z,569194045,de:1672|ja:323|zh:7|en:4
2026-08-18T10:18:49Z,1131336879,ru:1958
2026-08-18T10:18:49Z,33180,en:1820|ru:10|de:4|it:0
2026-08-18T10:18:49Z,66170,en:1610|ru:47|fr:42|it:28|zh:27|es:19|ja:14|de:11|ar:9|pl:8
2026-08-18T10:18:49Z,1393304883,ru:1745
2026-08-18T10:18:49Z,509511,en:1102|de:539|es:107|tl:3
2026-08-18T10:18:49Z,168648543,en:1160|pl:180|fr:99|ru:83|es:72|de:65|ar:47|ja:41|nl:3|ko:3
2026-08-18T10:18:49Z,502829,ru:1694|en:37|uk:9|other:0
2026-08-18T10:18:49Z,504463,en:1110|ja:416|de:56|ru:41|fr:37|zh:19|pt:14|es:7|it:3|ko:2
2026-08-18T10:18:49Z,71375,de:865|en:348|fr:277|es:158|ru:20|it:13|pt:7|ko:1
2026-08-18T10:18:49Z,521979070,ru:1660|en:15
2026-08-18T10:18:49Z,1469308723,en:811|ru:487|fr:142|de:125|es:22|zh:13|ja:5|pt:3|th:2|sk:1
2026-08-18T10:18:49Z,499003,en:1118|ja:21|ko:10|zh:3|pt:2|es:2
2026-08-18T10:18:49Z,1414406743,en:1446|de:42|fr:1
2026-08-18T10:18:49Z,519291,ru:847|en:558|fr:32|uk:13|zh:11|it:2|es:2|pt:1|ja:1|de:1
2026-08-18T10:18:49Z,488190,ru:584|de:408|en:313|pt:52|es:36|zh:25|uk:1
2026-08-18T10:18:49Z,31336,de:443|tr:359|es:242|pt:125|pl:93|ro:66|cs:24|en:22|it:20|fr:11
2026-08-18T10:18:49Z,2009321156,en:1127|ja:184|ru:56|zh:12|de:12|fr:9|es:9|uk:4
2026-08-18T10:18:49Z,1286363364,ja:1386
2026-08-18T10:18:49Z,494184,ru:1237|en:86|pt:18|es:9|uk:3|fr:2|th:1|tl:0
2026-08-18T10:18:49Z,1931693784,ja:472|en:450|es:358|it:66|fr:19|de:5|zh:1
2026-08-18T10:18:49Z,114524791,ja:1397|ko:5|en:3|zh:1
2026-08-18T10:18:49Z,1597660489,en:1271|zh:16|ru:16|ja:11|de:8|pt:5|fr:5|tr:1
2026-08-18T10:18:49Z,1362102608,ru:1253|en:56|ja:9|fr:5|es:4
2026-08-18T10:18:49Z,515214,ru:1265|en:25|es:4|ko:1|id:0
2026-08-18T10:18:49Z,315165001,de:1111|en:106|pl:48|ru:27|nl:21|fi:4|fr:3|es:1
2026-08-18T10:18:49Z,511554,en:1267|zh:26|ja:8|ru:2|id:1
2026-08-18T10:53:16Z,509658,en:44296|ja:40663|ru:30318|zh:19604|de:11137|fr:6279|es:3550|pt:2610|pl:1584|ro:1435
2026-08-18T10:53:16Z,21779,en:24560|es:11925|zh:11304|fr:10612|ja:4334|de:3912|pl:3120|ru:2426|pt:704|el:637
2026-08-18T10:53:16Z,509672,ru:19462|de:11410|fr:10881|en:7430|zh:3431|es:1828|uk:1348|fi:578|hu:201|no:184
2026-08-18T10:53:16Z,511224,ja:37901|en:7246|zh:3087|ru:473|fr:431|th:344|de:184|es:128|it:40|pt:33
2026-08-18T10:53:16Z,491931,ja:20503|en:13082|ru:4408|de:1887|fr:1592|es:507|fi:289|zh:137|hu:128|tr:120
2026-08-18T10:53:16Z,32399,ru:18737|en:8776|pl:4109|de:1853|pt:1842|fr:1566|uk:637|fi:532|da:436|es:191
2026-08-18T10:53:16Z,1832841853,ru:12348|en:7202|zh:5981|de:5727|it:1337|hu:1095|fr:1051|es:796|pl:245|ar:188
2026-08-18T10:53:16Z,29595,ru:21109|en:8011|uk:3303|pt:344|fr:127|de:88|cs:77|bg:62|fi:56|ro:50
2026-08-18T10:53:16Z,516575,ja:8117|en:7872|zh:4316|fr:3128|ru:2858|de:2514|es:971|pt:807|ar:688|th:251
2026-08-18T10:53:16Z,32982,en:10422|ru:6899|es:4256|it:2271|de:1747|pt:830|ja:754|uk:373|fr:368|da:188
2026-08-18T10:53:16Z,515025,ja:15843|en:9107|es:543|zh:519|fr:450|ru:436|ar:323|de:235|pt:154|th:100
2026-08-18T10:53:16Z,509663,ja:21185|es:2197|de:1958|en:383|fr:107|ar:3|zh:2|pt:2|tl:1
2026-08-18T10:53:16Z,18122,en:15818|de:3623|ru:2772|fr:1421|es:849|pt:276|uk:63|zh:42|el:41|pl:27
2026-08-18T10:53:16Z,499973,en:18642|fr:2332|de:696|es:647|ja:271|pt:13|bg:5|ru:2|sk:1|other:1
2026-08-18T10:53:16Z,33214,en:12246|es:2774|fr:1329|de:1005|ru:778|it:510|nl:353|pt:217|ar:186|pl:177
2026-08-18T10:53:16Z,27471,en:13976|ru:2472|de:1072|ja:754|fr:491|pt:381|hu:273|es:236|pl:161|nl:84
2026-08-18T10:53:16Z,498566,en:5029|de:4250|es:2623|fr:1931|pt:635|fi:494|other:149|pl:83|th:70|zh:6
2026-08-18T10:53:16Z,518203,es:13368|it:1593|en:123|el:34|zh:15|nl:6|ru:4|pt:2|fr:1|de:1
2026-08-18T10:53:16Z,491487,en:7257|ja:1311|ru:1286|de:1116|fr:623|es:387|zh:248|ar:229|pt:168|pl:144
2026-08-18T10:53:16Z,1264310518,en:10017|ru:2005|ja:198|es:190|fr:152|ar:124|pt:71|zh:34|other:8|de:6
2026-08-18T10:53:16Z,27546,en:8966|cs:1242|de:649|ru:548|pl:494|uk:354|ja:166|hu:121|fr:109|zh:56
2026-08-18T10:53:16Z,138585,en:5770|ru:2237|fr:1356|ja:474|zh:381|de:281|es:68|ro:23|uk:22|tr:4
2026-08-18T10:53:16Z,31339,en:6376|de:2492|fr:441|pt:237|ru:195|es:94|zh:33|tr:20|ja:17|cs:17
2026-08-18T10:53:16Z,498592,en:7078|fr:857|pt:422|de:367|ru:260|es:215|hu:124|zh:101|bg:53|ar:37
2026-08-18T10:53:16Z,512710,en:4633|de:1190|fr:1009|ru:601|it:490|es:308|nl:164|no:155|pt:139|hu:58
2026-08-18T10:53:16Z,55453844,ja:8364|en:245|zh:65|fr:38|it:7|other:6|ru:4|es:4|ko:1|de:1
2026-08-18T10:53:16Z,509660,en:4896|zh:895|ja:618|de:607|fr:327|ru:307|es:269|th:187|pl:107|ko:59
2026-08-18T10:53:16Z,386821,en:3921|ru:1145|ja:921|pt:728|zh:406|th:365|de:201|tr:157|es:150|fr:74
2026-08-18T10:53:16Z,531697421,en:7854
2026-08-18T10:53:16Z,1494074023,fr:7620
2026-08-18T10:53:16Z,630009802,en:7112|it:214|fr:116|ja:86|zh:75|de:69|ru:32|es:23|pt:12|ar:5
2026-08-18T10:53:16Z,525700863,ja:7687
2026-08-18T10:53:16Z,29452,en:2566|pt:2522|ru:622|fr:592|es:88
2026-08-18T10:53:16Z,509659,en:5749|es:300|ru:76|ja:50|de:4|other:2|fr:1
2026-08-18T10:53:16Z,464339927,en:2918|ru:1138|de:1047|fr:444|it:125|uk:58|es:39|ja:29|pt:8|ar:4
2026-08-18T10:53:16Z,29307,en:3862|ru:1225|fr:221|zh:149|es:128|ja:116|th:40|pl:35|pt:34|uk:29
2026-08-18T10:53:16Z,493057,ru:3589|en:768|de:463|el:378|uk:136|pt:123|ja:105|zh:92|es:63|hu:54
2026-08-18T10:53:16Z,512953,en:4592|zh:312|de:223|ru:182|fr:132|ja:87|ar:48|hu:45|pl:15|es:15
2026-08-18T10:53:16Z,1081998272,zh:4158|en:693|it:362|ru:276|es:72|ja:60|de:24|zh-hk:14|uk:8|pt:6
2026-08-18T10:53:16Z,624536948,en:2623|ru:1521|de:625|fr:211|es:205|it:181|pl:102|pt:81|id:13|ar:12
2026-08-18T10:53:16Z,263490,en:2229|ru:1403|fr:1119|ja:346|de:105|es:85|it:38|hu:34|uk:12|pt:2
2026-08-18T10:53:16Z,2132205352,en:3293|ru:1523|ja:137|pt:47|id:12|fr:10|da:6|es:5|th:4|de:4
2026-08-18T10:53:16Z,499634,en:4725|ru:286|es:8|pt:7|fr:4|de:2|tr:1|it:1
2026-08-18T10:53:16Z,460630,en:2266|de:1045|it:403|fr:280|ja:206|ru:191|es:191|zh:166|fi:55|hu:34
2026-08-18T10:53:16Z,852009328,en:2188|ru:1033|fr:392|de:291|ja:155|es:125|uk:96|pt:87|sk:62|zh:43
2026-08-18T10:53:16Z,272263131,en:4011|ja:210|zh:70|cs:60|de:48|fr:10|es:8|it:4|ru:2|other:1
2026-08-18T10:53:16Z,24241,en:2173|ja:1028|zh:407|de:300|fr:202|pt:33|ru:16|it:14|ko:1
2026-08-18T10:53:16Z,417528,es:1594|en:1240|pt:582|ru:519|fr:343|ja:41|de:26|sk:21|zh:16|tr:14
2026-08-18T10:53:16Z,19976,zh:3798|en:487|ja:35|fr:2|th:1
2026-08-18T10:53:16Z,513143,en:1479|es:628|zh:599|fr:587|pl:298|ja:196|ru:120|de:115|ko:79|it:54
2026-08-18T10:53:16Z,19619,pt:3781|en:128|pl:113|es:93|other:1
2026-08-18T10:53:16Z,27284,en:3180|ja:413|ru:109|es:71|de:67|pl:56|pt:36|fr:19|uk:11|fi:7
2026-08-18T10:53:16Z,23020,en:2420|ru:892|es:92|fr:81|de:69|zh:24|pl:14|ja:12|it:10|ar:9
2026-08-18T10:53:16Z,26936,en:2836|ja:270|th:146|zh:144|es:56|pt:32|de:29|ru:13|fr:13|nl:10
2026-08-18T10:53:16Z,459931,en:3439|fi:74|nl:37|da:5
2026-08-18T10:53:16Z,401587136,ru:1690|en:764|de:379|es:105|pt:100|zh:98|fr:62|cs:56|pl:55|ja:44
2026-08-18T10:53:16Z,766571430,en:3254|zh:67|ru:59|pt:30|de:12|fr:11|es:6|tl:3|uk:1|tr:1
2026-08-18T10:53:16Z,1036710512,en:1694|de:744|ja:337|fr:316|es:76|zh:44|ru:37|pt:36|ar:36|pl:31
2026-08-18T10:53:16Z,213930085,en:2903|ru:249|es:198|ja:57|zh:37|fr:5|pt:3|it:2|other:1
2026-08-18T10:53:16Z,515474,en:3249|ru:78|th:19|zh:17|de:2|es:1
2026-08-18T10:53:16Z,65632,en:2233|ru:571|fr:335|de:63|uk:40|es:15|pl:10|other:6|hu:3|cs:2
2026-08-18T10:53:16Z,513181,en:1358|ru:909|ja:264|zh:236|fr:132|ar:61|th:59|pt:51|it:43|es:39
2026-08-18T10:53:16Z,13389,en:2899|es:28|fr:14|zh:11|ru:4|de:2
2026-08-18T10:53:16Z,1669431183,en:2229|de:608|da:69|es:21|ja:9|pt:3|other:2
2026-08-18T10:53:16Z,728868394,de:2865|cs:11|en:7
2026-08-18T10:53:16Z,1282866981,en:1220|ru:527|zh:502|fr:204|ja:163|de:90|es:37|th:16|it:1|pt:0
2026-08-18T10:53:16Z,30921,en:1392|fr:628|es:118|de:86|pl:75|ja:31|nl:24|it:21|ar:20|ru:11
2026-08-18T10:53:16Z,376617167,en:2491|pt:10|es:4|fr:2|de:1
2026-08-18T10:53:16Z,456845141,zh:1962|ru:211|en:210|ja:38|th:21|de:20|it:18|es:5|pt:1|other:1
2026-08-18T10:53:16Z,20596,fr:2442|en:56|es:3|pt:1
2026-08-18T10:53:16Z,116747788,en:2302|ru:113|zh:12|de:3|tl:1
2026-08-18T10:53:16Z,12839,ru:1955|en:239|pl:200|uk:68|de:1
2026-08-18T10:53:16Z,1599346425,en:992|de:543|es:418|zh:115|fr:104|pt:94|th:17|ja:5|uk:4|ru:2
2026-08-18T10:53:16Z,569194045,de:1853|ja:347|zh:8|en:5
2026-08-18T10:53:16Z,500188,en:1196|ru:551|de:236|uk:74|fr:69|pl:39|th:15|es:14|pt:11|ar:10
2026-08-18T10:53:16Z,2748,en:1732|fr:227|ja:159|it:65|es:5|pt:4
2026-08-18T10:53:16Z,168648543,en:1216|fr:264|pl:191|ru:147|de:131|ja:64|es:59|ar:48|tr:20|pt:6
2026-08-18T10:53:16Z,417752,es:1293|de:499|en:232|bg:40|ja:37|fr:16|pt:6|it:6|ru:2|el:1
2026-08-18T10:53:16Z,6521,ru:581|en:310|hu:44|fr:6|tr:4|es:1
2026-08-18T10:53:16Z,1303634255,zh:1624|ja:351
2026-08-18T10:53:16Z,1131336879,ru:1942
2026-08-18T10:53:16Z,2012789438,en:1500|fr:204|ar:170|de:41|ja:7|it:7|pt:4|pl:3|es:3|other:2
2026-08-18T10:53:16Z,67763,en:1883
2026-08-18T10:53:16Z,1286363364,ja:1715
2026-08-18T10:53:16Z,71375,de:917|en:574|fr:318|ru:28|it:12|pt:7|es:4|ja:2|ko:1
2026-08-18T10:53:16Z,66170,en:1557|zh:42|it:38|ja:32|ru:31|uk:25|fr:21|es:20|pt:18|ar:14
2026-08-18T10:53:16Z,502829,ru:1769|en:35|uk:7|other:1
2026-08-18T10:53:16Z,1393304883,ru:1751
2026-08-18T10:53:16Z,509511,en:1079|de:521|es:108|tl:3
2026-08-18T10:53:16Z,493959,en:384|it:180|ru:138|de:91|tr:80|fr:49|pt:27|ro:26|nl:11|no:8
2026-08-18T10:53:16Z,504463,en:1047|ja:423|de:59|ru:54|fr:40|pt:21|zh:17|es:10|ko:2|pl:1
2026-08-18T10:53:16Z,33180,en:1609|ru:9|de:3|ar:1
2026-08-18T10:53:16Z,1469308723,en:716|ru:479|fr:202|de:191|zh:14|es:13|pt:5|ja:3|uk:1|th:1
2026-08-18T10:53:16Z,521979070,ru:1578|en:11
2026-08-18T10:53:16Z,515214,ru:1283|de:287|en:26|uk:10|es:6|ko:1|id:1
2026-08-18T10:53:16Z,31336,tr:521|de:409|es:262|pt:116|pl:84|ro:77|fr:27|en:27|cs:26|it:18
2026-08-18T10:53:16Z,488190,ru:597|de:427|en:331|pt:115|es:38|zh:35|uk:5|ko:2
2026-08-18T10:53:16Z,2059463486,en:800|zh:547|de:152|ru:18|fr:10|sv:6
2026-08-18T10:53:16Z,1119642287,en:1506|de:13|zh:5|ja:4|es:4|pt:1|it:0
2026-08-18T10:53:16Z,1931693784,en:540|ja:482|es:430|it:57|de:6
2026-08-18T11:16:37Z,509658,ja:86588|en:47257|ru:39756|zh:30155|de:11606|fr:7187|es:3012|pl:2327|pt:1778|ro:1533
2026-08-18T11:16:37Z,21779,en:26307|ja:14309|es:13107|fr:9832|zh:6833|de:3598|pl:3291|ru:2713|pt:862|el:762
2026-08-18T11:16:37Z,509672,ru:37397|fr:12912|de:10420|en:10111|zh:3654|es:2178|uk:1590|fi:610|hu:212|pt:210
2026-08-18T11:16:37Z,32399,ru:22673|en:9837|pl:4654|pt:2011|fr:1732|de:1447|uk:670|fi:573|it:454|da:423
2026-08-18T11:16:37Z,509663,ja:39963|es:2197|en:389|de:252|fr:113|pt:7|zh:2|ar:2|tl:1
2026-08-18T11:16:37Z,491931,ja:18889|en:11884|ru:3643|de:2092|fr:1641|es:553|fi:282|pt:171|zh:160|tr:137
2026-08-18T11:16:37Z,511224,ja:23086|en:6781|zh:3460|fr:447|th:410|ru:390|de:201|es:143|it:33|tl:28
2026-08-18T11:16:37Z,516575,ja:8442|en:7827|zh:5716|fr:3119|ru:2803|de:2028|es:769|ar:648|pt:636|pl:196
2026-08-18T11:16:37Z,1832841853,ru:13226|en:8423|zh:4606|de:1455|it:1355|fr:1032|es:951|hu:887|pl:232|ar:197
2026-08-18T11:16:37Z,29595,ru:21038|en:9034|uk:752|pt:504|fr:155|de:121|cs:80|fi:77|bg:73|th:44
2026-08-18T11:16:37Z,32982,en:11183|ru:7714|es:4239|it:2637|de:2088|ja:868|pt:793|fr:394|uk:378|da:208
2026-08-18T11:16:37Z,515025,ja:15750|en:9575|zh:670|ru:565|fr:548|es:491|ar:352|de:310|pt:185|th:150
2026-08-18T11:16:37Z,18122,en:16558|de:3779|ru:2474|fr:1386|es:707|pt:204|uk:73|zh:61|el:56|hu:36
2026-08-18T11:16:37Z,499973,en:18674|fr:2348|de:765|es:661|ja:248|pt:13|bg:9|ru:3|sk:1|other:1
2026-08-18T11:16:37Z,27471,en:13542|ru:2615|de:1130|ja:1054|fr:538|hu:329|pt:234|es:212|pl:167|nl:93
2026-08-18T11:16:37Z,509670,en:19247|fr:264|de:149|es:15|ja:3|tr:2|ru:1
2026-08-18T11:16:37Z,33214,en:11912|es:1840|fr:1203|de:1141|ru:752|it:508|pl:255|pt:246|ar:189|ja:129
2026-08-18T11:16:37Z,518203,es:12887|it:1411|en:215|el:34|hu:18|nl:9|fr:3|ru:2|pt:2|zh:1
2026-08-18T11:16:37Z,491487,en:7970|ru:1326|ja:1270|de:1103|fr:478|es:351|zh:302|pt:194|ar:179|pl:111
2026-08-18T11:16:37Z,1264310518,en:10131|ru:1904|ar:194|fr:172|es:164|ja:159|pt:84|th:10|other:9|it:9
2026-08-18T11:16:37Z,27546,en:9485|cs:1197|de:641|ru:534|pl:459|uk:426|ja:189|fr:136|hu:125|zh:43
2026-08-18T11:16:37Z,498566,en:4958|de:3192|es:2213|fr:1383|pt:658|fi:617|other:167|th:148|pl:91|ko:26
2026-08-18T11:16:37Z,31339,en:7419|de:2697|fr:1578|nl:403|ru:331|pt:308|es:217|ja:51|zh:31|cs:18
2026-08-18T11:16:37Z,55453844,ja:9624|zh:839|fr:53|en:53|zh-hk:13|it:10|es:5|ru:4|other:4|ko:4
2026-08-18T11:16:37Z,493057,ru:4317|zh:3786|en:1164|de:464|el:402|uk:159|ja:142|pt:110|hu:72|th:59
2026-08-18T11:16:37Z,138585,en:6337|ru:1804|fr:1462|zh:379|de:211|es:85|ro:21|uk:20|it:5|tr:2
2026-08-18T11:16:37Z,512710,en:5395|de:1310|fr:905|ru:586|it:501|es:308|nl:176|no:156|pt:126|cs:58
2026-08-18T11:16:37Z,386821,en:4009|ru:1175|ja:962|pt:764|zh:589|th:381|es:256|de:185|tr:156|fr:73
2026-08-18T11:16:37Z,498592,en:6850|de:392|pt:276|es:252|ru:241|fr:157|bg:58|zh:47|ar:42|nl:3
2026-08-18T11:16:37Z,509660,en:3534|fr:1362|zh:853|ja:551|de:501|ru:340|es:251|th:207|pl:85|ko:56
2026-08-18T11:16:37Z,1494074023,fr:7972
2026-08-18T11:16:37Z,531697421,en:7604
2026-08-18T11:16:37Z,29452,en:2871|pt:2488|ru:812|fr:685|es:104
2026-08-18T11:16:37Z,525700863,ja:6628|zh:19
2026-08-18T11:16:37Z,29307,en:4461|ru:1122|zh:204|ja:133|es:131|fr:115|de:59|th:52|pt:49|pl:49
2026-08-18T11:16:37Z,512953,en:4655|zh:328|de:270|ru:168|fr:140|ja:97|hu:63|ar:47|pl:17|uk:13
2026-08-18T11:16:37Z,464339927,en:3131|ru:1189|de:1080|fr:474|it:126|ja:54|pt:10|es:10|uk:7|tr:5
2026-08-18T11:16:37Z,624536948,en:2919|ru:1356|de:743|fr:295|es:239|it:157|pl:105|pt:94|ar:19|id:12
2026-08-18T11:16:37Z,263490,en:2470|ru:1382|fr:1249|ja:302|es:118|de:116|hu:26|it:16|uk:13|pt:5
2026-08-18T11:16:37Z,19619,pt:5288|en:153|es:122|pl:118|other:1
2026-08-18T11:16:37Z,499634,en:5002|ru:288|fr:18|pt:15|es:9|tr:1|it:1|de:1
2026-08-18T11:16:37Z,2132205352,en:3088|ru:1678|ja:360|pt:64|fr:11|id:10|pl:9|da:8|es:6|ar:6
2026-08-18T11:16:37Z,460630,en:2276|de:1251|it:398|fr:285|ja:212|ru:205|es:176|zh:149|fi:58|th:32
2026-08-18T11:16:37Z,116747788,zh:4180|en:1604|ru:114|de:7|tl:1
2026-08-18T11:16:37Z,509659,en:4231|es:267|ru:88|ja:48|de:3|other:2|fr:1
2026-08-18T11:16:37Z,417528,es:1682|en:1331|pt:701|ru:592|fr:333|ja:47|de:44|tr:29|zh:22|sk:13
2026-08-18T11:16:37Z,24241,en:2446|ja:1226|zh:429|de:276|fr:188|pt:42|ru:15|it:12|ar:3|ko:1
2026-08-18T11:16:37Z,852009328,en:2196|ru:1025|de:400|fr:392|ja:260|es:99|pt:85|zh:55|pl:41|it:21
2026-08-18T11:16:37Z,272263131,en:3940|ja:219|zh:94|cs:54|de:49|fr:14|es:9|it:6|ru:4|other:1
2026-08-18T11:16:37Z,19976,zh:3788|en:488|ja:38|fr:3|th:1|ko:0
2026-08-18T11:16:37Z,513143,en:1689|zh:597|es:563|fr:547|pl:260|ja:162|de:140|ru:104|ko:55|it:47
2026-08-18T11:16:37Z,513181,en:2059|ru:974|ja:386|zh:255|fr:160|pt:118|de:58|th:55|ar:52|es:48
2026-08-18T11:16:37Z,26936,en:3343|ja:244|th:138|zh:137|pt:52|es:51|de:27|it:20|fr:18|ru:16
2026-08-18T11:16:37Z,27284,en:3239|ja:416|ru:113|de:83|es:70|pl:61|pt:41|fr:35|other:31|uk:8
2026-08-18T11:16:37Z,23020,en:2427|ru:957|fr:107|es:92|de:62|pl:38|zh:22|ja:12|ar:11|pt:6
2026-08-18T11:16:37Z,1036710512,en:1891|de:668|ja:574|fr:327|es:68|zh:55|pt:48|ru:38|ar:34|it:31
2026-08-18T11:16:37Z,459931,en:3728|fi:70|nl:34|da:5
2026-08-18T11:16:37Z,766571430,en:3297|zh:65|ru:40|fr:20|de:12|es:5|tl:4|uk:1|tr:1|sv:1
2026-08-18T11:16:37Z,728868394,de:3495|en:11
2026-08-18T11:16:37Z,168648543,en:2216|ru:313|fr:275|pl:186|de:139|ja:75|es:66|tr:47|ar:41|zh:14
2026-08-18T11:16:37Z,401587136,ru:1752|en:835|de:152|pt:150|zh:92|es:58|fr:56|pl:54|ja:38|fi:37
2026-08-18T11:16:37Z,515474,en:3146|ru:77|th:28|zh:20|de:5|es:1
2026-08-18T11:16:37Z,569194045,de:2814|ja:331|zh:20|fr:11
2026-08-18T11:16:37Z,417752,es:1903|en:451|de:444|fr:342|bg:44|ja:41|pt:12|it:10|ru:2|other:1
2026-08-18T11:16:37Z,1669431183,en:2375|de:620|da:76|ja:42|es:18|pt:3|other:1|fr:1
2026-08-18T11:16:37Z,65632,en:2336|ru:598|fr:110|de:61|uk:46|ja:18|es:16|pl:8|other:7|pt:1
2026-08-18T11:16:37Z,30921,en:1646|fr:729|es:190|pl:116|de:102|ja:40|nl:19|ru:18|ar:18|it:16
2026-08-18T11:16:37Z,676802825,ja:2059|en:802|ar:38|ru:26|zh:23|de:19|da:10|es:9|fr:5|tr:2
2026-08-18T11:16:37Z,630009802,en:2272|it:198|fr:130|ja:113|zh:77|de:67|ru:29|es:24|pt:14|sv:6
2026-08-18T11:16:37Z,1282866981,en:1274|zh:591|ru:558|fr:183|ja:168|de:101|es:39|th:31|it:3|pt:0
2026-08-18T11:16:37Z,13389,en:2658|es:29|zh:14|ru:9|fr:8|de:2
2026-08-18T11:16:37Z,1286363364,ja:2471
2026-08-18T11:16:37Z,20596,fr:2572|en:56|es:4|pt:1
2026-08-18T11:16:37Z,456845141,zh:1980|en:256|ru:198|ja:56|de:36|th:26|it:23|es:5|pt:3|other:1
2026-08-18T11:16:37Z,1081998272,en:986|zh:578|it:345|ru:321|es:67|ja:30|de:21|pl:19|zh-hk:13|th:10
2026-08-18T11:16:37Z,500188,en:1304|ru:524|de:242|uk:222|fr:90|pl:25|ar:14|th:13|pt:12|es:12
2026-08-18T11:16:37Z,12839,ru:1894|en:258|pl:193|uk:68|de:1
2026-08-18T11:16:37Z,1599346425,en:934|de:578|es:412|pt:109|zh:69|fr:68|ja:12|uk:3|tl:3|ru:2
2026-08-18T11:16:37Z,23453,ru:2198|en:14|ja:3
2026-08-18T11:16:37Z,2748,en:1856|ja:177|fr:93|it:70|es:6|pt:5
2026-08-18T11:16:37Z,1303634255,zh:1889|ja:323
2026-08-18T11:16:37Z,71375,de:883|en:759|fr:315|ru:40|pt:6|es:6|ko:1
2026-08-18T11:16:37Z,2012789438,en:1537|fr:192|ar:175|de:34|ja:10|pt:3|pl:3|other:2|es:2|vi:1
2026-08-18T11:16:37Z,67763,en:1929
2026-08-18T11:16:37Z,504463,en:1147|ja:450|de:71|fr:45|zh:33|ru:33|pt:28|es:7|el:6|hu:2
2026-08-18T11:16:37Z,66170,en:1501|zh:53|pt:41|it:36|uk:35|ru:31|ja:28|fr:25|es:17|ar:15
2026-08-18T11:16:37Z,1393304883,ru:1788
2026-08-18T11:16:37Z,493959,ru:939|en:352|it:179|tr:88|fr:51|de:34|ro:28|pt:24|el:13|nl:11
2026-08-18T11:16:37Z,1119642287,en:1700|zh:14|de:11|es:6|ja:4|pt:2
2026-08-18T11:16:37Z,502829,ru:1669|en:37|uk:6|other:2|zh:0
2026-08-18T11:16:37Z,6521,es:867|ru:567|en:226|hu:32|tr:5|pt:1|fr:1
2026-08-18T11:16:37Z,1469308723,en:719|ru:483|fr:246|de:190|zh:14|es:12|pt:5|ja:4|uk:1|th:1
2026-08-18T11:16:37Z,488190,ru:623|de:439|en:371|pt:133|es:44|zh:28|uk:3|ko:1
2026-08-18T11:16:37Z,31336,tr:518|de:398|es:250|pt:132|pl:128|ro:72|fr:35|en:25|it:16|cs:10
2026-08-18T11:16:37Z,33180,en:1519|ru:9|de:5|ar:1
2026-08-18T11:16:37Z,518017,en:1311|ar:154|ru:25|ja:11|pt:9|it:4|es:1
2026-08-18T11:16:37Z,494184,ru:1243|en:222|pt:23|fr:13|th:3|es:2|uk:1|tr:0|ar:0
2026-08-18T11:16:37Z,511554,en:1424|ja:46|zh:14|ru:1
2026-08-18T11:16:37Z,1414406743,en:1430|de:35|fr:3
2026-08-18T11:16:37Z,509511,en:852|de:497|es:104|nl:4|tl:2
2026-08-18T11:47:47Z,509658,ja:81100|en:42186|ru:34447|zh:33628|de:20746|fr:6071|uk:4543|es:2598|pt:2076|pl:1917
2026-08-18T11:47:47Z,21779,ja:35289|en:26289|es:13547|fr:10005|zh:5714|ru:4593|de:4445|pl:3412|pt:1068|el:883
2026-08-18T11:47:47Z,509672,ru:36986|fr:12199|en:10008|de:9942|zh:3903|es:2550|uk:1468|fi:582|hu:248|pt:234
2026-08-18T11:47:47Z,32399,ru:20771|en:10359|pl:5077|fr:1600|pt:1574|de:1034|uk:695|it:526|da:450|sv:156
2026-08-18T11:47:47Z,516575,zh:12393|ja:8449|en:7368|ru:2914|fr:2851|de:2100|es:1262|pt:1011|ar:805|th:295
2026-08-18T11:47:47Z,511224,ja:25750|en:7116|zh:3279|fr:769|th:383|ru:290|pl:126|de:115|es:111|ar:32
2026-08-18T11:47:47Z,509663,ja:38243|en:421|de:259|fr:112|zh:70|es:12|pt:3|ar:2|tl:1
2026-08-18T11:47:47Z,32982,en:13999|ru:8458|es:4687|de:2982|it:2771|ja:1012|pt:860|fr:478|uk:222|th:218
2026-08-18T11:47:47Z,29595,ru:25297|en:7526|uk:812|pt:633|fr:185|de:129|fi:97|th:49|ro:42|cs:40
2026-08-18T11:47:47Z,1832841853,ru:13421|en:9449|zh:4833|de:1912|fr:1451|it:1383|es:971|hu:578|pl:249|ja:203
2026-08-18T11:47:47Z,515025,ja:17806|en:9832|zh:807|fr:694|es:573|ru:499|ar:397|de:302|pt:235|th:160
2026-08-18T11:47:47Z,491931,en:12544|ja:7594|ru:3600|de:1932|fr:1656|es:607|zh:182|fi:139|hu:137|tr:113
2026-08-18T11:47:47Z,509670,en:26389|fr:317|de:147|es:15|ja:3|tr:2|ru:2|pl:0
2026-08-18T11:47:47Z,18122,en:17050|de:3546|ru:3192|fr:1226|es:609|pt:141|uk:74|el:66|zh:57|hu:49
2026-08-18T11:47:47Z,27471,en:14185|ru:2512|de:1546|ja:1130|fr:670|es:286|pt:281|pl:195|hu:113|nl:97
2026-08-18T11:47:47Z,499973,en:17101|fr:2424|de:729|es:651|ja:275|pt:47|bg:10|ru:3|ca:2|sk:1
2026-08-18T11:47:47Z,33214,en:12707|es:1833|de:1294|fr:1282|ru:852|it:604|pt:339|pl:287|ar:195|ja:179
2026-08-18T11:47:47Z,518203,es:12607|it:2589|en:187|el:46|hu:9|nl:7|ru:3|fr:3|pt:2|zh:1
2026-08-18T11:47:47Z,491487,en:8701|ja:1482|ru:1356|de:1197|zh:330|fr:203|es:197|pt:191|ar:150|pl:112
2026-08-18T11:47:47Z,498566,en:5595|de:3478|es:3438|pt:845|fi:635|fr:489|no:244|th:176|other:166|pl:96
2026-08-18T11:47:47Z,27546,en:10973|cs:1180|de:666|ru:523|pl:503|uk:400|ja:225|hu:151|fr:138|zh:33
2026-08-18T11:47:47Z,1264310518,en:9566|ru:2081|ar:233|fr:167|es:155|ja:151|pt:109|it:15|de:10|th:7
2026-08-18T11:47:47Z,512710,en:6448|de:1811|fr:1651|ru:577|it:558|es:307|pt:212|nl:145|no:142|pl:58
2026-08-18T11:47:47Z,55453844,ja:10876|zh:611|en:143|fr:78|zh-hk:14|ru:7|es:7|other:4|ko:4
2026-08-18T11:47:47Z,31339,en:4861|de:2891|fr:1762|nl:979|pt:384|ru:366|es:222|ja:56|zh:20|cs:20
2026-08-18T11:47:47Z,138585,en:6889|ru:1961|fr:1495|zh:379|de:177|es:117|uk:13|tr:10|it:7|pl:1
2026-08-18T11:47:47Z,386821,en:4689|pt:1338|ru:1189|ja:1013|zh:723|th:356|es:233|de:198|tr:173|fr:79
2026-08-18T11:47:47Z,509660,en:4106|fr:2072|zh:871|de:618|ja:600|ru:361|es:212|th:175|uk:82|ko:66
2026-08-18T11:47:47Z,1494074023,fr:8632
2026-08-18T11:47:47Z,116747788,zh:6589|en:1844|ru:137|de:15|tl:1
2026-08-18T11:47:47Z,498592,en:6788|de:354|pt:297|es:247|fr:175|ru:122|bg:58|zh:45|ar:12|ja:6
2026-08-18T11:47:47Z,29452,en:2832|pt:2515|ru:1838|fr:709|es:83
2026-08-18T11:47:47Z,531697421,en:7326
2026-08-18T11:47:47Z,525700863,ja:6419|zh:616
2026-08-18T11:47:47Z,512953,en:5676|de:252|zh:206|ru:166|ja:152|fr:131|hu:78|ar:44|uk:23|pl:20
2026-08-18T11:47:47Z,29307,en:4395|ru:1194|zh:265|ja:157|es:152|fr:115|de:72|th:71|pt:64|pl:60
2026-08-18T11:47:47Z,19619,pt:6103|en:167|es:148|pl:69|other:2
2026-08-18T11:47:47Z,1055378174,ru:49
2026-08-18T11:47:47Z,464339927,en:3251|ru:1211|de:961|fr:506|it:98|pt:50|ja:42|ar:27|uk:22|es:11
2026-08-18T11:47:47Z,493057,ru:2971|en:1497|de:418|el:410|uk:162|ja:149|zh:134|pt:109|hu:65|es:54
2026-08-18T11:47:47Z,499634,en:5578|ru:282|fr:23|pt:22|es:8|tr:1|it:1|de:1
2026-08-18T11:47:47Z,263490,en:2819|ru:1331|fr:1226|ja:197|de:126|es:125|hu:23|it:21|uk:12|pt:3
2026-08-18T11:47:47Z,2132205352,en:3441|ru:1852|ja:365|pt:65|pl:22|fr:14|ar:8|uk:6|th:6|da:6
2026-08-18T11:47:47Z,417528,es:1738|en:1538|pt:875|ru:667|fr:430|ja:66|de:50|tr:32|zh:20|sk:9
2026-08-18T11:47:47Z,24241,en:2253|ja:1475|zh:498|de:306|fr:189|pt:45|ru:15|it:13|th:2|ko:1
2026-08-18T11:47:47Z,624536948,en:1633|ru:1251|de:739|fr:340|es:223|it:179|pl:119|da:50|pt:47|ar:15
2026-08-18T11:47:47Z,23020,en:2442|ru:1607|fr:141|de:106|es:91|pl:77|zh:18|it:16|ar:15|ja:14
2026-08-18T11:47:47Z,272263131,en:4151|zh:105|ja:102|cs:60|de:53|fr:12|es:10|ru:6|it:5|other:1
2026-08-18T11:47:47Z,852009328,en:2205|ru:1026|de:454|ja:299|fr:150|es:93|pt:91|th:63|zh:60|uk:52
2026-08-18T11:47:47Z,168648543,en:2792|ru:420|de:405|fr:359|pl:183|ja:120|ar:53|tr:49|es:39|zh:16
2026-08-18T11:47:47Z,509659,en:4044|es:281|ru:79|ja:57|fr:28|other:2|de:2
2026-08-18T11:47:47Z,513143,en:2107|zh:599|fr:585|ja:309|pl:258|es:212|de:153|ru:97|el:48|ko:40
2026-08-18T11:47:47Z,513181,en:2032|ru:914|ja:442|pt:201|fr:193|zh:190|de:62|tl:54|ar:49|pl:37
2026-08-18T11:47:47Z,27284,en:3137|ja:666|ru:113|es:66|de:65|fr:55|pl:54|pt:51|fi:13|uk:9
2026-08-18T11:47:47Z,1036710512,en:1676|ja:710|de:580|fr:300|zh:77|es:55|pt:54|ru:43|it:38|pl:30
2026-08-18T11:47:47Z,460630,en:2437|fr:386|de:233|ru:228|zh:204|es:199|it:135|ja:134|fi:68|th:24
2026-08-18T11:47:47Z,26936,en:3155|ja:265|zh:133|th:133|es:58|pt:49|de:31|fr:20|it:19|ru:15
2026-08-18T11:47:47Z,459931,en:3850|fi:67|nl:9|da:5
2026-08-18T11:47:47Z,417752,es:2522|en:672|fr:465|pt:58|bg:41|ja:34|it:5|ru:2|de:2|other:1
2026-08-18T11:47:47Z,676802825,ja:2523|en:755|ar:61|es:33|zh:26|de:26|ru:21|da:14|fr:12|tr:3
2026-08-18T11:47:47Z,19976,zh:3138|en:491|ja:63|fr:2|th:1|ko:1
2026-08-18T11:47:47Z,65632,en:2561|ru:591|fr:127|uk:48|de:34|pt:28|ja:17|es:14|pl:11|other:7
2026-08-18T11:47:47Z,747702304,en:3414
2026-08-18T11:47:47Z,1669431183,en:2494|de:684|da:78|ja:73|es:21|pt:5|other:1|fr:1
2026-08-18T11:47:47Z,13389,en:3147|es:25|zh:14|ru:9|fr:7|de:3|ja:0
2026-08-18T11:47:47Z,401587136,ru:1763|en:547|pt:229|de:190|zh:115|fr:81|pl:56|ja:48|es:46|fi:29
2026-08-18T11:47:47Z,766571430,en:3027|zh:79|ru:47|fr:18|es:11|de:9|tr:8|ja:5|tl:4|uk:1
2026-08-18T11:47:47Z,728868394,de:3110|en:8|ru:1
2026-08-18T11:47:47Z,20596,fr:3044|en:69|pt:2|es:2
2026-08-18T11:47:47Z,1282866981,en:1294|ru:547|zh:544|fr:197|ja:187|de:103|th:47|es:47|zh-hk:19|it:3
2026-08-18T11:47:47Z,1286363364,ja:3057
2026-08-18T11:47:47Z,30921,en:1340|fr:773|de:270|es:227|pl:106|ja:42|ar:37|pt:26|it:20|ru:15
2026-08-18T11:47:47Z,12839,ru:2112|en:290|pl:223|uk:82|de:1
2026-08-18T11:47:47Z,456845141,zh:2045|en:256|ru:188|de:68|th:27|ja:8|es:5|pt:4|it:3
2026-08-18T11:47:47Z,500188,en:1292|ru:617|de:272|uk:206|fr:74|pl:23|pt:19|ar:15|th:13|es:10
2026-08-18T11:47:47Z,630009802,en:2027|fr:133|ja:131|de:64|zh:57|es:39|it:31|ru:26|pt:13|sv:5
2026-08-18T11:47:47Z,569194045,de:2412|fr:17|zh:9|en:1
2026-08-18T11:47:47Z,1303634255,zh:2037|ja:337
2026-08-18T11:47:47Z,513501,ru:2225|en:7|pt:1|ar:1|other:0|fr:0
2026-08-18T11:47:47Z,23453,ru:2243|en:18|ja:3
2026-08-18T11:47:47Z,1599346425,en:1085|de:551|es:328|pt:127|fr:48|zh:31|ja:13|it:7|uk:4|ru:2
2026-08-18T11:47:47Z,2748,en:1845|ja:196|fr:108|it:50|es:7|pt:5|de:5
2026-08-18T11:47:47Z,71375,en:961|de:898|fr:175|ru:43|es:7|pt:6|ko:2
2026-08-18T11:47:47Z,504463,en:1304|ja:442|de:69|zh:64|fr:41|pt:39|ru:33|es:5|el:5|th:3
2026-08-18T11:47:47Z,66082,en:860|fi:545|hu:231|ja:119|ru:54|pl:33|de:26|pt:23|fr:20|es:16
2026-08-18T11:47:47Z,399457773,es:1414
2026-08-18T11:47:47Z,11988,en:1881|ja:75|es:7
2026-08-18T11:47:47Z,2012789438,en:1544|ar:162|fr:148|de:27|ja:19|it:13|pl:4|other:3|ru:1|pt:1
2026-08-18T11:47:47Z,67763,en:1948
2026-08-18T11:47:47Z,66170,en:1509|zh:75|ja:71|ru:47|uk:34|es:23|fr:18|pt:17|it:17|id:12
2026-08-18T11:47:47Z,493959,ru:1047|en:300|it:204|fr:65|de:46|pt:29|ro:23|nl:18|ar:13|el:11
2026-08-18T11:47:47Z,502829,ru:1826|en:28|uk:14|zh:1|other:1
2026-08-18T11:47:47Z,1119642287,en:1807|zh:23|de:12|ja:6|pt:4|fr:2
2026-08-18T11:47:47Z,1393304883,ru:1817
2026-08-18T11:47:47Z,494184,ru:1418|en:235|pt:23|fr:11|uk:4|th:3|es:1|tr:0|tl:0|ar:0
2026-08-18T11:47:47Z,1081998272,en:1076|ru:325|zh:85|es:42|ja:39|th:33|de:30|pl:29|tl:16|zh-hk:9
2026-08-18T11:47:47Z,743,en:1447|fr:186|de:72|uk:15|ru:8|pt:1|pl:1|es:1|other:0
2026-08-18T11:47:47Z,1469308723,en:714|ru:436|fr:294|de:166|pt:18|zh:15|es:11|ja:3|sk:1
2026-08-18T11:47:47Z,509511,en:987|de:522|es:107|nl:8|tl:3
2026-08-18T11:47:47Z,488190,de:497|en:433|ru:204|pt:191|zh:81|es:55|uk:4|ko:1
2026-08-18T12:25:41Z,509658,ja:52856|en:41544|ru:35267|zh:28976|de:12601|fr:5991|es:3815|pl:2603|pt:2358|ko:1837
2026-08-18T12:25:41Z,21779,ja:39088|en:27894|es:14969|fr:9661|zh:6977|ru:6480|de:4834|pl:2938|pt:1483|el:1003
2026-08-18T12:25:41Z,509672,ru:44081|fr:12064|en:11189|de:10910|zh:2970|es:2708|uk:1428|da:1053|fi:495|pt:273
2026-08-18T12:25:41Z,32399,ru:39825|en:9808|pl:6156|uk:5754|pt:2572|fr:976|de:852|sv:741|it:613|da:439
2026-08-18T12:25:41Z,516575,zh:15961|ja:9679|en:5589|fr:3237|ru:3086|de:2330|es:1797|pt:1410|ar:972|th:492
2026-08-18T12:25:41Z,511224,ja:27015|en:7148|zh:3318|de:841|fr:752|th:464|ru:316|pl:131|pt:81|el:45
2026-08-18T12:25:41Z,32982,en:15184|ru:8992|es:4215|de:3780|it:3330|ja:1172|pt:1008|fr:462|th:267|da:237
2026-08-18T12:25:41Z,1832841853,ru:13092|en:11695|zh:4542|fr:2189|de:1800|es:1155|it:478|hu:472|pt:247|pl:226
2026-08-18T12:25:41Z,29595,ru:26065|en:7592|pt:850|uk:717|fr:185|de:132|fi:98|cs:70|ro:47|th:30
2026-08-18T12:25:41Z,515025,ja:20391|en:10157|zh:1203|fr:846|ru:589|es:560|ar:341|de:337|pt:306|th:140
2026-08-18T12:25:41Z,491931,en:12481|ja:8584|ru:3944|de:1803|fr:1625|es:619|zh:201|hu:136|pt:134|fi:134
2026-08-18T12:25:41Z,509670,en:28163|fr:366|de:214|es:15|ja:4|tr:2|ru:1|pl:1
2026-08-18T12:25:41Z,18122,en:18015|de:3693|ru:2467|fr:1309|pt:307|es:166|no:82|zh:78|uk:77|el:64
2026-08-18T12:25:41Z,27471,en:15029|ru:2687|de:1739|fr:1482|ja:1170|pt:341|es:262|zh:258|pl:189|nl:107
2026-08-18T12:25:41Z,33214,en:14188|de:2027|fr:2001|es:1896|ru:1581|it:442|pt:408|pl:282|ja:210|ar:155
2026-08-18T12:25:41Z,498566,de:7633|es:3960|en:3745|pt:782|fi:669|fr:469|no:207|th:204|other:168|pl:98
2026-08-18T12:25:41Z,499973,en:15207|fr:2528|es:753|de:685|ja:264|pt:45|bg:12|ru:3|ca:3|sk:1
2026-08-18T12:25:41Z,491487,en:9543|ja:1834|ru:1394|de:1303|pt:559|zh:416|fr:403|es:198|ar:185|hu:164
2026-08-18T12:25:41Z,27546,en:12308|cs:1194|pl:481|de:434|uk:406|ja:287|ru:275|hu:184|fr:88|zh:37
2026-08-18T12:25:41Z,1264310518,en:10798|ru:2282|ar:302|ja:215|fr:206|pt:160|es:160|it:17|hu:16|de:16
2026-08-18T12:25:41Z,55453844,ja:13210|zh:839|en:171|fr:68|zh-hk:26|ru:5|ko:4|es:4|pt:3
2026-08-18T12:25:41Z,512710,en:8210|fr:2015|de:1866|it:530|ru:505|es:319|pt:299|nl:78|hu:55|pl:54
2026-08-18T12:25:41Z,481755850,de:12784|en:301|fr:81|pl:8|zh:3|other:1
2026-08-18T12:25:41Z,31339,en:5280|de:2885|fr:1857|nl:1026|pt:466|ru:346|es:70|ja:57|pl:23|zh:21
2026-08-18T12:25:41Z,386821,en:4999|pt:2021|ru:1367|ja:1184|zh:1034|th:508|de:217|tr:160|es:118|fr:114
2026-08-18T12:25:41Z,138585,en:4932|zh:1752|fr:1681|ru:1554|it:342|ja:194|es:130|de:38|uk:15|pl:2
2026-08-18T12:25:41Z,509660,en:4132|fr:2477|zh:867|de:726|ja:702|ru:332|th:160|uk:147|es:103|pl:73
2026-08-18T12:25:41Z,493057,ru:3168|de:2305|en:1735|pl:873|el:416|pt:283|ja:231|zh:212|uk:177|hu:78
2026-08-18T12:25:41Z,116747788,zh:8056|en:1462|de:8|tl:2|ja:2
2026-08-18T12:25:41Z,525700863,ja:7946|zh:733
2026-08-18T12:25:41Z,1494074023,fr:8418
2026-08-18T12:25:41Z,518203,it:4376|es:3330|en:269|fr:221|el:52|de:43|hu:8|nl:7|ru:6|zh:2
2026-08-18T12:25:41Z,498592,en:6621|de:341|pt:285|es:266|fr:198|ru:131|zh:46|ar:16|ja:10|pl:4
2026-08-18T12:25:41Z,29307,en:5592|ru:1253|zh:310|ja:197|fr:103|th:94|de:87|pt:74|pl:61|uk:41
2026-08-18T12:25:41Z,19619,pt:7048|en:207|es:168|pl:141|nl:4|other:2
2026-08-18T12:25:41Z,168648543,en:4488|fr:625|de:614|ru:603|es:513|ja:211|pl:195|tr:80|ar:52|pt:31
2026-08-18T12:25:41Z,951949934,en:7105|fr:191|ru:38|zh:32|de:21|ar:20|uk:12|cs:6|fi:4|it:3
2026-08-18T12:25:41Z,512953,en:5964|zh:225|fr:195|ja:143|ru:122|de:85|hu:80|ar:35|th:31|pl:28
2026-08-18T12:25:41Z,499634,en:6594|ru:282|pt:36|fr:12|es:11|de:3|tr:1|it:1
2026-08-18T12:25:41Z,2132205352,en:4055|ru:1834|ja:311|pt:76|pl:33|es:33|fr:16|th:10|it:10|de:8
2026-08-18T12:25:41Z,263490,en:3035|ru:1353|fr:1189|ja:235|de:141|es:135|hu:31|uk:11|it:7|pt:5
2026-08-18T12:25:41Z,464339927,en:3635|ru:1205|de:1049|fr:500|it:116|ja:86|pt:70|es:33|uk:21|zh:17
2026-08-18T12:25:41Z,417528,es:1724|en:1584|pt:1117|ru:774|fr:441|de:67|tr:45|ja:45|zh:19|pl:18
2026-08-18T12:25:41Z,24241,en:2699|ja:1719|zh:646|de:333|fr:192|pt:26|it:15|ru:13|th:12|ar:4
2026-08-18T12:25:41Z,624536948,en:1621|ru:1250|de:821|fr:440|es:239|it:229|pl:126|da:66|pt:37|uk:33
2026-08-18T12:25:41Z,417752,es:3475|en:1042|fr:453|bg:41|it:40|ja:38|pt:21|ru:20|de:4|el:1
2026-08-18T12:25:41Z,511399,ja:4386|en:504|it:16
2026-08-18T12:25:41Z,26936,en:3213|ja:365|zh:319|it:295|ru:226|th:135|es:74|pt:55|de:20|fr:13
2026-08-18T12:25:41Z,852009328,en:2346|ru:1195|de:371|ja:314|fr:158|pt:101|es:86|th:74|uk:47|zh:40
2026-08-18T12:25:41Z,401587136,ru:3038|en:786|pt:255|de:175|zh:111|fr:111|es:82|pl:57|ja:45|it:35
2026-08-18T12:25:41Z,460630,en:2255|it:852|fr:406|ru:262|de:260|es:203|ja:189|fi:81|zh:64|hu:40
2026-08-18T12:25:41Z,1036710512,en:2015|ja:860|de:803|fr:358|zh:99|th:83|pt:72|es:51|pl:44|ru:40
2026-08-18T12:25:41Z,272263131,en:4297|zh:112|ja:107|de:56|fr:13|es:10|ru:8|other:1|nl:1|fi:1
2026-08-18T12:25:41Z,12839,ru:4229|en:281|uk:102|pl:34|de:1
2026-08-18T12:25:41Z,513143,en:2471|zh:572|ja:378|pl:228|de:224|pt:142|es:134|ru:133|fr:123|ko:36
2026-08-18T12:25:41Z,513181,en:1917|ru:887|ja:469|pt:264|fr:187|zh:174|de:100|tl:75|ar:68|es:52
2026-08-18T12:25:41Z,459931,en:4308|fi:70|nl:11|pt:8|da:6|es:4|no:2|de:2
2026-08-18T12:25:41Z,509659,en:3565|ja:501|ru:119|uk:51|fr:46|es:16|other:5|de:2
2026-08-18T12:25:41Z,29452,pt:2525|ru:904|en:751|es:27
2026-08-18T12:25:41Z,1282866981,en:2045|zh:717|ru:636|fr:206|ja:191|de:131|th:66|es:44|zh-hk:18|ar:11
2026-08-18T12:25:41Z,27284,en:2749|ja:630|ru:101|fr:83|es:74|de:71|pt:61|pl:51|fi:14|uk:9
2026-08-18T12:25:41Z,1738928929,en:3931
2026-08-18T12:25:41Z,2059463486,zh:3301|en:523|de:59|fr:31|ja:7|no:4|it:4|ru:3
2026-08-18T12:25:41Z,30921,en:1743|fr:974|de:421|es:215|pl:131|pt:129|ar:86|ja:50|it:20|ru:8
2026-08-18T12:25:41Z,676802825,ja:2695|en:732|zh:208|ar:67|ru:41|es:32|de:26|da:13|fr:11|pt:5
2026-08-18T12:25:41Z,511554,zh:2295|en:1490|ja:49
2026-08-18T12:25:41Z,23020,en:2301|ru:722|fr:139|es:101|de:72|pl:57|ja:40|zh:24|pt:21|it:16
2026-08-18T12:25:41Z,20596,fr:3506|en:74|pt:6|es:2
2026-08-18T12:25:41Z,1669431183,en:2300|de:925|pt:156|ja:136|da:72|es:26|ru:2|fr:2|other:1
2026-08-18T12:25:41Z,766571430,en:3212|zh:102|ru:80|fr:34|es:17|ja:16|de:14|it:7|el:6|tr:5
2026-08-18T12:25:41Z,747702304,en:3493|ru:1
2026-08-18T12:25:41Z,1286363364,ja:3389|zh:78|de:16
2026-08-18T12:25:41Z,19976,zh:2349|en:474|ja:90|fr:4|ko:1
2026-08-18T12:25:41Z,1081998272,ja:1346|en:1296|ru:379|zh:137|es:47|pl:31|tl:29|th:28|de:16|zh-hk:7
2026-08-18T12:25:41Z,1055378174,ru:3318
2026-08-18T12:25:41Z,65632,en:2719|ru:425|fr:117|uk:60|de:50|pt:34|ja:32|es:22|pl:15|other:4
2026-08-18T12:25:41Z,13389,en:2901|de:102|zh:44|fr:10|ru:9|ja:0
2026-08-18T12:25:41Z,500188,en:1397|ru:629|de:468|uk:176|fr:56|pl:30|pt:16|ar:14|es:12|fi:10
2026-08-18T12:25:41Z,71375,en:1107|de:967|es:294|fr:272|ru:41|pt:7|ja:2
2026-08-18T12:25:41Z,1303634255,zh:2395|ja:321
2026-08-18T12:25:41Z,2748,en:2267|ja:290|fr:111|pt:6|de:5
2026-08-18T12:25:41Z,511229,ja:2608|en:6
2026-08-18T12:25:41Z,1189321824,ja:2443
2026-08-18T12:25:41Z,508455,ja:1700|en:514|ru:228|pt:44|fr:38|de:28|pl:7|uk:1
2026-08-18T12:25:41Z,630009802,en:1972|ja:136|de:67|zh:55|it:34|ru:25|pt:12|es:8|ar:6|sv:5
2026-08-18T12:25:41Z,66082,en:845|hu:614|zh:508|ja:142|de:94|ru:68|pt:47|pl:30|fr:22|es:12
2026-08-18T12:25:41Z,513501,ru:2305|en:3|uk:1|ar:1|fr:0
2026-08-18T12:25:41Z,569194045,de:2268|fr:18|zh:10|ru:9|en:4
2026-08-18T12:25:41Z,1599346425,en:1278|de:481|pt:170|es:153|fr:116|zh:39|th:17|ja:11|ru:5|tl:4
2026-08-18T12:25:41Z,743,en:1983|fr:175|de:81|ru:21|uk:10|pt:1|pl:1|other:1|ca:1
2026-08-18T12:25:41Z,2012789438,en:1646|fr:244|ar:162|ja:63|de:30|it:20|pt:4|nl:4|pl:3|ru:2
2026-08-18T12:25:41Z,399457773,es:1485|ru:704|en:6
2026-08-18T12:25:41Z,1335943195,en:2207
2026-08-18T12:25:41Z,504463,en:1525|ja:436|de:96|zh:69|fr:40|pt:31|ru:6|th:3|pl:3|es:2
2026-08-18T12:25:41Z,1469308723,en:921|ru:511|fr:288|de:177|es:79|pt:55|zh:12|ja:5|uk:1|th:1
2026-08-18T12:25:41Z,670138298,en:1999|es:2|fr:1
2026-08-18T12:25:41Z,66170,en:1524|zh:105|ja:92|fr:69|ru:53|es:22|pt:20|id:15|de:14|ar:13
2026-08-18T12:25:41Z,493959,ru:1049|en:391|it:212|fr:85|de:54|pt:39|pl:27|ro:26|nl:17|zh:10
2026-08-18T12:25:41Z,494184,ru:1671|en:207|pt:30|fr:12|th:2|ar:2|tr:1|tl:1|es:1
2026-08-18T12:25:41Z,210472759,en:1705|ru:41|tr:3|fr:3
2026-08-18T13:21:54Z,509658,en:50343|ru:44609|zh:40446|de:15877|fr:7842|es:7234|ja:6363|pl:3620|pt:3030|th:2511
2026-08-18T13:21:54Z,21779,ja:38128|en:30691|es:14689|fr:9581|ru:6431|de:5972|zh:3004|pt:2443|pl:1509|it:1335
2026-08-18T13:21:54Z,509672,ru:52452|de:12325|fr:10852|en:9491|es:3648|zh:1908|uk:1604|da:1058|it:390|pt:358
2026-08-18T13:21:54Z,32399,ru:42983|en:9674|pl:8887|pt:5037|de:1424|fr:1249|sv:1224|zh:541|uk:501|fi:486
2026-08-18T13:21:54Z,516575,zh:16252|ja:10536|en:5862|fr:4034|es:2776|de:2263|ru:2218|pt:1548|th:682|ar:592
2026-08-18T13:21:54Z,1832841853,en:15827|ru:13973|zh:8215|fr:4207|de:2436|es:1052|it:514|ja:465|pt:322|hu:253
2026-08-18T13:21:54Z,32982,en:18858|ru:8231|de:3905|it:2376|ja:2060|pt:1296|fr:514|es:394|th:326|sv:187
2026-08-18T13:21:54Z,511224,ja:22276|en:8291|zh:3513|fr:793|ru:762|de:208|th:142|pt:122|es:97|el:45
2026-08-18T13:21:54Z,509670,en:35829|fr:255|de:236|es:13|tr:2|ru:2|ja:2|pl:1
2026-08-18T13:21:54Z,29595,ru:21949|en:9900|pt:856|uk:696|fr:189|de:138|fi:97|cs:73|ro:56|th:46
2026-08-18T13:21:54Z,515025,ja:17633|en:10978|fr:1024|ru:842|zh:712|es:619|de:427|pt:378|th:226|ar:179
2026-08-18T13:21:54Z,491931,en:13775|ja:9087|ru:5266|fr:1911|de:1455|it:370|zh:235|es:217|fi:155|hu:135
2026-08-18T13:21:54Z,55453844,ja:30166|zh:936|en:296|fr:102|zh-hk:29|pt:11|ru:10|ko:3|ar:3|es:1
2026-08-18T13:21:54Z,33214,en:15941|fr:2210|es:1924|de:1771|ru:1661|it:1423|pt:528|ja:288|pl:286|ar:155
2026-08-18T13:21:54Z,18122,en:17820|de:3070|ru:2396|fr:1953|pt:588|zh:125|no:108|uk:92|it:89|es:75
2026-08-18T13:21:54Z,639812969,ja:24777
2026-08-18T13:21:54Z,498566,en:9267|de:9203|es:3111|pt:551|th:362|pl:111|zh:64|nl:42|ko:36|fr:16
2026-08-18T13:21:54Z,491487,en:10707|ru:2047|ja:1966|es:1712|de:1327|pt:710|fr:542|zh:483|ar:177|hu:148
2026-08-18T13:21:54Z,27471,en:9150|ru:3348|de:2047|fr:1899|ja:1412|es:509|pt:353|zh:343|pl:214|nl:105
2026-08-18T13:21:54Z,499973,en:14929|fr:1974|es:647|de:640|ja:263|pt:49|bg:9|ru:3|nl:2|ca:2
2026-08-18T13:21:54Z,512710,en:10096|de:2093|fr:1886|it:908|es:538|ru:510|pt:438|hu:81|pl:58|nl:54
2026-08-18T13:21:54Z,27546,en:13541|de:1169|cs:819|pl:685|uk:480|ja:246|hu:238|ru:216|fr:92|zh:38
2026-08-18T13:21:54Z,1264310518,en:13705|ru:710|ar:403|fr:242|ja:231|pt:227|es:153|it:48|zh:37|de:23
2026-08-18T13:21:54Z,386821,en:6136|pt:2615|ru:1341|ja:1298|zh:1296|fr:707|th:670|de:449|tr:168|es:157
2026-08-18T13:21:54Z,481755850,de:12893|en:239|fr:79|pl:19|ja:7|zh:2|nl:2
2026-08-18T13:21:54Z,31339,en:5297|de:2590|fr:2051|nl:1060|pt:595|ru:227|es:107|ja:75|fi:59|th:43
2026-08-18T13:21:54Z,138585,en:5559|zh:1825|fr:1817|ru:1147|it:755|ja:512|es:165|de:46|uk:25|pl:7
2026-08-18T13:21:54Z,509660,en:5019|fr:2821|zh:833|de:808|ja:792|ru:357|th:181|uk:153|pl:105|es:86
2026-08-18T13:21:54Z,493057,ru:3492|de:3438|en:1612|pl:965|pt:371|el:369|ja:239|zh:238|uk:149|hu:72
2026-08-18T13:21:54Z,951949934,en:9980|fr:724|pl:125|uk:113|ru:38|de:33|ar:18|fi:9|ja:8|cs:7
2026-08-18T13:21:54Z,168648543,en:6261|ru:921|es:790|de:676|fr:619|ja:280|pl:246|pt:155|tr:124|zh:95
2026-08-18T13:21:54Z,525700863,ja:8203|zh:788
2026-08-18T13:21:54Z,29307,en:6035|ru:1288|zh:611|ja:189|de:95|fr:94|th:93|pt:86|pl:69|uk:37
2026-08-18T13:21:54Z,19619,pt:6508|es:213|pl:185|en:177|nl:5|other:2|de:0
2026-08-18T13:21:54Z,512953,en:6474|ru:360|de:266|fr:218|sv:162|ja:151|zh:147|th:35|it:35|hu:30
2026-08-18T13:21:54Z,518203,es:3812|it:3244|ru:615|en:357|fr:254|de:46|el:43|pt:18|hu:15|nl:6
2026-08-18T13:21:54Z,24241,en:4739|ja:2110|zh:770|de:319|fr:136|zh-hk:54|pt:31|th:22|ru:15|it:11
2026-08-18T13:21:54Z,499634,en:7465|ru:425|es:153|pt:106|fr:37|de:16|tr:1|it:1
2026-08-18T13:21:54Z,2059463486,zh:5215|hu:1772|en:526|de:41|ja:34|fr:19|ru:12|no:4|da:2
2026-08-18T13:21:54Z,498592,en:6374|de:339|pt:323|es:263|th:87|zh:58|fr:57|ru:20|ar:10|ja:9
2026-08-18T13:21:54Z,1494074023,fr:7237
2026-08-18T13:21:54Z,464339927,en:3833|ru:1172|de:1068|fr:534|pt:201|it:129|ja:109|es:61|zh:27|uk:19
2026-08-18T13:21:54Z,2132205352,en:4302|ru:2088|ja:248|pt:113|fr:33|pl:25|it:12|th:8|tr:7|da:4
2026-08-18T13:21:54Z,23020,en:2932|de:2358|ru:1074|fr:198|es:123|pt:61|th:26|zh:19|it:15|pl:13
2026-08-18T13:21:54Z,29452,en:3365|pt:3219|ru:258|es:24
2026-08-18T13:21:54Z,417752,es:4809|en:1783|no:73|bg:40|ja:38|ru:22|pt:18|it:10|fr:6|el:2
2026-08-18T13:21:54Z,12839,ru:5948|uk:218|en:117|pl:72|de:1
2026-08-18T13:21:54Z,263490,en:3065|ru:1319|fr:1297|es:450|ja:247|de:186|pt:96|pl:35|hu:19|uk:18
2026-08-18T13:21:54Z,1036710512,de:2258|en:2090|ja:913|fr:431|zh:149|pt:128|th:75|pl:75|ru:43|it:33
2026-08-18T13:21:54Z,417528,es:1851|en:1802|pt:1296|ru:856|fr:507|de:81|tr:67|ja:67|zh:25|pl:20
2026-08-18T13:21:54Z,624536948,en:3924|fr:1037|de:487|ru:287|es:241|it:211|pl:146|da:92|pt:38|uk:37
2026-08-18T13:21:54Z,1282866981,en:2452|ru:1921|zh:986|ja:218|fr:150|de:142|th:81|es:40|zh-hk:21|pt:17
2026-08-18T13:21:54Z,511399,ja:5199|en:490|it:14|de:3
2026-08-18T13:21:54Z,460630,en:2357|it:926|de:895|fr:499|ru:245|ja:216|zh:124|fi:89|es:73|th:38
2026-08-18T13:21:54Z,513143,en:2968|zh:735|ja:440|es:356|de:334|pt:269|ru:130|fr:129|pl:76|ko:42
2026-08-18T13:21:54Z,852009328,en:2493|ru:1149|fr:449|de:386|ja:352|uk:168|pt:156|th:152|es:101|zh:69
2026-08-18T13:21:54Z,513181,en:2260|ru:894|ja:515|it:411|pt:311|zh:262|fr:223|de:106|ar:77|tl:74
2026-08-18T13:21:54Z,26936,en:2942|ja:529|ru:364|it:319|zh:218|th:109|es:99|cs:98|pt:64|ko:51
2026-08-18T13:21:54Z,459931,en:4942|fi:77|nl:64|pt:18|es:16|no:6|da:5|de:3
2026-08-18T13:21:54Z,272263131,en:4619|ja:155|zh:131|de:63|fr:13|es:11|ru:5|cs:2|other:1|nl:1
2026-08-18T13:21:54Z,30921,en:1525|fr:1209|pl:641|de:541|es:533|ar:74|it:73|ja:44|pt:36|ru:13
2026-08-18T13:21:54Z,509482,ja:4457
2026-08-18T13:21:54Z,1669431183,en:2575|de:1319|ja:186|pt:147|ru:81|da:78|other:42|fr:17|es:12|it:5
2026-08-18T13:21:54Z,509659,en:3245|ja:662|uk:195|ru:141|es:18|other:5|de:2|fr:1
2026-08-18T13:21:54Z,27284,en:2975|ja:753|ru:243|fr:104|pt:90|es:67|pl:50|other:12|fi:12|uk:9
2026-08-18T13:21:54Z,1081998272,ja:1507|en:1112|ru:608|zh:593|de:98|th:45|tl:32|pt:20|es:17|pl:7
2026-08-18T13:21:54Z,511554,zh:2440|en:1584|ja:74|ru:12
2026-08-18T13:21:54Z,65632,en:3098|ru:439|fr:172|nl:69|es:58|pt:54|de:53|uk:45|ja:39|pl:30
2026-08-18T13:21:54Z,401587136,en:1448|ru:1218|pt:367|de:203|zh:126|fr:119|ja:101|es:93|pl:45|fi:44
2026-08-18T13:21:54Z,676802825,ja:2720|en:585|zh:236|ru:43|ar:30|es:26|fr:17|da:17|de:6|tr:5
2026-08-18T13:21:54Z,1303634255,zh:2557|ja:1230|en:19|th:16
2026-08-18T13:21:54Z,766571430,en:3243|zh:164|ru:113|pt:52|fr:49|ja:42|es:26|th:15|de:15|it:6
2026-08-18T13:21:54Z,1738928929,en:3645
2026-08-18T13:21:54Z,19976,zh:2965|en:392|pt:185|ja:149|fr:4|ko:1
2026-08-18T13:21:54Z,1286363364,ja:3427|zh:86|de:21
2026-08-18T13:21:54Z,747702304,en:3555|ru:2
2026-08-18T13:21:54Z,13332,en:645|it:445|fr:46|de:33|ar:7|pl:6|ja:5|pt:4|es:1
2026-08-18T13:21:54Z,13389,en:3343|de:140|zh:56|fr:36|tr:9|es:9|ja:1
2026-08-18T13:21:54Z,1435206302,en:3318|ja:106|zh:37|pl:5|ar:4
2026-08-18T13:21:54Z,20596,fr:3561|es:24|en:23|pt:11
2026-08-18T13:21:54Z,2748,en:2831|ja:431|fr:110|pt:18|de:10
2026-08-18T13:21:54Z,509663,es:2184|en:424|de:314|fr:207|zh:152|ja:128|pt:38|ar:2|tl:1
2026-08-18T13:21:54Z,66082,zh:1416|en:691|hu:575|ja:195|de:120|fr:96|pt:57|ru:53|pl:41|it:19
2026-08-18T13:21:54Z,884569009,en:3087|ru:83|uk:23|fr:1
2026-08-18T13:21:54Z,508455,ja:2144|en:571|ru:275|pt:63|fr:48|de:39|pl:7|uk:1
2026-08-18T13:21:54Z,511229,ja:3516|en:8
2026-08-18T13:21:54Z,369418,ru:1521|de:616|zh:338|en:290|fr:33|uk:18|pt:18|ja:10|es:4
2026-08-18T13:21:54Z,630009802,en:2339|ja:143|de:83|other:60|zh:47|ru:28|it:24|fr:19|pt:17|sv:7
2026-08-18T13:21:54Z,71375,de:1004|en:882|es:403|fr:355|ru:46|uk:23|it:22|ja:19|pt:9
2026-08-18T13:21:54Z,670138298,en:2822|es:2|fr:1
2026-08-18T13:21:54Z,500188,en:1373|de:558|ru:515|uk:101|fr:72|pt:27|pl:21|es:19|fi:12|hu:8
2026-08-18T13:21:54Z,2012789438,en:2038|fr:262|ar:221|ja:48|de:32|it:21|pt:20|es:13|pl:5|nl:4
2026-08-18T13:21:54Z,743,en:2146|fr:184|de:86|ru:30|pl:1|ar:1|ca:0
2026-08-18T13:21:54Z,1055378174,ru:2629
2026-08-18T13:21:54Z,504463,en:1850|ja:384|de:111|zh:82|fr:55|pt:42|ru:25|es:8|th:4|it:3
2026-08-18T13:21:54Z,32502,en:1414|zh:826|de:129|ja:81|ru:49|fr:45|pl:4|hu:1
2026-08-18T13:21:54Z,1189321824,ja:2539
2026-08-18T13:21:54Z,502829,ru:2444|uk:10|en:2|zh:1
2026-08-18T13:21:54Z,1599346425,en:1559|pt:294|de:276|fr:136|es:104|zh:28|ja:15|tl:13|ru:4|it:3
2026-08-18T13:21:54Z,2009321156,en:1523|ru:556|ja:239|zh:20|fr:8|de:4|pt:3
2026-08-18T14:03:45Z,509658,en:62170|zh:37451|ru:31035|de:20257|fr:11248|es:7973|ja:7833|pt:3604|pl:3417|it:2837
2026-08-18T14:03:45Z,21779,ja:36879|en:34749|es:19329|fr:11769|pt:2792|de:2730|ru:2193|pl:1824|zh:1624|it:1142
2026-08-18T14:03:45Z,509672,ru:49446|de:15285|fr:10534|en:8266|es:3416|uk:1851|zh:1803|pt:1602|da:1182|it:417
2026-08-18T14:03:45Z,32399,ru:39313|pl:10690|en:9525|pt:6609|de:1494|zh:1478|sv:1327|fr:1004|uk:534|da:392
2026-08-18T14:03:45Z,1832841853,en:22911|ru:15116|zh:8959|fr:4557|es:3772|de:2371|ja:588|it:586|pt:478|th:432
2026-08-18T14:03:45Z,516575,zh:19853|ja:10463|en:6033|fr:3993|es:3159|de:2431|ru:2248|pt:1791|th:752|ar:656
2026-08-18T14:03:45Z,32982,en:20285|ru:9464|de:5761|ja:2844|it:2567|pt:1521|sv:1293|fr:847|es:824|th:686
2026-08-18T14:03:45Z,511224,ja:24747|en:8249|zh:7120|ru:1155|fr:697|de:152|th:146|pt:143|es:127|ar:70
2026-08-18T14:03:45Z,29595,ru:27142|en:9552|pt:908|uk:740|fr:213|de:149|fi:96|th:81|cs:68|ro:63
2026-08-18T14:03:45Z,491931,en:13880|ja:8628|ru:6582|pl:1973|fr:1964|de:1851|it:536|es:282|zh:254|hu:187
2026-08-18T14:03:45Z,515025,ja:18125|en:11405|fr:1111|ru:955|es:893|zh:799|de:389|pt:373|ar:284|th:272
2026-08-18T14:03:45Z,509670,en:34477|de:261|fr:248|es:11|ja:4|tr:2|ru:2|pl:1
2026-08-18T14:03:45Z,33214,en:18888|fr:3364|de:2665|es:2323|it:1855|ru:735|pt:632|ja:300|pl:278|ar:151
2026-08-18T14:03:45Z,55453844,ja:28369|en:303|zh:220|fr:70|pt:24|zh-hk:15|ko:3
2026-08-18T14:03:45Z,18122,en:16322|de:3194|ru:2869|fr:2365|pt:690|es:324|zh:163|it:90|el:84|uk:79
2026-08-18T14:03:45Z,498566,de:12194|en:7482|es:2723|pt:770|fr:521|fi:139|zh:121|pl:104|no:64|th:42
2026-08-18T14:03:45Z,27471,en:9747|ru:4160|fr:2113|de:2063|ja:1462|es:658|pt:538|zh:404|pl:250|nl:163
2026-08-18T14:03:45Z,491487,en:11515|ja:2443|es:2329|ru:2066|de:1205|pt:831|fr:724|zh:571|ar:336|pl:186
2026-08-18T14:03:45Z,893956103,ja:21854|ru:2
2026-08-18T14:03:45Z,27546,en:12111|de:2858|pl:2778|uk:513|cs:486|hu:288|ja:244|ru:215|fr:42|zh:7
2026-08-18T14:03:45Z,512710,en:11435|de:2103|fr:1794|it:968|es:620|ru:535|pt:449|nl:126|ar:62|pl:61
2026-08-18T14:03:45Z,951949934,en:10377|fr:716|pt:619|hu:242|de:132|pl:131|other:114|uk:101|ja:45|ru:36
2026-08-18T14:03:45Z,499973,en:13397|fr:2327|es:831|de:630|ja:242|pt:49|bg:12|ru:4|ca:3|nl:2
2026-08-18T14:03:45Z,1264310518,en:14270|ru:648|ar:556|pt:374|ja:272|es:121|fr:100|it:65|th:36|other:34
2026-08-18T14:03:45Z,386821,en:7121|pt:2950|ru:1490|zh:1413|ja:1361|th:712|de:563|fr:530|es:218|tr:201
2026-08-18T14:03:45Z,168648543,en:6813|de:4505|es:1026|ru:716|fr:684|ja:279|pl:238|pt:170|tr:125|zh:106
2026-08-18T14:03:45Z,481755850,de:13169|en:817|fr:68|pl:14|ja:11|nl:3|zh:1|other:1
2026-08-18T14:03:45Z,138585,en:6406|zh:2103|fr:2013|ru:1342|it:728|ja:662|es:193|de:38|uk:21|pl:5
2026-08-18T14:03:45Z,493057,de:3976|ru:2631|en:1806|zh:678|pt:441|el:329|ja:222|uk:162|fr:75|es:52
2026-08-18T14:03:45Z,509660,en:5277|fr:2998|zh:897|ja:806|de:716|ru:373|th:162|uk:151|es:130|pt:69
2026-08-18T14:03:45Z,31339,en:5528|fr:2048|de:1582|nl:1008|pt:580|ru:240|es:210|th:74|fi:63|ja:62
2026-08-18T14:03:45Z,29307,en:6772|ru:1327|zh:696|ja:198|th:103|fr:87|pt:67|pl:66|uk:50|es:37
2026-08-18T14:03:45Z,512953,en:7107|ru:660|zh:488|fr:320|de:271|ja:226|sv:152|ar:48|hu:31|it:30
2026-08-18T14:03:45Z,29452,en:4193|pt:4092|ru:716|es:58
2026-08-18T14:03:45Z,19619,pt:7784|es:251|pl:193|en:192|de:20|nl:4|other:3
2026-08-18T14:03:45Z,24241,en:4715|ja:2258|zh:925|de:269|fr:204|th:49|pt:47|zh-hk:41|ru:18|it:15
2026-08-18T14:03:45Z,2059463486,zh:5664|hu:1718|en:621|de:327|da:15|ja:11|fr:11|ru:9|no:8
2026-08-18T14:03:45Z,525700863,ja:8148|zh:30
2026-08-18T14:03:45Z,417752,es:5401|en:1895|zh-hk:358|no:86|fr:74|ja:34|bg:32|ru:20|pt:18|it:18
2026-08-18T14:03:45Z,498592,en:6440|de:373|pt:288|es:251|th:87|ru:85|fr:72|zh:52|ja:7|ar:7
2026-08-18T14:03:45Z,464339927,en:4065|ru:1158|de:1064|fr:555|pt:250|ar:155|it:130|ja:110|es:54|hu:33
2026-08-18T14:03:45Z,499634,en:6131|pt:778|ru:449|es:206|fr:80|de:25|tr:1|it:1|zh:0
2026-08-18T14:03:45Z,263490,en:3203|ru:1446|fr:1204|es:659|de:503|ja:236|pt:98|pl:74|uk:33|hu:27
2026-08-18T14:03:45Z,2132205352,en:4636|ru:2221|ja:222|pt:163|de:38|fr:31|uk:26|th:22|pl:22|tr:17
2026-08-18T14:03:45Z,616177691,ru:6965|fr:19|ja:7
2026-08-18T14:03:45Z,12839,ru:6589|pl:145|en:134|uk:119
2026-08-18T14:03:45Z,1036710512,en:2811|de:2022|ja:942|fr:427|pt:161|zh:150|th:83|ru:70|pl:47|tl:46
2026-08-18T14:03:45Z,417528,en:1785|es:1527|pt:1512|ru:1089|fr:561|de:89|tr:76|ja:67|pl:43|zh:39
2026-08-18T14:03:45Z,513143,en:3139|zh:770|ja:462|pt:367|es:361|de:354|fr:209|ru:129|pl:73|cs:49
2026-08-18T14:03:45Z,1494074023,fr:6467
2026-08-18T14:03:45Z,1282866981,en:2841|ru:1756|zh:889|ja:207|fr:166|de:122|es:112|th:71|zh-hk:27|pt:15
2026-08-18T14:03:45Z,624536948,en:3362|fr:949|de:519|es:330|ru:284|pl:171|it:91|pt:83|uk:44|ja:17
2026-08-18T14:03:45Z,460630,en:2343|de:1103|it:985|fr:498|ru:313|ja:248|zh:131|es:104|fi:90|hu:64
2026-08-18T14:03:45Z,852009328,en:2732|ru:1247|de:494|fr:465|ja:335|uk:209|pt:175|th:150|es:124|zh:78
2026-08-18T14:03:45Z,23020,en:3158|ru:1167|de:320|fr:194|es:143|pt:75|th:33|it:27|ar:21|zh:20
2026-08-18T14:03:45Z,513181,en:2582|ru:736|ja:569|it:499|pt:343|zh:315|fr:248|es:159|de:142|tl:63
2026-08-18T14:03:45Z,30921,en:2040|fr:846|es:810|pl:778|de:551|it:105|ar:78|pt:53|ja:36|ru:14
2026-08-18T14:03:45Z,511399,ja:4898|en:463|de:18|es:1
2026-08-18T14:03:45Z,26936,en:3280|ja:447|ru:287|it:272|zh:244|cs:162|es:95|ko:61|de:49|uk:38
2026-08-18T14:03:45Z,518203,es:3509|en:768|it:660|ro:168|de:57|el:41|hu:11|nl:7|fr:6|pt:1
2026-08-18T14:03:45Z,272263131,en:4765|ja:185|zh:138|de:66|fr:16|es:9|ru:5|other:1|nl:1|fi:1
2026-08-18T14:03:45Z,509482,ja:5176
2026-08-18T14:03:45Z,459931,en:4877|fi:77|nl:69|pt:30|es:12|pl:7|da:6|no:4|fr:2|ar:2
2026-08-18T14:03:45Z,509659,en:3554|ja:984|uk:214|ru:152|es:24|other:4|de:3|fr:1
2026-08-18T14:03:45Z,1669431183,en:2956|de:2178|es:869|ja:148|ru:79|da:77|other:60|fr:51|pt:9|fi:8
2026-08-18T14:03:45Z,766571430,en:4185|zh:140|ru:92|fr:52|pt:49|ja:31|es:28|th:19|de:19|it:13
2026-08-18T14:03:45Z,1081998272,ja:1525|en:1147|zh:616|ru:599|de:104|th:92|pt:76|tl:29|pl:19|fr:18
2026-08-18T14:03:45Z,65632,en:3222|ru:473|fr:187|es:141|de:105|nl:67|pt:59|ja:40|pl:25|uk:9
2026-08-18T14:03:45Z,511229,ja:4157|en:9
2026-08-18T14:03:45Z,401587136,en:1663|ru:1247|pt:368|de:194|es:136|zh:120|fr:115|ja:104|fi:39|pl:37
2026-08-18T14:03:45Z,115546,ru:4029|en:6|pl:3
2026-08-18T14:03:45Z,66082,zh:1831|en:939|hu:517|ja:206|de:130|fr:116|pt:65|ru:58|pl:36|fi:21
2026-08-18T14:03:45Z,512923,en:606|fr:321|ru:180|zh:142|pl:59|de:38|th:24|es:12|pt:6|it:3
2026-08-18T14:03:45Z,27284,en:2541|ja:728|ru:254|fr:113|pt:85|es:77|de:44|pl:41|other:21|ar:21
2026-08-18T14:03:45Z,2748,en:3309|ja:449|fr:107|pt:14|ru:7|de:6
2026-08-18T14:03:45Z,20596,fr:3787|es:33|en:24|pt:10
2026-08-18T14:03:45Z,670138298,en:3842|de:5|es:2|fr:1
2026-08-18T14:03:45Z,884569009,en:2624|ru:678|nl:38|uk:26
2026-08-18T14:03:45Z,747702304,en:3567|ru:1
2026-08-18T14:03:45Z,1303634255,zh:2557|ja:1120|th:45|en:31
2026-08-18T14:03:45Z,13389,en:3369|de:156|fr:80|zh:67|es:16|tr:11|pt:3|ja:1|cs:1
2026-08-18T14:03:45Z,1286363364,ja:3363|en:181|zh:94|de:17
2026-08-18T14:03:45Z,676802825,ja:2644|en:605|zh:194|es:42|ru:35|fr:29|da:17|it:6|tr:5|sv:5
2026-08-18T14:03:45Z,369418,ru:2407|de:833|zh:261|en:70|fr:40|pt:18|uk:14|ja:7|id:6|es:5
2026-08-18T14:03:45Z,13332,en:2850|it:444|ja:65|de:46|fr:14|es:9|ar:7
2026-08-18T14:03:45Z,499856,th:3328|en:92|pt:9|ru:4|fr:4|nl:1|es:1|de:1
2026-08-18T14:03:45Z,1738928929,en:3331
2026-08-18T14:03:45Z,19976,zh:2506|en:412|pt:198|ja:170|fr:4|ko:2
2026-08-18T14:03:45Z,2012789438,en:2500|fr:270|ar:193|ja:60|de:55|it:19|es:19|pt:15|fi:12|nl:6
2026-08-18T14:03:45Z,1435206302,en:2912|ja:134|zh:48|ar:4|pl:3
2026-08-18T14:03:45Z,508455,ja:1998|en:572|ru:302|pt:117|fr:54|de:28|es:5|pl:2|uk:1
2026-08-18T14:03:45Z,743,en:1458|fr:205|de:79|pl:45|ru:11|ca:1|ar:1
2026-08-18T14:03:45Z,630009802,en:2310|ru:294|ja:198|de:78|other:56|zh:46|it:31|fr:22|pt:16|es:10
2026-08-18T14:03:45Z,2112738408,en:2950|fr:5|es:3|de:3|pt:2|other:1|ja:1
2026-08-18T14:03:45Z,32502,en:1569|zh:866|de:211|ja:131|fr:56|ru:8|pl:5|cs:2|uk:1|hu:1
2026-08-18T14:03:45Z,71375,de:1043|en:901|es:442|fr:353|ru:53|it:27|uk:18|pt:10|ja:10|tr:3
2026-08-18T14:03:45Z,500188,en:1357|de:583|ru:485|uk:88|fr:77|pt:59|cs:25|es:22|pl:19|hu:16
2026-08-18T14:03:45Z,488190,en:751|de:457|zh:426|es:369|pt:300|ru:253|uk:52|it:10|th:1|ko:1
2026-08-18T14:03:45Z,511554,zh:2317|en:271|ja:75|ru:21|th:5
2026-08-18T14:03:45Z,1189321824,ja:2571
2026-08-18T14:49:45Z,509658,en:88452|ru:65469|de:26280|zh:21702|es:17265|fr:13157|ja:9591|it:5118|pl:4253|pt:2830
2026-08-18T14:49:45Z,21779,ja:34563|en:31230|es:19280|fr:14925|de:4223|pt:3984|zh:2899|pl:2109|ru:2108|it:1218
2026-08-18T14:49:45Z,32399,ru:40287|pl:11442|en:9665|pt:7570|es:2243|zh:1705|fr:1192|sv:1100|de:932|uk:615
2026-08-18T14:49:45Z,509672,ru:19679|de:16354|fr:11320|en:8604|es:4132|pt:2078|uk:2077|zh:1692|da:1019|it:366
2026-08-18T14:49:45Z,1832841853,en:25427|ru:10877|zh:8581|fr:4854|de:4671|es:3668|it:621|ja:586|pt:530|th:346
2026-08-18T14:49:45Z,516575,zh:21861|en:7688|ja:7641|fr:4990|es:3098|de:2899|ru:2135|pt:2093|ar:853|th:510
2026-08-18T14:49:45Z,32982,en:21837|ru:9768|de:6460|ja:2810|it:2712|sv:2029|pt:1711|es:1090|fr:1004|th:769
2026-08-18T14:49:45Z,511224,ja:22591|en:9048|zh:6365|ru:1548|fr:805|pt:248|es:164|de:156|th:138|ar:71
2026-08-18T14:49:45Z,491931,en:22379|ja:6776|ru:6196|de:2004|fr:1960|pl:725|it:670|es:400|zh:253|hu:207
2026-08-18T14:49:45Z,509670,en:38578|fr:248|de:182|es:15|ja:3|tr:2|ru:1|pl:1
2026-08-18T14:49:45Z,29595,ru:23438|en:8752|pt:1081|uk:703|fr:185|de:164|th:78|fi:54|cs:52|it:40
2026-08-18T14:49:45Z,515025,ja:15268|en:12196|es:1460|ru:1147|fr:1112|zh:863|de:490|pt:413|th:271|ar:251
2026-08-18T14:49:45Z,33214,en:18451|fr:3709|es:2063|it:1847|ru:1507|de:1362|pt:481|pl:283|ja:189|nl:130
2026-08-18T14:49:45Z,512953,zh:20764|en:7515|ru:997|pt:373|fr:373|de:360|ja:229|ar:59|hu:38|it:36
2026-08-18T14:49:45Z,18122,en:19075|de:3710|ru:2659|fr:2582|pt:819|es:444|zh:142|el:104|it:95|uk:78
2026-08-18T14:49:45Z,27471,en:10768|es:3639|ru:3105|de:2611|fr:1978|ja:1486|pt:683|nl:575|pl:305|zh:181
2026-08-18T14:49:45Z,491487,en:12379|es:2452|ja:2320|ru:2243|de:1211|fr:922|pt:847|zh:565|ar:375|pl:224
2026-08-18T14:49:45Z,55453844,ja:22866|en:506|zh:278|fr:47|pt:32|zh-hk:11|es:9|it:5|ko:3|other:1
2026-08-18T14:49:45Z,27546,en:13501|de:4917|pl:2579|uk:563|cs:454|hu:345|ru:200|ja:170|fr:47|it:14
2026-08-18T14:49:45Z,498566,de:10033|en:6341|es:1804|fr:872|pt:769|fi:474|da:460|no:215|pl:129|th:104
2026-08-18T14:49:45Z,512710,en:13231|de:2361|fr:1430|it:1091|es:592|pt:414|nl:144|ru:86|pl:86|ar:56
2026-08-18T14:49:45Z,1264310518,en:16284|ru:671|pt:542|ar:538|ja:243|es:154|fr:127|it:82|zh:57|th:43
2026-08-18T14:49:45Z,893956103,ja:19004
2026-08-18T14:49:45Z,951949934,en:16217|pt:534|fr:373|other:308|pl:127|de:117|uk:112|ja:56|ru:48|ar:13
2026-08-18T14:49:45Z,499973,en:13137|fr:2074|es:842|de:673|ja:254|pt:50|bg:9|ru:3|ca:3|sk:1
2026-08-18T14:49:45Z,168648543,en:7522|de:5029|es:1173|ru:958|fr:659|ja:258|pt:255|pl:250|zh:126|tr:124
2026-08-18T14:49:45Z,493057,de:6493|ru:3204|zh:2706|en:1599|pt:581|uk:466|ja:156|es:124|th:99|el:92
2026-08-18T14:49:45Z,386821,en:6318|pt:2642|ru:1591|zh:1346|ja:1178|th:702|de:692|fr:469|es:243|tr:242
2026-08-18T14:49:45Z,138585,ru:5951|en:5696|zh:2273|fr:1513|ja:737|it:510|de:217|es:110|pl:13|pt:8
2026-08-18T14:49:45Z,481755850,de:13454|en:832|fr:86|pl:18|nl:7|ru:3|other:3|es:2|zh:1|ja:1
2026-08-18T14:49:45Z,116747788,ru:11742|en:1537|tl:1|de:1
2026-08-18T14:49:45Z,31339,en:6783|fr:1764|de:1643|nl:974|pt:767|es:371|ru:275|zh:97|fi:88|th:59
2026-08-18T14:49:45Z,509660,en:6171|fr:2519|de:820|zh:816|ja:787|ru:283|es:247|th:133|uk:124|pt:77
2026-08-18T14:49:45Z,29307,en:7950|ru:1494|zh:690|ja:167|fr:88|th:84|es:82|pl:78|de:63|pt:59
2026-08-18T14:49:45Z,29452,en:4282|pt:4250|ru:1346|es:40
2026-08-18T14:49:45Z,1669431183,de:3876|en:3453|es:1748|ja:144|da:103|fr:57|other:49|pt:45|nl:27|fi:12
2026-08-18T14:49:45Z,24241,en:5006|ja:2036|zh:978|de:350|fr:201|zh-hk:98|pt:83|pl:71|th:55|it:18
2026-08-18T14:49:45Z,1282866981,ru:3622|en:2904|zh:1648|fr:252|es:174|de:163|ja:116|th:105|zh-hk:24|pt:14
2026-08-18T14:49:45Z,624536948,en:5556|fr:963|ru:780|de:652|es:337|pt:321|it:100|ja:62|uk:57|pl:30
2026-08-18T14:49:45Z,19619,pt:8290|es:286|pl:190|en:186|de:22|other:4
2026-08-18T14:49:45Z,464339927,en:5083|de:1119|ru:1041|fr:527|pt:319|es:252|ja:133|it:127|ar:75|hu:27
2026-08-18T14:49:45Z,499634,en:7716|ru:576|es:235|pt:138|fr:74|de:22|it:2|vi:1|tr:1|zh:0
2026-08-18T14:49:45Z,65632,ru:3929|en:3559|es:366|de:247|fr:209|nl:68|pl:51|pt:41|ja:24|fi:10
2026-08-18T14:49:45Z,263490,en:3765|ru:1623|fr:1315|de:778|es:663|ja:235|pl:97|hu:39|uk:19|sv:4
2026-08-18T14:49:45Z,417752,es:5562|en:1770|zh-hk:502|it:272|fr:109|no:96|ja:23|bg:23|pt:9|ru:3
2026-08-18T14:49:45Z,525700863,ja:8291|zh:29
2026-08-18T14:49:45Z,2132205352,en:5457|ru:2187|ja:195|pt:151|de:44|pl:32|fr:31|uk:27|it:16|th:15
2026-08-18T14:49:45Z,2059463486,zh:5588|hu:1525|en:456|de:389|ru:28|ja:12|no:9
2026-08-18T14:49:45Z,12839,ru:7747|pl:211|uk:113|en:23
2026-08-18T14:49:45Z,498592,en:6179|de:412|pt:296|es:254|th:81|fr:81|ru:76|zh:34|ja:11|ar:2
2026-08-18T14:49:45Z,23020,en:3269|ru:1855|el:780|de:300|fr:194|ar:155|es:140|pt:97|th:31|it:30
2026-08-18T14:49:45Z,518203,es:5154|it:742|en:672|el:92|ro:82|de:76|hu:11|fr:8|nl:6|no:5
2026-08-18T14:49:45Z,1036710512,en:2676|de:1834|ja:927|fr:536|zh:133|pt:104|ru:69|th:62|tl:42|zh-hk:38
2026-08-18T14:49:45Z,852009328,en:2761|ru:1498|de:525|fr:470|ja:345|pt:239|zh:224|uk:204|th:160|es:142
2026-08-18T14:49:45Z,513143,en:3465|pt:503|zh:482|fr:466|ja:442|es:406|de:350|ru:144|da:87|cs:51
2026-08-18T14:49:45Z,417528,en:1763|pt:1643|es:1569|ru:680|fr:413|de:99|tr:97|pl:52|ja:49|zh:40
2026-08-18T14:49:45Z,513181,en:2789|ru:717|it:518|ja:478|fr:403|pt:356|zh:279|es:242|de:159|hu:71
2026-08-18T14:49:45Z,459931,en:5383|fi:295|nl:64|fr:40|pt:26|es:10|pl:4|da:4|de:2|ar:2
2026-08-18T14:49:45Z,401587136,ru:2678|en:1800|pt:468|es:147|fr:115|zh:111|de:99|ja:91|da:87|fi:47
2026-08-18T14:49:45Z,509659,en:4432|ja:886|uk:205|ru:152|de:82|es:22|other:4|zh:1|fr:1
2026-08-18T14:49:45Z,460630,en:2778|de:1221|fr:314|ja:268|ru:262|it:191|zh:144|es:117|fi:107|hu:48
2026-08-18T14:49:45Z,30921,en:1836|fr:958|es:900|de:674|pl:658|nl:73|it:69|pt:45|ar:19|ja:13
2026-08-18T14:49:45Z,616177691,ru:5342|fr:24|ja:13|it:11|ar:5|en:2
2026-08-18T14:49:45Z,26936,en:3408|ja:559|zh:301|ru:229|cs:212|es:93|ko:75|de:57|fr:49|uk:34
2026-08-18T14:49:45Z,509482,ja:5206
2026-08-18T14:49:45Z,511399,ja:4797|en:395|de:12|es:1
2026-08-18T14:49:45Z,272263131,en:4680|ja:178|zh:129|de:71|fr:12|es:9|other:2|ru:1|nl:1|fi:1
2026-08-18T14:49:45Z,1081998272,ja:1498|en:1389|ru:578|de:539|zh:508|th:105|pt:83|es:66|other:45|fr:30
2026-08-18T14:49:45Z,766571430,en:4455|zh:112|ru:91|fr:52|es:45|pt:28|th:27|de:25|ja:16|it:9
2026-08-18T14:49:45Z,512923,ru:3009|en:1179|fr:336|zh:149|pl:74|de:46|th:30|es:15|cs:6|tl:1
2026-08-18T14:49:45Z,2748,en:3876|ja:361|de:114|fr:107|it:30|pt:19|es:0
2026-08-18T14:49:45Z,511229,ja:4394|en:13
2026-08-18T14:49:45Z,27284,en:2282|ja:508|ru:386|fr:148|de:128|pt:109|it:97|es:75|zh:40|other:26
2026-08-18T14:49:45Z,369418,ru:2617|de:823|el:345|zh:193|pl:87|en:81|fr:45|pt:15|ja:12|id:12
2026-08-18T14:49:45Z,670138298,en:4204|fr:2|es:2
2026-08-18T14:49:45Z,13332,en:3466|it:433|de:49|es:44|fr:39|ja:36|ar:5
2026-08-18T14:49:45Z,13389,en:3376|es:194|de:165|fr:82|zh:73|pt:45|tr:18|ja:1|cs:1
2026-08-18T14:49:45Z,676802825,ja:2493|en:876|zh:222|ru:43|es:37|fr:20|de:16|ar:9|sv:8|tr:5
2026-08-18T14:49:45Z,66082,zh:1485|en:1240|hu:298|ja:177|fr:114|tl:91|pt:78|de:77|ru:69|pl:36
2026-08-18T14:49:45Z,747702304,en:4054|ru:1
2026-08-18T14:49:45Z,1303634255,zh:2643|ja:925|th:50|en:39
2026-08-18T14:49:45Z,20596,fr:3535|es:105|en:34|ar:21|pt:2
2026-08-18T14:49:45Z,1494074023,fr:3446
2026-08-18T14:49:45Z,509511,en:1567|fr:1261|de:399|es:114|pt:26|pl:19|el:7|nl:6|tl:1
2026-08-18T14:49:45Z,19976,zh:2426|en:625|pt:191|ja:172|fr:3|ko:1
2026-08-18T14:49:45Z,2012789438,en:2586|fr:369|ar:157|de:106|ja:53|it:21|es:18|pt:16|fi:15|pl:5
2026-08-18T14:49:45Z,508455,ja:2071|en:689|ru:295|pt:136|fr:66|de:49|es:9|zh:5|pl:4
2026-08-18T14:49:45Z,500188,en:1360|ru:858|de:691|other:344|pt:85|fr:70|uk:34|fi:33|es:25|hu:19
2026-08-18T14:49:45Z,456845141,zh:2226|ru:237|ja:223|en:202|es:155|de:75|pt:42|th:34|pl:16|other:15
2026-08-18T14:49:45Z,630009802,en:2744|ja:153|de:76|other:52|fr:39|zh:38|it:22|es:16|pt:14|sv:8
2026-08-18T14:49:45Z,497497,ru:2323|es:267|en:226|it:128|de:90|fr:80|pt:5|hu:3|sk:1
2026-08-18T14:49:45Z,488190,en:1170|de:519|es:414|pt:394|zh:386|ru:262|uk:101|ko:2|th:1
2026-08-18T14:49:45Z,2112738408,en:3079|fr:24|es:2|de:2|zh:1|pt:1|other:1|hu:1
2026-08-18T14:49:45Z,1738928929,en:3004
2026-08-18T14:49:45Z,71375,de:1030|en:919|es:443|fr:361|ru:66|it:28|uk:14|pt:10|ja:10|tr:1
2026-08-18T14:49:45Z,499003,en:2328|ja:234|zh:189|es:44|ru:39|fr:17|ko:14|pt:2
2026-08-18T14:49:45Z,66170,en:2096|fr:279|pt:151|zh:58|ru:53|ja:28|de:26|es:23|it:19|pl:15
2026-08-18T14:49:45Z,1286363364,ja:2465|en:265|zh:110
2026-08-18T14:49:45Z,1599346425,en:1766|es:318|pt:262|de:172|fr:89|ja:22|zh:16|ru:4|it:4|th:2
2026-08-18T14:49:45Z,10186,fr:2711|ja:4
2026-08-18T15:22:07Z,509658,en:94486|ru:76744|de:40079|ja:27104|es:25140|zh:21072|fr:14127|pl:4974|it:3971|pt:3206
2026-08-18T15:22:07Z,21779,en:26656|es:22882|fr:14831|ja:5646|pt:5578|de:4405|zh:3033|pl:2973|it:2768|ru:2486
2026-08-18T15:22:07Z,509672,ru:42179|de:16900|fr:12479|en:8539|es:3526|uk:1958|pt:1295|zh:598|fi:394|it:389
2026-08-18T15:22:07Z,32399,ru:39409|pl:12878|en:9623|pt:8304|es:2046|de:1546|zh:1326|fr:997|uk:919|da:441
2026-08-18T15:22:07Z,516575,zh:27269|en:12960|fr:12535|ja:7181|es:3170|de:2867|pt:2823|ru:2598|ar:761|th:562
2026-08-18T15:22:07Z,1832841853,en:29043|ru:12570|zh:5746|fr:5019|de:4692|es:3496|pt:707|ja:609|it:541|cs:296
2026-08-18T15:22:07Z,32982,en:18214|ru:10735|de:7037|it:3053|ja:2743|sv:2698|pt:1967|es:1657|fr:1103|th:993
2026-08-18T15:22:07Z,491931,en:19071|ja:7473|ru:6853|de:2421|fr:1977|it:784|es:454|zh:268|hu:245|pt:231
2026-08-18T15:22:07Z,511224,ja:18724|en:9060|zh:6116|ru:1714|fr:947|de:304|pt:252|th:184|es:147|ar:74
2026-08-18T15:22:07Z,509670,en:37911|fr:217|de:182|es:12|ja:3|tr:2|ru:2|pl:1
2026-08-18T15:22:07Z,515025,ja:15730|en:13165|es:1659|zh:1231|ru:1149|fr:1111|de:490|pt:388|ar:313|th:275
2026-08-18T15:22:07Z,27471,en:18359|es:4397|ru:4041|de:2856|fr:2074|ja:1379|nl:732|pt:551|pl:305|it:257
2026-08-18T15:22:07Z,33214,en:19225|fr:3481|ru:2546|es:2404|it:1989|de:1403|pt:435|pl:330|ar:220|ja:157
2026-08-18T15:22:07Z,18122,en:21655|ru:3209|fr:2642|de:2420|pt:887|es:660|zh:115|el:105|hu:95|uk:72
2026-08-18T15:22:07Z,29595,ru:19694|en:9368|pt:953|uk:524|fr:193|de:70|fi:63|cs:63|th:59|it:22
2026-08-18T15:22:07Z,512953,zh:21194|en:7659|ru:948|fr:372|de:258|ja:225|es:89|ar:64|hu:38|it:29
2026-08-18T15:22:07Z,491487,en:12305|es:2544|ru:2072|de:1435|ja:1342|pt:924|fr:851|ar:326|zh:308|pl:241
2026-08-18T15:22:07Z,27546,en:14096|de:5822|pl:2934|uk:651|cs:523|hu:379|ru:202|ja:161|fr:45|bg:21
2026-08-18T15:22:07Z,55453844,ja:21624|en:377|zh:190|fr:62|pt:29|zh-hk:12|es:6|ko:5|other:1
2026-08-18T15:22:07Z,498566,en:8861|de:7655|es:1662|fr:905|pt:721|th:279|no:229|fi:225|pl:143|sv:64
2026-08-18T15:22:07Z,1264310518,en:17907|ru:706|pt:670|ar:495|es:196|ja:180|fr:162|de:84|it:67|th:66
2026-08-18T15:22:07Z,512710,en:14588|fr:1721|de:1409|es:654|pt:415|it:294|ar:150|nl:137|ru:115|pl:79
2026-08-18T15:22:07Z,951949934,en:16961|it:433|fr:367|other:355|de:260|uk:142|pl:131|ru:75|ja:48|ar:19
2026-08-18T15:22:07Z,499973,en:14705|fr:2169|es:798|de:664|ja:237|pt:47|bg:11|ru:5|nl:2|sk:1
2026-08-18T15:22:07Z,893956103,ja:17115
2026-08-18T15:22:07Z,518203,es:13422|ru:1118|it:812|en:791|el:92|de:81|ro:59|fr:9|no:4|fi:4
2026-08-18T15:22:07Z,168648543,en:7890|de:3360|es:1360|ru:766|fr:641|pt:480|tr:251|pl:177|ja:119|zh:91
2026-08-18T15:22:07Z,31339,en:7570|de:2708|pl:931|pt:819|fr:781|es:543|nl:415|ru:318|zh:130|uk:102
2026-08-18T15:22:07Z,386821,en:6047|pt:2828|ru:1655|zh:1278|ja:859|de:705|th:647|es:255|tr:240|fr:153
2026-08-18T15:22:07Z,138585,en:5928|ru:3802|zh:2223|fr:1559|ja:685|de:317|es:113|pt:20|pl:10|it:8
2026-08-18T15:22:07Z,481755850,de:12978|en:842|fr:54|pl:14|nl:8|es:5|zh:1|other:1|ja:1|cs:1
2026-08-18T15:22:07Z,116747788,ru:10440|en:1927|ko:1068|de:5|tl:1
2026-08-18T15:22:07Z,493057,de:4367|ru:3981|en:1693|pt:720|zh:698|uk:540|es:148|el:108|th:105|fr:88
2026-08-18T15:22:07Z,509660,en:6475|fr:2541|de:771|ja:740|zh:595|ru:469|es:377|uk:148|th:91|pt:71
2026-08-18T15:22:07Z,29452,pt:6560|en:4253|ru:2253|es:56
2026-08-18T15:22:07Z,29307,en:6610|ru:1626|zh:680|pt:204|ja:127|pl:101|de:101|th:95|es:90|cs:31
2026-08-18T15:22:07Z,1669431183,de:4438|en:3541|es:2127|da:128|ja:77|fr:73|pt:58|other:49|nl:22|fi:11
2026-08-18T15:22:07Z,1282866981,ru:4058|en:3491|zh:1611|fr:372|de:254|es:207|th:133|ja:112|pt:42|zh-hk:26
2026-08-18T15:22:07Z,624536948,en:5808|fr:956|ru:817|de:660|es:382|pt:361|it:241|ja:88|uk:44|pl:27
2026-08-18T15:22:07Z,464339927,en:5112|ru:1465|de:867|fr:514|es:433|pt:334|ja:144|it:72|ar:72|pl:37
2026-08-18T15:22:07Z,24241,en:5619|ja:1462|zh:1126|de:316|fr:212|zh-hk:79|th:62|pl:57|ru:22|it:14
2026-08-18T15:22:07Z,65632,ru:3936|en:3678|es:437|de:325|fr:231|pl:216|nl:75|pt:48|ja:24|uk:12
2026-08-18T15:22:07Z,19619,pt:7952|es:415|en:206|pl:172
2026-08-18T15:22:07Z,1204424235,es:8609
2026-08-18T15:22:07Z,12839,ru:7837|pl:204|uk:117|en:6
2026-08-18T15:22:07Z,417752,es:5198|en:1895|fr:552|zh-hk:490|it:249|ja:29|bg:19|pt:7|ru:3|de:2
2026-08-18T15:22:07Z,525700863,ja:8328|zh:28
2026-08-18T15:22:07Z,509511,en:6535|fr:1230|de:177|es:116|pt:49|el:15|ru:8|nl:5|tl:1
2026-08-18T15:22:07Z,509659,en:4844|ja:2847|ru:131|es:17|fr:7|other:4|zh:3|de:3
2026-08-18T15:22:07Z,2059463486,zh:5263|hu:1418|de:483|en:475|nl:81|ru:48|fr:28|bg:20|ja:13|no:11
2026-08-18T15:22:07Z,459931,en:7130|fi:322|nl:64|fr:41|pt:26|es:15|de:9|pl:6
2026-08-18T15:22:07Z,2132205352,en:4753|ru:2124|pt:186|ja:168|de:54|pl:42|fr:34|es:18|tr:14|th:14
2026-08-18T15:22:07Z,513181,en:2905|ru:770|fr:550|it:423|ja:405|es:335|zh:292|de:263|pt:244|ar:103
2026-08-18T15:22:07Z,513143,en:4221|fr:662|pt:587|es:474|ja:443|de:421|zh:292|ru:90|pl:73|cs:52
2026-08-18T15:22:07Z,499634,en:6012|ru:642|pt:254|es:219|fr:63|de:17|tr:1|it:1|zh:0
2026-08-18T15:22:07Z,263490,en:2497|ru:1458|fr:1275|de:759|es:634|ja:250|pl:108|hu:37|uk:25|cs:17
2026-08-18T15:22:07Z,498592,en:6060|de:323|es:269|pt:244|th:72|zh:59|ru:58|fr:36|ja:9|ar:4
2026-08-18T15:22:07Z,460630,en:3746|de:669|fr:569|ru:298|ja:237|zh:133|es:122|fi:107|it:58|hu:54
2026-08-18T15:22:07Z,852009328,en:2777|ru:1355|de:545|fr:403|ja:342|pt:265|zh:200|th:143|es:139|uk:136
2026-08-18T15:22:07Z,417528,en:1817|es:1704|pt:1569|ru:678|fr:359|pl:132|de:110|tr:108|zh:45|ja:38
2026-08-18T15:22:07Z,1036710512,en:3077|de:1130|ja:1005|fr:537|zh:138|pt:100|ru:79|it:42|ar:42|es:40
2026-08-18T15:22:07Z,23020,en:3065|ru:1443|el:717|fr:212|ar:159|es:144|de:96|pt:88|it:36|th:28
2026-08-18T15:22:07Z,401587136,ru:2980|en:1950|pt:494|es:161|de:131|fr:119|zh:113|da:92|ja:75|pl:41
2026-08-18T15:22:07Z,512923,ru:2985|en:1424|de:825|fr:191|zh:136|pl:80|th:29|es:17|cs:14|pt:2
2026-08-18T15:22:07Z,1081998272,en:1616|ja:1385|ru:935|de:590|zh:552|th:114|fr:99|pt:89|es:43|pl:37
2026-08-18T15:22:07Z,272263131,en:4994|ja:174|zh:140|de:73|fr:13|es:9|ru:3|other:1|nl:1|fi:1
2026-08-18T15:22:07Z,13389,en:4713|es:225|de:178|fr:89|pt:78|zh:66|tr:21|ja:1
2026-08-18T15:22:07Z,30921,en:2018|fr:976|es:702|pl:608|de:330|it:107|nl:88|pt:84|ar:80|ru:22
2026-08-18T15:22:07Z,509482,ja:5214
2026-08-18T15:22:07Z,13332,en:3916|de:735|it:386|es:51|fr:46|ja:20|pl:14|pt:4|ar:3
2026-08-18T15:22:07Z,26936,en:2974|ja:503|zh:319|ru:256|cs:207|es:98|fr:82|ko:80|de:63|uk:34
2026-08-18T15:22:07Z,676802825,ja:2414|zh:1604|en:773|de:65|ru:42|es:40|fr:22|ar:8|it:6|tr:2
2026-08-18T15:22:07Z,766571430,en:4530|zh:133|ru:90|de:62|fr:49|es:41|th:26|ja:20|zh-hk:13|it:9
2026-08-18T15:22:07Z,511399,ja:4553|en:242|es:3
2026-08-18T15:22:07Z,2748,en:4198|ja:162|de:156|fr:110|pt:32|it:32|es:5
2026-08-18T15:22:07Z,511229,ja:4702
2026-08-18T15:22:07Z,369418,ru:2715|de:953|el:402|fr:392|en:60|ja:26|pt:14|es:4|fi:2|da:2
2026-08-18T15:22:07Z,670138298,en:4786|de:19|es:2|fr:1|ar:0
2026-08-18T15:22:07Z,66082,zh:1660|en:1064|fi:581|hu:297|fr:156|ja:151|de:106|pt:76|ru:71|pl:44
2026-08-18T15:22:07Z,2012789438,en:3340|fr:313|de:175|ar:156|ja:48|es:26|it:17|fi:15|ru:4|pl:4
2026-08-18T15:22:07Z,27284,en:2338|ru:640|ja:301|fr:167|de:152|pt:127|it:72|es:65|zh:36|other:27
2026-08-18T15:22:07Z,509663,es:2147|de:999|en:438|fr:242|zh:156|ja:53|pt:2|ar:2|it:1
2026-08-18T15:22:07Z,743,en:1382|de:1038|ru:710|fr:197|pt:167|pl:150|es:118|fi:115|it:83|el:15
2026-08-18T15:22:07Z,20596,fr:3766|es:121|en:34|ar:27|pt:1
2026-08-18T15:22:07Z,747702304,en:3748|ru:1
2026-08-18T15:22:07Z,488190,en:1893|es:471|zh:426|pt:421|ru:291|de:276|uk:108|hu:3|th:1|ko:1
2026-08-18T15:22:07Z,1931693784,ja:2974|it:550|en:203|es:55|fr:11|zh:5|pt:4|de:3
2026-08-18T15:22:07Z,2112738408,en:3560|fr:28|es:7|de:3|zh:2|other:2|pt:1|it:1|hu:1
2026-08-18T15:22:07Z,500188,en:1462|de:720|ru:476|other:355|fr:178|pt:93|fi:68|cs:60|es:46|uk:43
2026-08-18T15:22:07Z,19976,zh:2240|en:708|pt:190|ja:152|fr:4|ko:1
2026-08-18T15:22:07Z,456845141,zh:2193|ru:292|en:255|es:179|ja:163|pt:126|other:18|pl:17|th:13|de:11
2026-08-18T15:22:07Z,630009802,en:2762|ja:249|de:67|other:41|fr:41|zh:38|es:30|it:25|pt:16|sv:9
2026-08-18T15:22:07Z,1435206302,en:3057|ja:60|zh:58|ar:8|ru:7|de:3
2026-08-18T15:22:07Z,497497,ru:2358|es:313|it:188|de:95|fr:85|en:59|sk:4|tr:1|pt:1|pl:0
2026-08-18T15:22:07Z,499003,en:2691|ja:179|ru:65|zh:58|es:33|fr:20|de:3|pt:1
2026-08-18T15:22:07Z,1393304883,ru:3062
2026-08-18T15:22:07Z,66170,en:1658|fr:596|pt:161|es:137|ru:117|zh:41|de:34|ja:27|it:20|pl:19
2026-08-18T15:22:07Z,1494074023,fr:3000
2026-08-18T15:22:07Z,1599346425,en:1949|es:376|pt:242|de:176|fr:94|zh:19|ja:19|other:5|th:4|ru:3
2026-08-18T15:22:07Z,1738928929,en:2512
2026-08-18T15:54:26Z,509658,ru:86446|en:71382|de:46907|es:31074|ja:22630|zh:21158|fr:11738|it:6988|pt:3305|pl:2708
2026-08-18T15:54:26Z,21779,en:28274|es:24071|fr:17371|pt:5167|de:5040|ja:4186|pl:3438|it:3111|zh:2970|ru:2933
2026-08-18T15:54:26Z,509672,ru:45974|de:16537|fr:12537|en:11826|es:3721|uk:1795|pt:1067|it:379|fi:374|no:353
2026-08-18T15:54:26Z,516575,zh:29258|en:17061|fr:13685|ja:4614|es:3983|pt:3374|ru:2912|de:1697|ar:1612|th:539
2026-08-18T15:54:26Z,32399,ru:38577|pl:14992|pt:8396|en:7691|fr:2030|uk:1556|zh:1262|es:920|de:856|it:530
2026-08-18T15:54:26Z,1832841853,en:32955|ru:10704|zh:5882|fr:5746|de:5182|es:3919|pt:804|ja:587|it:534|cs:405
2026-08-18T15:54:26Z,32982,en:23921|de:11154|ru:11024|fr:3317|it:3024|sv:2957|ja:2506|es:2201|pt:2085|th:1059
2026-08-18T15:54:26Z,491931,en:21756|ru:7575|ja:6625|de:2404|fr:1967|it:792|es:514|hu:277|pl:219|pt:217
2026-08-18T15:54:26Z,509670,en:38783|fr:221|de:159|es:15|ru:4|zh:3|ja:3|tr:2|pl:1|it:0
2026-08-18T15:54:26Z,27471,en:20892|es:4242|ru:3240|de:3172|fr:2130|ja:1198|nl:703|pt:549|it:375|pl:342
2026-08-18T15:54:26Z,18122,en:26877|de:3259|ru:3188|fr:2446|es:1017|pt:939|pl:133|zh:105|hu:100|uk:96
2026-08-18T15:54:26Z,33214,en:20780|fr:3267|it:3047|ru:2844|es:2643|de:1791|pt:452|ar:206|pl:194|ja:186
2026-08-18T15:54:26Z,21465,en:36403|ru:649|de:105|zh:51|ja:27|it:21|pt:13|pl:13|es:12|ko:11
2026-08-18T15:54:26Z,515025,en:13748|ja:12213|es:1913|zh:1137|fr:1107|ru:898|de:567|pt:469|ar:362|th:237
2026-08-18T15:54:26Z,29595,ru:20224|en:9802|pt:1821|uk:612|fr:190|cs:124|fi:91|de:48|th:37|pl:35
2026-08-18T15:54:26Z,511224,ja:12588|en:9348|zh:4191|ru:2148|fr:993|de:393|pt:281|th:235|es:166|ar:97
2026-08-18T15:54:26Z,512953,zh:20734|en:7166|de:1254|ru:1042|ja:210|fr:197|es:88|ar:54|it:47|hu:37
2026-08-18T15:54:26Z,27546,en:14783|de:6710|pl:3110|uk:591|cs:506|hu:386|ru:188|ja:186|fr:119|bg:22
2026-08-18T15:54:26Z,491487,en:12562|es:2516|ru:2096|pt:2083|de:1395|ja:1119|fr:949|zh:285|pl:270|ar:224
2026-08-18T15:54:26Z,498566,en:10005|de:6356|es:3657|pt:1469|sv:1447|fr:495|th:284|no:232|fi:226|pl:140
2026-08-18T15:54:26Z,499973,en:17934|fr:2417|es:831|de:653|ja:337|pt:48|bg:13|ru:3|other:1|nl:1
2026-08-18T15:54:26Z,1264310518,en:18709|ru:700|ar:654|pt:450|fr:234|es:193|de:114|ja:105|hu:79|th:63
2026-08-18T15:54:26Z,55453844,ja:20016|en:466|zh:218|es:113|fr:71|zh-hk:13|pt:5|other:1
2026-08-18T15:54:26Z,512710,en:15007|fr:1991|de:1236|es:597|it:367|pt:357|ar:221|ru:125|nl:125|pl:57
2026-08-18T15:54:26Z,138585,ru:7961|en:5983|zh:2107|fr:1657|ja:715|de:324|es:99|it:22|pl:10|pt:8
2026-08-18T15:54:26Z,518203,es:14981|ru:1853|en:768|it:654|fr:170|de:97|el:79|ro:48|pt:24|pl:5
2026-08-18T15:54:26Z,31339,en:8243|de:3464|pl:1720|fr:843|pt:818|es:673|nl:320|ru:307|uk:123|zh:118
2026-08-18T15:54:26Z,893956103,ja:16323
2026-08-18T15:54:26Z,168648543,en:8152|fr:2093|es:1616|de:956|ru:778|pt:717|tr:333|pl:192|it:168|zh:121
2026-08-18T15:54:26Z,386821,en:6506|pt:3016|ru:1516|zh:1119|de:737|th:586|ja:544|es:292|tr:236|fr:146
2026-08-18T15:54:26Z,481755850,de:13292|en:818|fr:52|pl:17|es:17|ru:11|pt:5|fi:4|nl:2|cs:2
2026-08-18T15:54:26Z,493057,de:4452|ru:2981|en:1676|pt:785|zh:680|es:169|th:116|fr:97|el:82|uk:71
2026-08-18T15:54:26Z,509660,en:5917|fr:2392|de:755|ja:646|zh:637|ru:472|es:409|th:118|uk:87|pt:86
2026-08-18T15:54:26Z,1669431183,de:4713|en:4028|es:2218|da:158|fr:81|pt:64|other:60|ja:28|nl:27|fi:27
2026-08-18T15:54:26Z,65632,ru:5072|en:3660|es:481|de:340|fr:258|pl:245|nl:70|pt:46|ja:22|hu:16
2026-08-18T15:54:26Z,1204424235,es:10277
2026-08-18T15:54:26Z,29307,en:7042|ru:1710|zh:522|pt:297|pl:159|de:157|th:94|es:64|ja:58|cs:30
2026-08-18T15:54:26Z,29452,pt:7697|ru:2033|en:374|es:24
2026-08-18T15:54:26Z,464339927,en:5476|ru:1653|de:940|fr:548|es:508|pt:358|ja:118|it:99|ar:98|pl:50
2026-08-18T15:54:26Z,624536948,en:5768|fr:1080|de:803|ru:724|es:411|it:340|pt:268|ja:87|uk:53|pl:34
2026-08-18T15:54:26Z,951949934,en:7834|other:365|fr:294|de:282|uk:184|pl:133|ru:70|ar:25|zh:17|pt:17
2026-08-18T15:54:26Z,24241,en:6014|ja:1345|zh:1083|de:378|fr:254|zh-hk:75|th:55|pl:46|pt:31|ru:24
2026-08-18T15:54:26Z,1282866981,en:3636|ru:2882|zh:1576|fr:396|de:270|es:249|th:163|ja:118|pt:56|zh-hk:24
2026-08-18T15:54:26Z,19619,pt:7994|es:491|en:303|pl:188
2026-08-18T15:54:26Z,509659,en:4746|ja:3665|de:184|ru:109|zh:32|es:12|fr:8|other:4
2026-08-18T15:54:26Z,2132205352,en:5506|ru:2519|pt:189|ja:127|de:56|uk:49|fr:47|pl:32|es:20|tr:16
2026-08-18T15:54:26Z,263490,en:3504|ru:1428|fr:1348|de:780|es:681|ja:181|pl:92|hu:37|cs:29|pt:17
2026-08-18T15:54:26Z,417752,es:4427|en:1700|de:840|fr:665|it:286|no:26|ja:22|bg:22|pt:10|zh:6
2026-08-18T15:54:26Z,499634,en:6698|ru:672|es:147|pt:108|fr:80|de:19|tr:2|it:1|zh:0
2026-08-18T15:54:26Z,459931,en:7128|fi:336|nl:75|fr:38|pt:32|es:15|pl:10|de:10
2026-08-18T15:54:26Z,513143,en:4401|fr:755|de:479|es:468|pt:363|zh:304|ja:213|pl:81|ru:71|cs:57
2026-08-18T15:54:26Z,513181,en:3036|ru:1754|fr:624|ja:328|pt:246|zh:242|de:208|es:202|it:112|hu:98
2026-08-18T15:54:26Z,498592,en:6256|de:315|pt:228|es:164|th:70|ru:65|zh:57|fr:41|ja:5|ar:5
2026-08-18T15:54:26Z,30921,en:2986|fr:878|es:683|pl:586|de:444|ar:99|nl:70|pt:68|it:67|ru:28
2026-08-18T15:54:26Z,852009328,en:2856|ru:1340|de:564|fr:408|pt:344|ja:289|zh:210|es:182|uk:143|th:121
2026-08-18T15:54:26Z,460630,en:3914|fr:664|de:567|ja:217|ru:198|es:181|fi:105|zh:101|it:56|hu:52
2026-08-18T15:54:26Z,13389,en:5772|es:224|de:182|fr:76|zh:50|pt:36|pl:1|fi:0
2026-08-18T15:54:26Z,417528,es:1723|pt:1614|en:1521|ru:691|fr:370|pl:165|tr:130|de:83|zh:51|ja:29
2026-08-18T15:54:26Z,2059463486,zh:5033|de:556|en:554|nl:90|fr:31|ru:30|bg:25|no:9|ja:4|hu:2
2026-08-18T15:54:26Z,23020,en:3073|ru:818|fr:691|de:235|es:141|pt:73|it:36|th:24|ar:22|hu:15
2026-08-18T15:54:26Z,1036710512,en:2588|de:1546|ja:735|fr:532|zh:126|pt:77|ru:58|ar:57|es:55|it:42
2026-08-18T15:54:26Z,512923,ru:2960|en:1498|de:897|fr:186|zh:143|pl:89|th:26|es:20|cs:15|pt:3
2026-08-18T15:54:26Z,676802825,ja:2503|zh:1861|en:698|ru:279|de:74|es:16|fr:13|it:7|th:6|ar:6
2026-08-18T15:54:26Z,1081998272,en:1440|ru:1146|ja:1046|zh:591|th:139|de:132|fr:115|es:52|pl:43|other:26
2026-08-18T15:54:26Z,272263131,en:4944|ja:178|zh:146|de:75|fr:12|es:9|ru:7|other:1|nl:1|fi:1
2026-08-18T15:54:26Z,13332,en:4027|de:902|it:307|es:69|fr:65|pl:15|pt:8|ar:5
2026-08-18T15:54:26Z,670138298,en:5290|de:19|fr:3|es:1
2026-08-18T15:54:26Z,401587136,en:1804|ru:1684|pt:519|de:153|es:150|zh:138|da:134|fr:123|ja:74|tr:43
2026-08-18T15:54:26Z,26936,en:3247|zh:425|ru:286|ja:283|cs:195|es:110|de:81|fr:77|ko:76|uk:56
2026-08-18T15:54:26Z,2112738408,en:5307|fr:36|pt:2|other:2|it:2|ru:1|hu:1|es:1
2026-08-18T15:54:26Z,369418,ru:2876|de:1043|fr:592|en:112|fi:109|sk:59|pt:13|es:4|ja:2
2026-08-18T15:54:26Z,766571430,en:4216|ru:116|zh:115|fr:63|de:58|th:32|es:32|ja:20|it:16|cs:9
2026-08-18T15:54:26Z,2012789438,en:3740|fr:344|de:202|ar:98|ja:31|es:28|fi:16|it:10|ru:3|pl:3
2026-08-18T15:54:26Z,66082,zh:1688|en:1155|fi:649|hu:316|de:125|ja:115|pt:96|fr:87|ru:84|pl:42
2026-08-18T15:54:26Z,2005329090,ja:4561|en:1
2026-08-18T15:54:26Z,488190,en:2276|es:613|pt:394|de:374|zh:370|ru:291|uk:100|fi:30|bg:16|th:1
2026-08-18T15:54:26Z,27284,en:2242|ru:846|es:260|fr:236|ja:211|pt:177|de:126|it:73|zh:42|pl:39
2026-08-18T15:54:26Z,509482,ja:4290|en:1
2026-08-18T15:54:26Z,511229,ja:4292
2026-08-18T15:54:26Z,20596,fr:3874|es:152|en:27|ar:19|pt:2
2026-08-18T15:54:26Z,12839,ru:3741|pl:191|uk:124|en:2
2026-08-18T15:54:26Z,509663,es:2170|de:955|en:309|fr:242|zh:198|ja:50|ar:4|pt:3
2026-08-18T15:54:26Z,1931693784,ja:2945|it:645|en:233|es:39|fr:13|de:7|pt:4|zh:3
2026-08-18T15:54:26Z,743,en:1292|de:1024|ru:808|fr:250|pt:172|pl:166|fi:122|es:103|el:22|it:12
2026-08-18T15:54:26Z,747702304,en:3838
2026-08-18T15:54:26Z,2748,en:3413|de:202|fr:109|pt:48|it:43|ja:31|es:10
2026-08-18T15:54:26Z,116747788,en:2647|ko:1066|ru:147|de:5|tl:3
2026-08-18T15:54:26Z,1435206302,en:3513|zh:59|ja:42|ru:9|de:6|fr:1
2026-08-18T15:54:26Z,630009802,en:3069|ja:241|de:76|other:45|zh:44|es:35|fr:27|pt:14|tl:7|ar:5
2026-08-18T15:54:26Z,1393304883,ru:3198
2026-08-18T15:54:26Z,499003,en:2978|ja:205|ru:75|es:50|zh:30|de:10|pt:1|fr:1
2026-08-18T15:54:26Z,509511,en:1699|fr:1265|de:186|es:111|pt:48|bg:15|nl:7|tl:1
2026-08-18T15:54:26Z,19976,zh:2123|en:744|ja:107|pt:87|fr:3|ko:1
2026-08-18T15:54:26Z,491168,de:1457|es:771|ru:446|en:327|nl:81|fr:10|tr:2|pt:0
2026-08-18T15:54:26Z,1599346425,en:2124|es:451|pt:233|de:135|fr:77|ja:44|zh:22|ru:12|other:9|th:5
2026-08-18T15:54:26Z,10186,fr:3124
2026-08-18T15:54:26Z,500188,en:1573|de:512|ru:497|fr:172|pt:94|es:59|fi:49|uk:46|cs:42|hu:21
2026-08-18T15:54:26Z,11988,en:2832|fr:62|ja:6
2026-08-18T15:54:26Z,130942,en:2657|fr:66|ru:26|de:15|pl:7|pt:2|hu:0
2026-08-18T15:54:26Z,66170,en:1776|fr:371|es:187|pt:177|ru:139|de:51|ja:30|pl:27|it:22|th:14
2026-08-18T16:55:27Z,509658,en:110362|ru:102292|de:63508|es:19305|ja:17535|zh:17403|fr:13463|it:6743|pt:4500|pl:4006
2026-08-18T16:55:27Z,21779,en:30571|es:22983|fr:21867|de:6767|pt:5940|ja:4299|zh:3217|it:2900|pl:1954|ru:1853
2026-08-18T16:55:27Z,509672,ru:50049|de:21513|en:13948|fr:13220|es:3458|uk:1748|no:553|fi:358|it:292|zh:271
2026-08-18T16:55:27Z,27471,en:59549|es:25567|de:4715|ru:3368|fr:3263|pl:2823|ja:922|nl:703|pt:544|it:225
2026-08-18T16:55:27Z,32399,ru:41474|pl:26544|en:11137|pt:10470|es:2281|de:1652|fr:1364|uk:1346|it:618|el:574
2026-08-18T16:55:27Z,516575,zh:27583|en:21043|fr:19079|es:6103|ja:4321|pt:3425|ru:2974|de:2383|ar:1929|th:470
2026-08-18T16:55:27Z,1832841853,en:40634|ru:22065|es:8376|de:6509|fr:5898|zh:5595|pt:853|ja:561|cs:514|el:358
2026-08-18T16:55:27Z,32982,en:24945|de:15207|ru:7612|sv:4589|pt:4295|fr:4038|es:3158|it:2807|ja:2693|uk:1008
2026-08-18T16:55:27Z,18122,en:48404|de:4077|ru:3113|fr:2490|es:1536|pt:1050|other:103|el:98|uk:97|hu:85
2026-08-18T16:55:27Z,491931,en:26450|ru:7935|ja:6795|de:2821|fr:2042|it:786|es:545|pl:376|fi:351|hu:300
2026-08-18T16:55:27Z,33214,en:24618|fr:3454|de:3173|es:2969|it:2368|ru:2075|pt:753|pl:373|ar:244|sv:173
2026-08-18T16:55:27Z,29595,ru:28651|en:10016|pt:1993|uk:463|fr:237|cs:167|th:94|fi:91|es:87|de:68
2026-08-18T16:55:27Z,498566,de:24273|en:10655|es:3065|pt:1995|fr:513|th:269|fi:232|no:219|other:195|pl:143
2026-08-18T16:55:27Z,509670,en:32744|fr:188|de:66|es:17|hu:14|ja:3|tr:2|ru:1|pl:1
2026-08-18T16:55:27Z,515025,en:15673|ja:6568|es:1721|fr:1262|ru:1015|de:729|zh:710|pt:571|ar:352|th:182
2026-08-18T16:55:27Z,27546,en:14469|de:7633|pl:3217|ru:1353|hu:753|uk:752|cs:420|fr:194|ja:176|es:64
2026-08-18T16:55:27Z,512953,zh:18132|en:8802|ru:991|de:427|ja:188|fr:174|es:72|ar:38|pt:35|pl:26
2026-08-18T16:55:27Z,1264310518,en:22713|ru:1406|pt:1106|ar:494|es:442|fr:348|de:160|ja:87|hu:54|zh:44
2026-08-18T16:55:27Z,168648543,es:11810|en:7582|pt:2392|ru:1827|de:1041|fr:557|tr:351|pl:297|it:165|zh:123
2026-08-18T16:55:27Z,518203,es:16380|it:6391|en:735|ru:693|fr:633|de:177|el:91|pt:9|pl:5|hu:4
2026-08-18T16:55:27Z,511224,ja:10954|en:6524|ru:2143|fr:1099|zh:923|de:563|es:293|th:183|pt:146|it:139
2026-08-18T16:55:27Z,602040818,en:25500|es:347|pt:176|fr:154|it:149|hu:10
2026-08-18T16:55:27Z,884569009,en:23146|fr:262|pl:43|es:24|de:23|ru:18|it:16|uk:6|other:1
2026-08-18T16:55:27Z,512710,en:13244|fr:6256|de:1079|es:905|it:443|ar:233|pt:229|pl:151|ru:97|tr:71
2026-08-18T16:55:27Z,491487,en:12552|de:1999|ru:1203|pt:1052|ja:877|fr:805|es:776|ar:323|pl:296|zh:212
2026-08-18T16:55:27Z,138585,ru:10556|en:6378|zh:2034|fr:915|ja:558|de:328|pl:52|it:47|pt:35|es:31
2026-08-18T16:55:27Z,31339,en:7943|de:4240|pl:1758|pt:908|fr:827|es:595|ru:378|hu:257|uk:146|zh:125
2026-08-18T16:55:27Z,499973,en:12489|fr:2572|es:824|de:616|ja:230|pt:50|bg:13|ru:3|sk:1|other:1
2026-08-18T16:55:27Z,624536948,en:6923|de:2475|pt:2012|fr:1131|es:896|ru:718|nl:342|it:289|uk:148|pl:86
2026-08-18T16:55:27Z,493057,de:6190|ru:3222|zh:1790|en:1604|pt:807|th:229|fi:227|fr:204|es:180|tr:111
2026-08-18T16:55:27Z,1669431183,de:7271|en:5376|es:1601|da:133|ja:72|other:70|fr:62|fi:31|it:16|ru:4
2026-08-18T16:55:27Z,509660,en:6769|fr:2497|de:938|ru:592|es:567|ja:534|zh:492|cs:342|th:142|pt:116
2026-08-18T16:55:27Z,386821,en:5807|pt:3110|ru:1394|zh:816|de:734|ja:563|th:489|es:252|tr:216|fr:191
2026-08-18T16:55:27Z,460630,en:9711|de:700|fr:632|ru:253|es:225|ja:149|it:91|hu:76|zh:74|pt:66
2026-08-18T16:55:27Z,951949934,en:8829|de:451|other:371|uk:282|ru:171|fr:150|pl:130|es:42|ar:29|pt:23
2026-08-18T16:55:27Z,19619,pt:9228|en:620|es:368|pl:213|sv:2
2026-08-18T16:55:27Z,2132205352,en:5750|ru:3417|pt:203|ja:99|de:67|fr:55|es:42|pl:29|uk:25|fi:11
2026-08-18T16:55:27Z,29452,pt:6239|en:2783|ru:143|uk:71|es:22
2026-08-18T16:55:27Z,263490,en:4157|ru:1986|fr:1120|de:960|es:590|pl:104|ja:81|hu:50|pt:37|cs:37
2026-08-18T16:55:27Z,29307,en:5970|ru:1808|zh:353|pt:341|de:212|pl:183|fr:97|es:78|ja:33|cs:32
2026-08-18T16:55:27Z,499634,en:8145|ru:451|pt:158|es:155|fr:91|de:16|tr:2|it:1|bg:1
2026-08-18T16:55:27Z,464339927,en:4783|ru:1547|es:806|de:508|pt:458|fr:262|ar:131|ja:95|pl:80|it:74
2026-08-18T16:55:27Z,1282866981,en:3660|ru:2404|zh:1283|fr:453|de:246|es:220|ja:107|th:103|pt:94|zh-hk:34
2026-08-18T16:55:27Z,509659,en:5957|ja:2171|de:344|ru:130|th:11|es:10|fr:9|other:4
2026-08-18T16:55:27Z,23020,en:4609|fr:1052|ru:923|de:292|es:251|pt:113|it:49|ar:37|pl:20|th:19
2026-08-18T16:55:27Z,2112738408,en:7529|other:90|fr:59|de:10|pt:7|es:6|sv:2|uk:1|it:1|asl:1
2026-08-18T16:55:27Z,30921,en:3864|es:954|de:882|fr:670|pl:620|pt:106|ar:98|it:72|ru:50|nl:43
2026-08-18T16:55:27Z,65632,en:4145|fr:1218|ru:693|es:452|de:428|pl:313|hu:72|pt:26|sk:25|cs:24
2026-08-18T16:55:27Z,1081998272,en:2087|de:1595|ru:1404|ja:987|zh:344|pl:292|fr:184|th:145|es:108|pt:41
2026-08-18T16:55:27Z,459931,en:7081|fi:355|nl:87|fr:34|es:31|pt:24|de:12|pl:10|da:10|no:7
2026-08-18T16:55:27Z,24241,en:3887|ja:1059|zh:947|de:506|fr:276|zh-hk:73|pl:45|th:44|pt:39|ru:17
2026-08-18T16:55:27Z,852009328,en:3294|ru:1271|de:656|pt:415|fr:414|ja:312|zh:200|es:168|th:131|uk:82
2026-08-18T16:55:27Z,513181,en:2873|ru:1144|fr:734|es:597|de:358|pt:227|ja:205|it:127|pl:67|zh:55
2026-08-18T16:55:27Z,27284,en:2594|de:1476|ru:1192|fr:510|es:326|ja:210|pt:125|it:92|pl:67|fi:21
2026-08-18T16:55:27Z,513143,en:4193|fr:733|pt:361|de:356|es:269|ja:175|ru:146|it:135|zh:102|pl:77
2026-08-18T16:55:27Z,417528,es:1955|pt:1636|en:1595|ru:667|fr:364|pl:174|tr:126|de:93|zh:31|it:17
2026-08-18T16:55:27Z,2012789438,en:5409|de:402|fr:284|ar:103|ru:42|ja:24|fi:16|es:16|nl:6|pt:4
2026-08-18T16:55:27Z,494184,ru:5714|en:113|es:104|fr:51|th:33|pt:23|de:3|tr:2|zh:1|uk:1
2026-08-18T16:55:27Z,401587136,ru:2625|en:1799|pt:487|de:261|es:163|fr:151|zh:141|da:111|pl:56|ja:55
2026-08-18T16:55:27Z,676802825,ja:2155|zh:1780|en:807|ru:316|de:273|ar:226|fi:152|hu:133|nl:89|es:41
2026-08-18T16:55:27Z,497057,en:5718|de:87|ja:35|ru:28|fr:26|pt:10|es:8|it:5|ar:5|other:3
2026-08-18T16:55:27Z,1036710512,en:2602|de:1545|fr:502|ja:395|zh:132|ru:98|pt:76|es:69|it:43|ar:35
2026-08-18T16:55:27Z,670138298,en:5777|de:29|fr:5|nl:4
2026-08-18T16:55:27Z,12839,ru:5287|pl:223|uk:134|en:1
2026-08-18T16:55:27Z,272263131,en:5048|ja:169|zh:152|de:70|fr:11|es:10|ru:1|other:1|nl:1|fi:1
2026-08-18T16:55:27Z,55453844,ja:4275|en:859|zh:194|fr:71|es:27|it:23|pt:9|ru:3|fi:1
2026-08-18T16:55:27Z,417752,es:3502|en:1047|it:384|fr:59|no:28|bg:20|ja:17|pt:15|ru:4|ko:1
2026-08-18T16:55:27Z,2059463486,de:3513|en:836|zh:229|fr:42|bg:35|ru:20|it:15|es:13|no:9|hu:8
2026-08-18T16:55:27Z,2005329090,ja:5026
2026-08-18T16:55:27Z,1435206302,en:4875|ja:66|zh:44|ru:31|de:8|fr:3|pt:1|it:1
2026-08-18T16:55:27Z,1393304883,ru:4909|other:1
2026-08-18T16:55:27Z,26936,en:3200|ru:366|zh:363|ja:217|de:209|th:90|es:68|fr:41|pt:29|uk:27
2026-08-18T16:55:27Z,488190,en:2686|es:505|pt:478|ru:431|de:363|uk:155|zh:47|fi:46|fr:29|hu:24
2026-08-18T16:55:27Z,509663,es:2182|de:1566|en:535|fr:235|zh:189|ja:40|pt:5|it:5|ar:2
2026-08-18T16:55:27Z,13389,en:4415|de:178|fr:74|fi:16|es:6|zh:1|pt:1
2026-08-18T16:55:27Z,20596,fr:4067|es:174|en:27|ar:24
2026-08-18T16:55:27Z,66082,zh:1573|en:947|fi:706|hu:312|ru:137|de:132|ja:113|pt:81|es:51|fr:49
2026-08-18T16:55:27Z,369418,ru:2754|fr:746|de:572|en:73|fi:17|pt:14|es:9|cs:6|pl:4|no:3
2026-08-18T16:55:27Z,743,en:1267|de:1024|ru:899|fr:235|pt:208|pl:132|es:126|fi:112|el:16|uk:3
2026-08-18T16:55:27Z,509667,da:1255|en:834|es:759|fi:718|de:345|fr:63|ru:12|pl:10
2026-08-18T16:55:27Z,630009802,en:3422|ja:156|it:155|fr:50|zh:40|other:35|pt:23|de:21|es:15|ru:8
2026-08-18T16:55:27Z,509511,en:1776|fr:1219|de:772|pt:59|nl:26|es:3|tl:1
2026-08-18T16:55:27Z,32502,pl:2061|en:1559|de:102|fr:98|cs:22|tr:8|ja:6|pt:1
2026-08-18T16:55:27Z,2748,en:3432|de:211|fr:101|it:35|ja:30|es:23|nl:18|pt:10|tl:3|pl:2
2026-08-18T16:55:27Z,766571430,en:3231|ru:202|fr:85|de:83|zh:63|es:60|pt:54|cs:22|ja:15|th:11
2026-08-18T16:55:27Z,747702304,en:3660|other:17
2026-08-18T16:55:27Z,512923,en:1623|ru:192|fr:168|pl:127|zh:123|de:106|uk:54|hu:33|pt:19|th:17
2026-08-18T16:55:27Z,511229,ja:3618
2026-08-18T16:55:27Z,499003,en:2962|ja:208|fr:188|ru:134|es:65|zh:26|de:8
2026-08-18T16:55:27Z,490377,en:2594|ru:600|fr:119|de:102|sk:35|pt:35|it:16|fi:10|pl:9|es:9
2026-08-18T16:55:27Z,10186,fr:3435
2026-08-18T16:55:27Z,504463,en:2311|de:689|fr:94|ru:51|es:48|ja:46|pt:41|zh:33|it:21|pl:5
2026-08-18T16:55:27Z,13332,en:1942|de:900|it:319|es:59|fr:33|pl:13|pt:8
2026-08-18T16:55:27Z,500188,en:1487|de:684|ru:609|fr:159|es:85|pt:83|fi:66|uk:36|cs:32|hu:15
2026-08-18T16:55:27Z,31336,de:1519|tr:873|pt:221|pl:175|es:130|ro:96|cs:50|en:42|fr:40|it:31
2026-08-18T16:55:27Z,66170,en:1930|fr:359|es:314|pt:201|ru:180|de:86|pl:34|ja:23|it:17|th:14
2026-08-18T16:55:27Z,1846293708,en:2683|de:163|es:66|zh:60|pt:50|ru:30|pl:12|ja:4|fr:2
2026-08-18T16:55:27Z,116747788,en:1937|ko:1199|ru:30|de:10|tl:1
2026-08-18T16:55:27Z,1189321824,ja:2906
2026-08-18T16:55:27Z,1599346425,en:1954|es:387|pt:247|de:133|ja:65|fr:48|ru:15|th:13|zh:10|other:9
2026-08-18T17:19:33Z,509658,en:119151|ru:91205|de:83438|zh:16394|ja:15100|fr:13538|es:10570|pl:9071|it:5122|pt:4028
2026-08-18T17:19:33Z,27471,en:53330|es:48640|fr:6511|de:5201|ru:3421|pl:1969|nl:897|pt:866|ar:836|ja:560
2026-08-18T17:19:33Z,21779,en:32813|fr:25919|es:24425|pt:6054|de:5996|zh:4567|ja:4264|pl:3178|it:3004|ru:1804
2026-08-18T17:19:33Z,32399,ru:45200|pl:28158|en:11183|pt:9912|es:2336|de:1560|uk:1490|fr:1000|it:862|da:791
2026-08-18T17:19:33Z,516575,en:26887|zh:26095|fr:19511|es:4192|ja:3897|pt:3605|ru:3407|de:2555|ar:1296|tr:787
2026-08-18T17:19:33Z,509672,ru:42171|de:20719|en:12630|fr:3972|es:3494|uk:1570|it:1162|no:551|pt:273|zh:260
2026-08-18T17:19:33Z,1832841853,en:37579|ru:19929|es:9868|de:6488|fr:5829|zh:5103|pt:658|el:355|it:289|hu:225
2026-08-18T17:19:33Z,32982,en:27039|de:17833|ru:9767|pt:5162|sv:4600|es:3506|it:3331|fr:2505|ja:2447|uk:1040
2026-08-18T17:19:33Z,18122,en:60441|de:4434|ru:3158|fr:2468|es:1463|pt:1196|uk:100|other:87|hu:86|el:86
2026-08-18T17:19:33Z,602040818,en:66771|es:456|it:301|pt:228|fr:213|hu:44
2026-08-18T17:19:33Z,33214,en:24289|fr:3550|de:3301|es:3270|pt:2603|it:2536|ru:1777|pl:365|ar:162|sv:141
2026-08-18T17:19:33Z,491931,en:27392|ja:5239|ru:4960|de:2787|fr:2039|it:660|es:553|fi:402|pl:370|hu:326
2026-08-18T17:19:33Z,29595,ru:26188|en:10565|pt:2806|uk:491|fr:235|cs:227|es:161|fi:96|th:88|other:67
2026-08-18T17:19:33Z,498566,de:21260|en:11588|pt:2214|es:981|cs:337|th:305|other:275|pl:145|sv:131|hu:76
2026-08-18T17:19:33Z,509670,en:32299|fr:207|de:86|hu:18|es:17|ja:3|tr:2|pl:1|pt:0
2026-08-18T17:19:33Z,515025,en:16004|ja:6141|es:1893|fr:1101|ru:925|de:805|zh:682|pt:617|ar:262|th:181
2026-08-18T17:19:33Z,27546,en:14893|de:7746|pl:3179|ru:1522|uk:817|hu:812|cs:459|fr:201|ja:175|es:89
2026-08-18T17:19:33Z,168648543,es:11560|en:9536|pt:2384|ru:1918|de:1267|fr:620|pl:340|it:160|zh:126|ja:74
2026-08-18T17:19:33Z,1264310518,en:23258|pt:1098|ar:503|es:477|fr:419|ru:330|de:148|ja:103|hu:63|zh:46
2026-08-18T17:19:33Z,884569009,en:25648|fr:280|de:160|pl:42|ru:19|it:11|es:9|uk:8|other:2
2026-08-18T17:19:33Z,511224,ja:10269|en:7346|ru:1868|fr:1304|zh:933|de:778|es:341|th:207|it:191|pt:173
2026-08-18T17:19:33Z,512953,zh:12811|en:9073|de:547|fr:459|ru:195|ja:187|es:82|pt:40|ar:38|pl:37
2026-08-18T17:19:33Z,518203,es:14465|it:6064|en:1199|ru:1128|fr:713|de:172|el:97|hu:25|pt:17|ro:13
2026-08-18T17:19:33Z,491487,en:11891|de:1820|ru:984|pt:878|fr:858|es:814|ja:629|cs:562|ar:349|zh:192
2026-08-18T17:19:33Z,512710,en:11223|fr:6716|de:1149|es:950|pt:679|it:453|ar:228|pl:174|tr:133|ru:107
2026-08-18T17:19:33Z,624536948,en:7804|de:3198|pt:2032|es:1696|it:1284|fr:1214|pl:350|nl:344|uk:295|ru:275
2026-08-18T17:19:33Z,138585,ru:10670|en:4456|zh:1980|fr:1082|ja:617|de:342|uk:242|it:64|pt:57|pl:47
2026-08-18T17:19:33Z,31339,en:8309|de:4863|pl:1734|pt:889|fr:859|es:811|ru:383|hu:253|uk:137|zh:120
2026-08-18T17:19:33Z,499973,en:11592|fr:2440|es:803|de:554|ja:242|pt:53|bg:16|ru:2|sk:1|other:1
2026-08-18T17:19:33Z,493057,de:5272|ru:4331|en:1933|zh:1473|pt:931|fi:287|fr:283|es:214|th:206|uk:124
2026-08-18T17:19:33Z,509660,en:8227|fr:2452|de:1002|zh:673|es:626|ru:539|ja:449|cs:345|th:168|pt:130
2026-08-18T17:19:33Z,1669431183,de:8022|en:4858|es:1423|da:190|ja:92|other:76|fi:17|ru:13|fr:6|pt:1
2026-08-18T17:19:33Z,728868394,ru:12746|en:679|de:16
2026-08-18T17:19:33Z,386821,en:5970|pt:2920|ru:1178|de:763|ja:590|zh:575|th:399|es:304|fr:197|tr:171
2026-08-18T17:19:33Z,460630,en:10033|de:755|fr:725|es:248|ru:208|ja:152|hu:88|pt:86|zh:82|it:67
2026-08-18T17:19:33Z,951949934,en:8581|es:1476|de:564|other:363|uk:270|fr:207|pl:134|ru:99|pt:27|ar:26
2026-08-18T17:19:33Z,29452,pt:7219|ru:2788|en:2052|uk:142|es:24
2026-08-18T17:19:33Z,2112738408,en:10891|fr:232|other:99|pt:5|es:4|de:2|sv:1|asl:1
2026-08-18T17:19:33Z,29307,en:7404|ru:1742|pt:351|zh:336|de:220|pl:146|es:140|fr:119|tr:35|ja:35
2026-08-18T17:19:33Z,263490,en:4757|ru:1964|fr:1182|es:596|de:471|ja:87|hu:50|pl:41|pt:32|cs:31
2026-08-18T17:19:33Z,513181,en:4689|ru:1989|es:827|fr:732|de:335|pt:239|ja:189|it:147|pl:84|zh:59
2026-08-18T17:19:33Z,19619,pt:8102|en:602|es:361|pl:201|sv:3
2026-08-18T17:19:33Z,509659,en:6319|ja:1902|de:354|ru:111|es:101|th:17|fr:9|other:4
2026-08-18T17:19:33Z,464339927,en:4721|ru:1330|es:762|de:577|pt:374|fr:234|ja:97|pl:84|it:81|uk:26
2026-08-18T17:19:33Z,1081998272,de:2881|en:1969|ru:1416|ja:916|zh:350|pl:290|fr:189|th:119|es:110|pt:89
2026-08-18T17:19:33Z,2132205352,en:3890|ru:3363|pt:203|de:134|ja:95|es:58|fr:56|pl:20|uk:17|tl:17
2026-08-18T17:19:33Z,27284,en:4202|de:1432|ru:878|fr:380|es:319|ja:208|pt:144|it:99|pl:78|fi:21
2026-08-18T17:19:33Z,459931,en:6783|fi:370|nl:98|fr:33|es:28|pt:27|no:17|de:14|da:12|pl:11
2026-08-18T17:19:33Z,24241,en:4329|ja:904|zh:807|de:611|fr:282|zh-hk:62|th:46|pl:40|pt:37|ru:15
2026-08-18T17:19:33Z,1282866981,en:2950|ru:1711|zh:599|fr:446|de:222|es:214|pt:112|th:92|ar:69|ja:62
2026-08-18T17:19:33Z,852009328,en:3407|ru:1075|de:653|pt:455|fr:401|ja:284|zh:193|es:182|uk:74|ar:58
2026-08-18T17:19:33Z,65632,en:4194|fr:775|ru:650|de:485|es:444|pl:290|hu:65|sk:19|cs:17|pt:14
2026-08-18T17:19:33Z,401587136,ru:3650|en:1590|de:381|pt:366|es:153|zh:138|fr:128|da:107|hu:85|pl:63
2026-08-18T17:19:33Z,499634,en:6374|ru:256|pt:206|fr:97|es:20|de:13|tr:2|it:1|bg:1
2026-08-18T17:19:33Z,494184,ru:6421|es:130|en:109|pt:49|th:28|tr:2|zh:1|other:1|id:1|fr:1
2026-08-18T17:19:33Z,1036710512,en:2616|de:1586|fr:531|ja:325|ru:159|zh:136|es:84|pt:39|it:36|ar:36
2026-08-18T17:19:33Z,2012789438,en:5478|de:434|fr:315|ar:128|nl:37|ru:24|ja:18|fi:16|es:11|pt:4
2026-08-18T17:19:33Z,417528,es:2026|en:1693|pt:1558|ru:470|fr:236|pl:200|tr:147|de:76|zh:35|it:16
2026-08-18T17:19:33Z,30921,en:2938|de:1487|es:881|fr:451|ar:160|pt:91|nl:55|it:47|pl:38|ru:32
2026-08-18T17:19:33Z,676802825,ja:2143|zh:1657|en:863|hu:419|ru:303|de:293|ar:220|fi:143|nl:94|es:49
2026-08-18T17:19:33Z,23020,en:3718|ru:968|es:312|de:273|fr:193|pt:129|it:39|pl:26|ar:19|zh:14
2026-08-18T17:19:33Z,55453844,ja:4280|en:1217|zh:143|pt:96|fr:64|es:30|it:27|fi:9|ru:2
2026-08-18T17:19:33Z,513143,en:4358|fr:689|pt:337|de:300|es:284|ja:159|it:135|ru:109|pl:55|zh:54
2026-08-18T17:19:33Z,497057,en:5774|de:87|ru:55|fr:28|ja:25|pt:21|es:18|it:6|ar:5|other:4
2026-08-18T17:19:33Z,66082,zh:1509|de:1447|en:1214|fi:729|hu:304|ru:249|ja:92|pt:85|fr:66|es:49
2026-08-18T17:19:33Z,350287257,en:4233|hu:760|pt:267|uk:224|de:72|pl:14|fr:14|ru:4
2026-08-18T17:19:33Z,509663,es:2220|de:1743|en:715|uk:302|fr:216|zh:207|cs:176|ja:38|pt:5|it:3
2026-08-18T17:19:33Z,272263131,en:5060|ja:172|zh:148|de:67|es:9|fr:8|other:1|nl:1|fi:1|ca:0
2026-08-18T17:19:33Z,1435206302,en:5457|ru:36|ja:35|zh:23|de:6|fr:3|pt:1|it:1
2026-08-18T17:19:33Z,670138298,en:4773|other:254|de:30|fr:3
2026-08-18T17:19:33Z,12839,ru:3345|pl:224|uk:126|en:1
2026-08-18T17:19:33Z,417752,es:3202|en:1278|it:534|fr:157|pt:49|no:30|ja:20|bg:16|ru:7|de:6
2026-08-18T17:19:33Z,488190,en:2608|es:591|ru:589|pt:538|de:446|uk:169|fi:57|fr:31|hu:26|bg:21
2026-08-18T17:19:33Z,26936,en:3199|zh:418|ru:320|de:297|ja:273|th:110|es:98|fr:49|other:31|uk:28
2026-08-18T17:19:33Z,2748,en:3883|de:163|it:48|ja:26|es:23|nl:19|tl:5|pt:4|pl:3|fr:2
2026-08-18T17:19:33Z,1393304883,ru:4903|other:1
2026-08-18T17:19:33Z,13389,en:4320|de:213|fr:79|ru:21|fi:18|zh:2|es:2|pt:1
2026-08-18T17:19:33Z,2059463486,de:3480|en:846|zh:198|bg:27|ru:19|it:16|es:15|no:9|fr:7|nl:5
2026-08-18T17:19:33Z,2005329090,ja:4764|en:0
2026-08-18T17:19:33Z,20596,fr:4173|es:176|ar:31|en:25
2026-08-18T17:19:33Z,509667,da:1387|en:834|fi:776|es:668|de:399|fr:191|ru:5
2026-08-18T17:19:33Z,32502,pl:2371|en:1476|de:121|fr:103|cs:21|ja:13|tr:5|pt:1
2026-08-18T17:19:33Z,766571430,en:3105|ru:502|de:115|fr:85|es:63|zh:55|pt:37|cs:22|ja:9|th:5
2026-08-18T17:19:33Z,369418,ru:2632|fr:753|de:551|en:89|pl:19|fi:17|es:11|cs:5
2026-08-18T17:19:33Z,509511,en:1978|fr:1326|de:633|pt:52|nl:22|es:2|tl:1
2026-08-18T17:19:33Z,630009802,en:3450|it:191|zh:45|fr:44|ja:37|pt:26|de:22|es:17|ar:7|tl:6
2026-08-18T17:19:33Z,1702520304,en:3193|ru:501|de:166|pt:163|ro:64|sv:36|ja:34|es:12|uk:11|fr:11
2026-08-18T17:19:33Z,511229,ja:3450|en:8
2026-08-18T17:19:33Z,10186,fr:3545
2026-08-18T17:19:33Z,13332,en:2131|de:896|it:279|es:62|fr:30|pl:16|pt:6|nl:3
2026-08-18T17:19:33Z,499003,en:3052|fr:168|ru:90|ja:67|es:18|zh:16|de:7
2026-08-18T17:19:33Z,19976,zh:1864|en:1600|ja:66|fr:3
2026-08-18T17:19:33Z,116747788,en:1812|ko:1336|ru:217|de:11|fr:8|tl:1
2026-08-18T17:19:33Z,500188,en:1406|de:773|ru:527|fr:192|es:97|fi:72|pt:62|uk:39|cs:24|hu:16
2026-08-18T17:19:33Z,504463,en:2246|de:700|fr:121|ru:62|es:53|pt:42|ja:41|zh:28|it:6|pl:5
2026-08-18T17:19:33Z,493959,ru:1541|en:659|de:559|pt:162|fr:149|th:108|es:81|hu:29|no:15|uk:5
2026-08-18T17:19:33Z,31336,de:1489|tr:929|es:226|pt:198|pl:178|ro:112|cs:56|en:49|fr:44|it:27
2026-08-18T17:19:33Z,66170,en:1971|es:343|fr:339|pt:216|ru:170|de:89|pl:46|ja:26|th:23|hu:7
2026-08-18T17:19:33Z,490377,en:2671|de:161|fr:76|pt:55|sk:31|ru:29|es:22|ar:22|it:17|pl:8
2026-08-18T17:19:33Z,1189321824,ja:2995
2026-08-18T17:51:12Z,509658,en:118571|de:91929|ru:82646|fr:18942|es:15170|zh:12981|pl:7300|it:6023|pt:4730|uk:4516
2026-08-18T17:51:12Z,27471,en:58095|es:46652|fr:7348|de:5876|ru:2377|pl:1028|nl:1011|pt:851|ar:799|ja:491
2026-08-18T17:51:12Z,32399,ru:47463|pl:32289|en:13301|pt:10131|es:3079|uk:1451|da:1381|de:1176|fr:1164|fi:689
2026-08-18T17:51:12Z,21779,en:29452|es:22526|fr:19971|de:6039|pt:5784|pl:4603|ja:4579|ru:3801|zh:3654|it:2504
2026-08-18T17:51:12Z,516575,en:26696|zh:23971|fr:20704|es:4553|pt:4039|ja:3312|ru:3079|de:2920|ar:1135|pl:309
2026-08-18T17:51:12Z,32982,en:29405|de:22987|ru:7077|pt:5785|sv:4639|es:3676|it:3420|fr:2948|ja:1637|da:1108
2026-08-18T17:51:12Z,1832841853,en:38724|ru:18587|es:9734|de:7031|fr:6021|zh:4855|pt:777|el:450|hu:251|cs:191
2026-08-18T17:51:12Z,18122,en:72649|de:4472|pt:3173|fr:2200|es:1605|ru:1565|uk:104|tr:99|sv:97|hu:79
2026-08-18T17:51:12Z,509672,ru:32978|de:20168|en:9955|es:3377|fr:3361|it:1783|uk:1521|no:473|pt:459|zh:292
2026-08-18T17:51:12Z,602040818,en:50858|es:321|it:260|pt:206|hu:50|fr:37|ru:35
2026-08-18T17:51:12Z,33214,en:26181|fr:3820|es:3780|de:3470|pt:3280|it:2235|uk:1015|ru:812|pl:363|ar:163
2026-08-18T17:51:12Z,491931,en:27724|ru:3029|de:2587|ja:2377|fr:2049|it:634|es:586|hu:360|fi:360|pl:348
2026-08-18T17:51:12Z,29595,ru:26293|en:11059|pt:2598|uk:481|es:219|cs:166|other:99|fi:88|th:73|sv:61
2026-08-18T17:51:12Z,498566,de:21968|en:14105|pt:1630|cs:424|th:356|other:337|es:288|sv:269|el:82|fr:56
2026-08-18T17:51:12Z,509670,en:33874|de:93|es:21|fr:15|ja:3|tr:2|pl:1|pt:0
2026-08-18T17:51:12Z,778386489,en:30059|ru:41|fr:28|ar:19|de:18|uk:14|pt:8|es:6|ja:5|fi:5
2026-08-18T17:51:12Z,168648543,es:10899|en:10822|pt:2603|ru:1701|nl:1616|de:1304|fr:374|pl:348|it:275|zh:57
2026-08-18T17:51:12Z,515025,en:17503|ja:5645|es:2135|fr:1152|de:803|pt:662|ar:620|zh:551|ru:477|pl:192
2026-08-18T17:51:12Z,27546,en:15092|de:8178|pl:3389|ru:1377|hu:861|uk:825|cs:429|fr:230|ja:155|es:107
2026-08-18T17:51:12Z,1264310518,en:24368|pt:1273|ar:460|fr:429|es:302|ru:275|de:173|ja:88|zh:50|pl:24
2026-08-18T17:51:12Z,493057,en:15009|de:6207|ru:3685|pt:825|zh:442|fi:352|fr:316|es:199|hu:119|uk:113
2026-08-18T17:51:12Z,488559,en:25897|other:4
2026-08-18T17:51:12Z,512710,en:11987|fr:6654|de:1502|es:1155|pt:812|it:505|pl:181|tr:132|ar:125|nl:90
2026-08-18T17:51:12Z,512953,zh:11484|en:8288|de:1534|fr:493|ru:321|ja:135|pt:133|es:107|ar:56|it:35
2026-08-18T17:51:12Z,491487,en:11986|de:1921|pt:1561|fr:920|es:903|ru:855|ja:607|cs:585|pl:549|ar:428
2026-08-18T17:51:12Z,138585,ru:10626|en:5765|zh:1905|fr:1207|ja:646|ar:487|it:476|uk:375|pt:123|de:97
2026-08-18T17:51:12Z,511224,en:7509|ja:4747|ru:1659|zh:1362|fr:1341|de:921|es:328|it:223|ar:135|th:123
2026-08-18T17:51:12Z,624536948,en:7653|de:3489|pt:2172|fr:1588|it:1410|es:1142|uk:364|pl:348|nl:334|ru:282
2026-08-18T17:51:12Z,31339,en:8663|de:4734|pl:1765|es:1051|fr:890|pt:882|ru:549|hu:254|zh:112|fi:103
2026-08-18T17:51:12Z,1669431183,de:9126|en:4948|es:1551|da:208|ja:105|other:76|fr:39|hu:16|fi:16|ru:3
2026-08-18T17:51:12Z,499973,en:11520|fr:2522|es:811|de:557|ja:202|pt:47|bg:16|ru:3|nl:2|sk:1
2026-08-18T17:51:12Z,509660,en:8219|fr:2774|de:889|zh:599|es:582|ru:491|cs:343|ja:297|pt:165|th:155
2026-08-18T17:51:12Z,884569009,en:1445|fr:283|de:185|cs:107|es:59|pl:45|ru:24|it:10|no:4|nl:1
2026-08-18T17:51:12Z,728868394,ru:11922|en:879|it:385|de:27
2026-08-18T17:51:12Z,460630,en:8654|de:2314|fr:759|es:239|ru:192|pt:122|hu:113|it:77|ja:62|pl:61
2026-08-18T17:51:12Z,1036710512,en:9073|de:1722|fr:457|ja:235|ru:164|zh:150|es:97|pt:40|it:40|sv:35
2026-08-18T17:51:12Z,386821,en:5353|pt:2974|de:998|ru:656|zh:557|ja:503|th:373|es:308|tr:164|fr:110
2026-08-18T17:51:12Z,951949934,en:8517|es:1696|de:722|other:310|uk:281|fr:195|ru:147|pl:113|el:61|ar:25
2026-08-18T17:51:12Z,29452,pt:5481|ru:3337|en:2245|uk:85|es:25
2026-08-18T17:51:12Z,29307,en:7459|ru:1420|pt:374|de:229|fr:204|es:152|zh:141|pl:135|tr:33|cs:33
2026-08-18T17:51:12Z,19619,pt:8512|en:574|es:438|pl:239|sv:2
2026-08-18T17:51:12Z,2112738408,en:9047|fr:213|ar:11|pt:5|de:3|other:2|es:2|sv:1|ru:1|asl:1
2026-08-18T17:51:12Z,513181,en:4429|ru:918|es:875|fr:551|de:349|pt:270|ja:220|it:130|pl:86|zh:47
2026-08-18T17:51:12Z,263490,en:4417|ru:1298|es:614|ja:607|de:499|fr:221|pl:72|hu:50|pt:37|cs:30
2026-08-18T17:51:12Z,509659,en:5960|ja:2169|de:364|es:190|ru:112|fr:10|th:9|other:4
2026-08-18T17:51:12Z,518203,it:5137|ru:1065|en:712|fr:682|es:568|de:160|el:127|pt:124|hu:40|ro:7
2026-08-18T17:51:12Z,464339927,en:5165|ru:1200|de:609|es:578|pt:452|fr:215|pl:115|it:90|ja:64|ar:57
2026-08-18T17:51:12Z,2132205352,en:4827|ru:3208|pt:194|ja:92|fr:69|de:69|es:59|uk:21|tl:19|pl:17
2026-08-18T17:51:12Z,27284,en:4308|de:1469|ru:959|es:345|fr:266|pt:193|ja:122|it:99|pl:74|fi:23
2026-08-18T17:51:12Z,852009328,en:3572|ru:1210|de:861|cs:560|fr:410|pt:403|ja:273|es:203|zh:135|uk:129
2026-08-18T17:51:12Z,670138298,en:7212|other:673|de:28|fr:4
2026-08-18T17:51:12Z,1081998272,de:3065|en:1846|ja:873|ru:514|pl:327|zh:299|es:124|fr:117|th:99|pt:85
2026-08-18T17:51:12Z,350287257,en:5969|hu:688|pt:273|uk:221|it:202|de:202|fr:87|pl:16|zh:10|ru:8
2026-08-18T17:51:12Z,459931,en:6685|fi:407|nl:96|fr:31|pt:26|es:23|no:17|da:17|pl:9|de:9
2026-08-18T17:51:12Z,499634,en:6372|ru:200|pt:191|fr:128|es:21|tr:2|it:1|de:1|bg:1
2026-08-18T17:51:12Z,401587136,ru:3421|en:1594|de:403|pt:396|es:204|zh:119|fr:114|da:95|hu:69|pl:66
2026-08-18T17:51:12Z,65632,en:4347|fr:741|de:536|es:423|pl:294|ru:216|sk:30|pt:25|hu:25|cs:14
2026-08-18T17:51:12Z,417752,es:3168|en:2461|it:580|fr:149|pt:137|ja:18|bg:14|de:7|ru:6|ko:1
2026-08-18T17:51:12Z,417528,es:2096|en:1783|pt:1630|ru:328|fr:195|tr:143|pl:86|de:57|zh:26|it:20
2026-08-18T17:51:12Z,24241,en:3658|de:974|ja:789|zh:641|fr:268|th:28|es:19|pt:15|it:12|ru:9
2026-08-18T17:51:12Z,55453844,ja:4459|en:1280|zh:137|pt:121|fr:39|es:24|it:12|fi:12
2026-08-18T17:51:12Z,2012789438,en:5350|de:409|fr:350|ar:101|nl:36|ru:35|fi:18|es:13|ja:7|pt:5
2026-08-18T17:51:12Z,513143,en:3981|fr:899|de:315|pt:240|es:235|it:149|ru:125|ja:90|bg:54|zh:52
2026-08-18T17:51:12Z,676802825,ja:2027|zh:1431|en:1090|hu:444|de:322|ru:300|ar:195|fi:138|nl:100|pl:51
2026-08-18T17:51:12Z,509663,es:2214|de:1995|en:992|uk:307|fr:258|zh:246|cs:245|ja:47|pt:6|ar:2
2026-08-18T17:51:12Z,66082,de:1768|en:1424|zh:900|fr:675|fi:543|hu:341|ru:166|pt:84|es:48|ja:47
2026-08-18T17:51:12Z,1282866981,en:2751|ru:1219|zh:632|fr:455|de:293|es:239|pt:126|th:97|ja:78|ar:66
2026-08-18T17:51:12Z,23020,en:3838|ru:677|es:451|de:297|fr:180|pt:116|it:35|ar:14|cs:13|zh:12
2026-08-18T17:51:12Z,30921,en:2823|de:1665|fr:607|es:201|ar:167|pt:108|it:59|pl:55|nl:52|ru:43
2026-08-18T17:51:12Z,488190,en:3004|ru:1133|es:688|de:444|pt:422|uk:186|fi:60|fr:32|hu:28|zh:22
2026-08-18T17:51:12Z,509667,es:2597|da:1149|en:788|de:380|fr:339|ru:4
2026-08-18T17:51:12Z,494184,ru:5498|es:131|en:118|pt:56|other:3|zh:1|id:1|fr:1|de:1|uk:0
2026-08-18T17:51:12Z,272263131,en:5129|zh:159|ja:126|fr:94|de:76|es:9|other:1|nl:1|fi:1|ca:0
2026-08-18T17:51:12Z,497057,en:5116|de:95|ru:48|ja:30|es:19|fr:16|it:12|ar:8|pt:7|other:5
2026-08-18T17:51:12Z,13389,en:5142|de:215|ru:30|fi:16|pl:11|fr:10|tr:3|es:2|zh:1
2026-08-18T17:51:12Z,26936,en:3384|de:432|zh:342|ru:333|ja:321|fr:105|es:85|th:73|other:49|nl:29
2026-08-18T17:51:12Z,6521,ru:4783|en:268|pt:111|fr:15|es:14|uk:5|pl:2
2026-08-18T17:51:12Z,1435206302,en:4830|ja:36|zh:28|ru:12|de:6|fr:4|it:1
2026-08-18T17:51:12Z,2005329090,ja:4811|en:1
2026-08-18T17:51:12Z,2059463486,de:3866|en:897|zh:177|pl:52|cs:27|bg:26|fr:17|ru:16|it:16|es:15
2026-08-18T17:51:12Z,1702520304,en:3637|ru:561|pt:179|de:150|ro:56|ja:35|sv:32|es:18|fr:13|uk:5
2026-08-18T17:51:12Z,766571430,en:3487|ru:569|de:121|fr:87|es:80|zh:65|pt:14|cs:10|th:9|it:8
2026-08-18T17:51:12Z,493959,ru:2463|de:669|en:651|pt:170|fr:161|th:123|es:92|hu:32|cs:21|no:16
2026-08-18T17:51:12Z,491168,ru:2268|de:1693|en:153|nl:86|es:19|fr:6|sv:4|pt:2|it:1
2026-08-18T17:51:12Z,369418,ru:2339|fr:793|de:454|en:109|fi:19|es:15|cs:4|pl:3|ja:1
2026-08-18T17:51:12Z,13332,en:2470|de:897|it:273|es:58|fr:28|pl:17|pt:11|nl:8
2026-08-18T17:51:12Z,630009802,en:3395|it:200|fr:53|zh:46|ja:25|pt:24|de:21|es:17|ar:6|tl:5
2026-08-18T17:51:12Z,2748,en:3755|es:29|fr:28|it:25|nl:22|ja:22|pt:20|de:11|pl:2
2026-08-18T17:51:12Z,32502,pl:2326|en:1075|de:143|fr:113|no:19|tr:17|cs:12|ja:9|pt:1|it:0
2026-08-18T17:51:12Z,20596,fr:3576|es:179|ar:37|en:26|pt:4
2026-08-18T17:51:12Z,12924,en:2886|ru:680|pl:132|uk:89|ko:35|de:12|es:10|fr:8|zh:1
2026-08-18T17:51:12Z,10186,fr:3655
2026-08-18T17:51:12Z,12839,ru:3259|pl:352|uk:149|en:8
2026-08-18T17:51:12Z,874552426,fi:1913|en:1658|de:49|sv:2
2026-08-18T17:51:12Z,100748035,en:3679
2026-08-18T17:51:12Z,19976,en:1765|zh:1664|ja:57|fr:2
2026-08-18T17:51:12Z,31336,de:1669|tr:997|es:356|pt:236|pl:176|en:114|ro:99|cs:47|fr:40|it:13
2026-08-18T17:51:12Z,511229,ja:3499
2026-08-18T17:51:12Z,490377,en:2742|fr:199|de:134|pt:72|sk:32|ar:26|es:20|ru:16|it:16|pl:10
2026-08-18T17:51:12Z,66170,en:2084|fr:338|es:303|pt:244|ru:145|de:108|pl:48|uk:46|ja:16|zh:15
2026-08-18T18:23:21Z,509658,en:132969|de:94290|ru:84627|fr:27062|uk:22413|es:15107|zh:9797|it:7297|pt:6293|pl:3529
2026-08-18T18:23:21Z,27471,en:61099|es:46699|de:11140|fr:6769|ru:1929|nl:1039|pl:984|ar:854|pt:706|ja:401
2026-08-18T18:23:21Z,32399,ru:58842|pl:37348|en:13127|pt:10219|es:2513|da:1511|de:1256|uk:1142|hu:875|fi:790
2026-08-18T18:23:21Z,21779,en:30560|fr:25205|es:21989|de:6817|pt:6166|ru:4410|ja:4050|pl:4040|it:2373|zh:1422
2026-08-18T18:23:21Z,516575,en:27405|fr:26443|zh:21884|de:7273|es:4813|pt:4415|ru:2606|ja:2140|ar:1071|pl:363
2026-08-18T18:23:21Z,1832841853,en:48639|ru:19786|es:9704|de:7168|fr:5671|zh:4481|pt:855|el:442|hu:236|cs:191
2026-08-18T18:23:21Z,32982,en:30637|de:25193|ru:9218|fr:5621|sv:4741|pt:4672|it:3499|es:2613|ja:1232|da:1130
2026-08-18T18:23:21Z,18122,en:80122|pt:3452|de:3407|ru:2184|fr:2021|es:1621|tr:105|sv:105|pl:90|hu:82
2026-08-18T18:23:21Z,509672,ru:42097|de:18427|en:10874|es:3469|fr:3169|it:1856|uk:1304|pt:667|no:429|nl:166
2026-08-18T18:23:21Z,33214,en:26998|fr:4231|es:4004|de:3785|pt:3470|it:2133|ru:1125|pl:395|ar:199|sv:195
2026-08-18T18:23:21Z,498566,de:23403|en:16931|pt:1326|es:567|other:425|cs:371|th:312|pl:295|sv:289|sk:145
2026-08-18T18:23:21Z,491931,en:28695|ru:3308|de:2729|ja:2480|fr:1949|it:651|es:607|pl:355|hu:352|zh:209
2026-08-18T18:23:21Z,29595,ru:24890|en:10767|pt:2273|uk:447|cs:196|es:194|other:98|th:76|fi:64|sv:61
2026-08-18T18:23:21Z,602040818,en:37846|es:244|pt:174|it:168|ru:39|hu:27|fr:26
2026-08-18T18:23:21Z,778386489,en:34138|ru:36|de:35|fr:32|uk:11|pt:9|fi:6|es:6|ar:3|sk:2
2026-08-18T18:23:21Z,509670,en:31140|de:139|es:16|fr:12|ja:3|tr:2|ru:1|pt:1|pl:1
2026-08-18T18:23:21Z,515025,en:18387|ja:4253|es:1196|fr:1055|de:847|ar:801|pt:782|ru:583|zh:457|pl:124
2026-08-18T18:23:21Z,27546,en:15082|de:7658|pl:3512|ru:1345|hu:799|uk:743|cs:392|ja:149|es:120|fr:39
2026-08-18T18:23:21Z,488559,en:28036|ru:1
2026-08-18T18:23:21Z,1264310518,en:22507|pt:1384|ar:582|fr:405|ru:346|es:337|de:199|ja:83|zh:23|pl:23
2026-08-18T18:23:21Z,512710,en:13523|fr:5627|de:1889|es:1175|it:1095|pt:1027|pl:211|no:169|ar:145|tr:137
2026-08-18T18:23:21Z,493057,en:15000|ru:4384|de:2672|pt:770|zh:391|fr:334|fi:334|es:245|tr:116|uk:111
2026-08-18T18:23:21Z,491487,en:12779|de:2037|pt:1765|ru:1388|fr:1129|es:1022|ja:717|pl:663|cs:558|ar:426
2026-08-18T18:23:21Z,138585,ru:11858|en:6565|zh:1745|fr:1340|ja:700|it:467|ar:463|uk:426|pt:154|de:129
2026-08-18T18:23:21Z,168648543,en:12481|pt:3044|de:2310|ru:1720|es:1465|nl:1419|pl:464|hi:390|fr:316|it:252
2026-08-18T18:23:21Z,624536948,en:10657|de:4943|pt:2374|fr:1711|it:1668|es:952|uk:487|nl:359|ru:267|pl:69
2026-08-18T18:23:21Z,512953,zh:10865|en:8909|de:1549|fr:491|ru:437|pt:144|es:96|ar:63|it:34|ja:23
2026-08-18T18:23:21Z,31339,en:6231|de:4738|ru:4237|es:3238|pl:1883|pt:1007|fr:750|hu:262|zh:104|fi:95
2026-08-18T18:23:21Z,511224,en:9169|ja:3063|fr:1377|zh:909|ru:888|de:653|es:360|it:179|ar:123|th:104
2026-08-18T18:23:21Z,1669431183,de:9295|en:5537|es:1330|ja:174|da:130|other:70|fr:46|hu:35|nl:16|fi:14
2026-08-18T18:23:21Z,499973,en:11754|fr:2533|es:870|de:533|ja:204|pt:60|bg:19|ru:3|ca:2|sk:1
2026-08-18T18:23:21Z,30921,es:8810|en:2985|de:1910|ar:1237|fr:613|pt:127|ru:124|it:67|nl:64|pl:61
2026-08-18T18:23:21Z,509660,en:7532|fr:1418|de:1003|zh:657|es:512|ru:414|cs:386|ja:275|pt:140|th:103
2026-08-18T18:23:21Z,728868394,ru:11409|de:1083|fr:676|en:397|it:368|pl:4
2026-08-18T18:23:21Z,1036710512,en:9817|de:1812|fr:466|ja:213|ru:200|es:102|zh:74|pt:53|sv:36|hu:34
2026-08-18T18:23:21Z,386821,en:5802|pt:2969|de:993|ru:803|zh:549|ja:385|th:330|es:198|tr:160|fr:119
2026-08-18T18:23:21Z,460630,en:8678|de:1661|fr:835|es:279|ru:216|pt:141|hu:109|it:83|ja:70|ar:49
2026-08-18T18:23:21Z,951949934,en:7263|es:1565|de:890|ru:505|uk:256|fr:218|el:82|pl:75|cs:40|zh:13
2026-08-18T18:23:21Z,350287257,en:5514|fr:3213|hu:667|uk:581|it:267|pt:252|de:235|es:23|zh:9|pl:9
2026-08-18T18:23:21Z,19619,pt:9082|en:630|es:436|pl:400|sv:5|other:0
2026-08-18T18:23:21Z,29307,en:7508|ru:1617|pt:386|de:245|fr:242|es:148|pl:138|zh:54|cs:32|tr:29
2026-08-18T18:23:21Z,29452,pt:5712|en:2270|ru:1508|uk:56|es:33
2026-08-18T18:23:21Z,1081998272,fr:3012|de:2644|en:1981|ja:838|ru:536|pl:318|zh:170|es:106|th:82|pt:80
2026-08-18T18:23:21Z,464339927,en:5117|ru:1266|de:710|es:645|pt:443|fr:213|pl:113|it:66|ar:52|hu:47
2026-08-18T18:23:21Z,2132205352,en:4955|ru:3275|pt:195|ja:76|de:69|fr:57|es:55|uk:28|pl:15|zh:12
2026-08-18T18:23:21Z,513181,en:4672|ru:1140|es:855|fr:469|de:374|pt:270|ja:159|it:120|pl:94|zh:44
2026-08-18T18:23:21Z,263490,en:5040|ru:1394|de:697|ja:575|es:152|pl:96|fr:60|pt:52|hu:48|cs:35
2026-08-18T18:23:21Z,459931,en:7291|fi:400|nl:103|no:33|fr:28|es:27|pt:21|de:16|da:11|pl:9
2026-08-18T18:23:21Z,2112738408,en:7878|fr:198|ar:10|de:7|pt:2|other:1|es:1|asl:1|it:0
2026-08-18T18:23:21Z,417752,es:3939|en:2854|it:733|pt:194|zh-hk:191|fr:85|no:17|ja:16|bg:16|de:10
2026-08-18T18:23:21Z,27284,en:4266|de:1472|ru:948|es:398|fr:224|pt:161|ja:118|pl:108|it:106|sv:36
2026-08-18T18:23:21Z,670138298,en:7079|other:571|de:30|fr:4|es:1
2026-08-18T18:23:21Z,852009328,en:3786|ru:956|de:793|pt:439|fr:263|es:215|ja:172|zh:131|uk:119|ar:71
2026-08-18T18:23:21Z,2058220722,fr:6873|de:35|es:16|en:13|pt:1
2026-08-18T18:23:21Z,499634,en:5228|ru:465|pt:221|fr:139|es:32|tr:2|it:1|de:1|bg:1|ar:1
2026-08-18T18:23:21Z,24241,en:4180|de:977|ja:675|zh:579|fr:289|es:51|th:24|pt:14|pl:11|it:11
2026-08-18T18:23:21Z,65632,en:4447|fr:888|de:534|pl:335|ru:263|es:79|hu:37|sk:30|pt:30|it:10
2026-08-18T18:23:21Z,488190,en:3221|ru:1325|es:864|de:664|pt:492|uk:246|fi:50|fr:28|zh:26|hu:25
2026-08-18T18:23:21Z,401587136,ru:3652|en:1476|de:348|pt:335|es:229|zh:118|fr:105|pl:89|hu:73|tr:59
2026-08-18T18:23:21Z,23020,en:3956|ru:981|es:527|de:214|fr:168|pt:102|it:37|pl:23|zh:13|ar:12
2026-08-18T18:23:21Z,509659,en:6133|de:415|es:296|ja:192|ru:189|th:20|fr:13|other:4
2026-08-18T18:23:21Z,494184,ru:6042|es:152|en:86|pt:57|fr:5|uk:2|pl:2|other:2|zh:1|id:1
2026-08-18T18:23:21Z,2012789438,en:5265|de:334|fr:253|ar:130|pt:98|nl:36|ru:26|es:22|fi:14|ja:7
2026-08-18T18:23:21Z,417528,en:1922|es:1777|pt:1660|ru:324|tr:221|fr:187|de:65|pl:50|it:21|zh:18
2026-08-18T18:23:21Z,66082,de:2021|en:1741|fi:747|zh:676|hu:287|ru:249|pt:102|fr:59|pl:48|es:48
2026-08-18T18:23:21Z,491168,ru:3494|de:2487|fr:95|es:65|en:37|nl:11|it:7|sv:4|pt:1
2026-08-18T18:23:21Z,13389,en:5156|de:266|fr:71|ru:34|pl:21|sv:19|fi:15|tr:8|es:5
2026-08-18T18:23:21Z,497057,en:5387|de:145|ru:75|pt:39|es:33|ja:31|fr:25|it:10|other:6|ar:5
2026-08-18T18:23:21Z,2059463486,de:3816|en:1349|ar:186|zh:177|pl:44|cs:30|bg:28|ru:22|it:22|es:22
2026-08-18T18:23:21Z,1282866981,en:3439|fr:455|ru:433|zh:341|de:333|es:224|pt:127|th:119|ja:82|ar:65
2026-08-18T18:23:21Z,676802825,ja:1960|en:1061|cs:727|hu:452|de:386|ru:322|ar:207|zh:115|nl:104|fr:61
2026-08-18T18:23:21Z,26936,en:3379|de:708|ru:371|ja:305|fr:129|th:101|zh:97|other:82|es:72|pt:35
2026-08-18T18:23:21Z,513143,en:4179|fr:197|pt:187|it:156|de:121|ru:109|es:76|bg:76|ja:64|th:48
2026-08-18T18:23:21Z,518203,it:1792|es:1146|en:709|pt:521|ru:274|de:226|fr:180|hu:104|el:98|ro:23
2026-08-18T18:23:21Z,1435206302,en:5177|sv:112|ja:32|zh:28|de:7|el:3|fr:2
2026-08-18T18:23:21Z,55453844,ja:3797|en:1155|pt:127|zh:57|fr:44|es:32|ru:15|fi:6|tr:0
2026-08-18T18:23:21Z,1820839024,pl:3296|en:543|de:462|sv:151|ru:147|other:126|fr:75|ja:63|hu:48|es:28
2026-08-18T18:23:21Z,2005329090,ja:4893|en:2
2026-08-18T18:23:21Z,493959,ru:2520|de:788|en:780|fr:206|pt:165|th:120|es:74|hu:33|cs:29|uk:25
2026-08-18T18:23:21Z,12839,ru:4368|uk:249|pl:247|en:15
2026-08-18T18:23:21Z,504461,en:4131|es:218|fr:156|ja:142|de:31
2026-08-18T18:23:21Z,512923,ru:2439|en:1365|de:205|pl:133|zh:110|uk:65|fr:41|hu:34|pt:18|cs:18
2026-08-18T18:23:21Z,1702520304,en:3948|ru:240|pt:191|de:132|ro:72|sv:37|ja:32|es:15|fr:9|pl:8
2026-08-18T18:23:21Z,12924,en:3494|ru:715|pl:118|uk:67|ko:33|es:22|de:20|fr:7
2026-08-18T18:23:21Z,630009802,en:3514|es:470|zh:48|ja:30|fr:30|pt:26|de:24|ar:6|ko:2|it:2
2026-08-18T18:23:21Z,100748035,en:4312|de:3
2026-08-18T18:23:21Z,2748,en:3540|pt:85|de:54|ru:46|it:36|es:31|nl:22|ja:20|fr:8
2026-08-18T18:23:21Z,369418,ru:2618|de:470|en:311|es:246|bg:57|fr:39|pt:34|fi:24|nl:5|pl:2
2026-08-18T18:23:21Z,20596,fr:3730|es:181|ar:32|en:26|pt:2
2026-08-18T18:23:21Z,31336,de:1509|tr:957|es:435|pl:195|pt:185|en:132|ro:103|cs:57|fr:38|it:13
2026-08-18T18:23:21Z,272263131,en:3052|fr:247|zh:152|ja:151|de:66|es:8|other:1|nl:1|fi:1|ca:0
2026-08-18T18:23:21Z,884569009,en:3195|de:292|cs:114|ru:38|es:32|ar:21|uk:20|sk:10|it:5|no:4
2026-08-18T18:23:21Z,1913410799,fr:3327|en:138|ru:60|es:23|de:16|pl:3
2026-08-18T18:23:21Z,490378,en:3516|de:184|uk:6|es:2|fr:1
2026-08-18T18:23:21Z,19976,en:2010|zh:1694|fr:5|pt:2|ja:1
2026-08-18T18:23:21Z,499003,en:3360|fr:181|ja:17|ru:11|de:7|es:4|zh:2
2026-08-18T18:23:21Z,66170,en:2181|fr:387|es:336|pt:238|ru:194|de:96|pl:48|ja:17|hu:11|zh:8
2026-08-18T18:23:21Z,13332,en:2295|de:859|it:321|es:69|fr:68|pl:14|pt:9|nl:5
2026-08-18T18:23:21Z,10186,fr:3566
2026-08-18T18:23:21Z,490377,en:2799|fr:298|de:152|pt:71|sk:34|ru:28|ar:27|it:19|es:18|fi:10
2026-08-18T19:05:08Z,509658,en:136981|ru:86624|de:45968|fr:28825|uk:24388|es:16175|pt:14356|it:11350|zh:8887|pl:8844
2026-08-18T19:05:08Z,32399,pl:30288|ru:21176|en:13288|pt:8537|da:2273|de:2004|es:1803|uk:1129|fr:973|hu:853
2026-08-18T19:05:08Z,516575,de:45350|en:29150|zh:17437|fr:12406|es:4897|pt:4626|ru:3034|ar:1836|ja:1551|pl:572
2026-08-18T19:05:08Z,27471,es:45745|en:42277|de:14556|fr:6988|ru:2435|pt:1212|nl:991|pl:446|ja:360|ar:138
2026-08-18T19:05:08Z,21779,en:33622|fr:23805|es:22505|de:6933|pt:5713|pl:5526|ja:4048|ru:3989|it:1157|zh:888
2026-08-18T19:05:08Z,32982,en:35842|de:25846|fr:14828|ru:8409|pt:4962|sv:4567|it:3225|es:2743|nl:1218|da:1161
2026-08-18T19:05:08Z,18122,en:86518|de:2995|pt:2798|ru:2772|fr:2075|es:1720|pl:289|sv:107|el:86|hu:73
2026-08-18T19:05:08Z,1832841853,en:49336|ru:21782|es:9506|fr:5087|de:4222|zh:4174|pt:680|pl:626|el:428|it:157
2026-08-18T19:05:08Z,509672,ru:29515|en:17865|de:17000|es:3485|fr:2209|uk:2117|it:1551|no:774|pt:756|sv:496
2026-08-18T19:05:08Z,33214,en:33295|de:5714|pt:4409|fr:4112|es:3662|it:1410|ru:1272|pl:491|nl:219|ar:200
2026-08-18T19:05:08Z,29595,ru:32949|en:12296|pt:2403|uk:325|es:214|cs:183|de:105|other:88|th:68|hu:61
2026-08-18T19:05:08Z,491931,en:30389|ru:3975|ja:3189|de:2812|fr:2114|it:919|es:613|hu:316|pl:314|zh:204
2026-08-18T19:05:08Z,491487,fr:18233|en:13860|pt:2485|ru:1994|de:1882|es:1071|pl:676|ja:657|ar:441|it:234
2026-08-18T19:05:08Z,778386489,en:34383|ru:50|fr:23|de:21|uk:10|pt:7|es:7|fi:6|sv:3|sk:2
2026-08-18T19:05:08Z,498566,en:14743|de:12196|pt:1445|es:1389|other:571|cs:414|pl:375|sv:322|ru:245|sk:175
2026-08-18T19:05:08Z,509670,en:29750|de:402|es:16|fr:12|ja:3|tr:2|ru:1|pt:1|pl:1|it:1
2026-08-18T19:05:08Z,515025,en:19825|ja:1385|es:1046|fr:1018|pt:838|de:808|ar:749|ru:594|zh:427|sv:92
2026-08-18T19:05:08Z,27546,en:14693|de:6975|pl:3618|ru:1372|uk:647|hu:438|cs:132|ja:123|es:95|fr:73
2026-08-18T19:05:08Z,488559,en:27364
2026-08-18T19:05:08Z,512710,en:13432|fr:4842|de:2393|it:1714|es:1274|pt:722|pl:227|hu:212|nl:193|uk:166
2026-08-18T19:05:08Z,1534124527,ru:20|fr:10
2026-08-18T19:05:08Z,602040818,en:25341|es:204|it:131|fr:29|hu:23|pt:7
2026-08-18T19:05:08Z,31339,en:8626|de:5121|es:3999|ru:3460|pl:2018|pt:1228|fr:416|fi:71|zh-hk:38|it:30
2026-08-18T19:05:08Z,1264310518,en:21704|pt:726|ar:522|es:449|fr:383|ru:323|de:156|ja:40|pl:36|zh:24
2026-08-18T19:05:08Z,138585,ru:11822|en:7246|fr:1667|zh:1580|ja:772|it:549|ar:503|uk:408|pt:188|es:127
2026-08-18T19:05:08Z,624536948,en:9875|de:5053|pt:2478|it:1935|es:708|fr:627|ru:367|uk:340|nl:325|hu:86
2026-08-18T19:05:08Z,168648543,en:11866|de:2292|ru:2155|pt:1432|es:1322|nl:998|fr:561|hi:429|pl:349|it:279
2026-08-18T19:05:08Z,30921,es:14002|en:4587|de:1935|fr:447|it:191|pt:140|ar:76|pl:71|ru:38|hu:34
2026-08-18T19:05:08Z,623821345,de:20691|en:73|fr:2
2026-08-18T19:05:08Z,512953,zh:9842|en:5105|de:1566|fr:490|es:474|ru:442|pl:53|pt:52|it:37|ar:33
2026-08-18T19:05:08Z,511224,en:10526|ja:1502|fr:1339|ru:920|de:713|zh:434|es:315|it:246|ar:193|uk:79
2026-08-18T19:05:08Z,350287257,en:5698|uk:4478|fr:4428|hu:575|it:312|de:307|pt:288|es:72|ru:27|pl:13
2026-08-18T19:05:08Z,1669431183,de:9161|en:4166|es:1571|ja:170|other:78|da:71|fr:63|hu:44|fi:17|nl:14
2026-08-18T19:05:08Z,499973,en:11237|fr:2552|es:872|de:560|ja:189|pt:59|bg:8|ca:3|sk:1|ru:1
2026-08-18T19:05:08Z,1036710512,en:10470|de:1882|fr:467|ru:294|ja:200|es:112|pt:81|zh:49|sv:34|hu:33
2026-08-18T19:05:08Z,509660,en:8211|de:1105|zh:615|fr:551|es:502|ru:463|ja:335|cs:295|pt:155|pl:75
2026-08-18T19:05:08Z,460630,en:9080|de:1644|fr:844|es:265|ru:218|pt:169|it:85|hu:58|ar:53|ja:42
2026-08-18T19:05:08Z,493057,ru:5270|de:2660|en:1845|pt:961|zh:359|fr:342|es:253|fi:176|el:157|uk:126
2026-08-18T19:05:08Z,386821,en:6046|pt:2853|de:896|ru:782|zh:567|ja:350|es:303|th:208|fr:126|tr:106
2026-08-18T19:05:08Z,29452,pt:7654|en:3487|ru:1122|es:29
2026-08-18T19:05:08Z,1081998272,fr:3257|en:2222|de:2058|ru:751|ja:712|pl:281|es:279|zh:147|pt:126|th:66
2026-08-18T19:05:08Z,19619,pt:9065|en:719|es:406|pl:368|sv:27|other:0
2026-08-18T19:05:08Z,1840896223,en:77|ru:14|fr:8|ar:5|es:2|de:2
2026-08-18T19:05:08Z,29307,en:7637|ru:1588|pt:460|fr:271|de:261|pl:129|es:99|zh:72|tr:30|cs:29
2026-08-18T19:05:08Z,509659,en:8514|ru:749|de:391|es:370|ja:187|fr:43|other:14|uk:6|pt:3
2026-08-18T19:05:08Z,2132205352,en:5305|ru:3557|pt:256|de:86|ja:73|fr:62|pl:22|es:18|uk:7|it:3
2026-08-18T19:05:08Z,417752,es:4029|en:3407|it:783|fr:298|pt:284|zh-hk:257|ja:17|no:16|bg:11|ru:10
2026-08-18T19:05:08Z,513181,en:4846|ru:1040|es:813|fr:638|pt:550|de:360|ja:112|pl:93|asl:29|zh:27
2026-08-18T19:05:08Z,464339927,en:5231|ru:903|de:756|es:620|pt:244|ar:212|fr:207|pl:119|it:63|hu:43
2026-08-18T19:05:08Z,2012789438,en:6983|de:380|fr:248|ar:126|pt:119|nl:36|es:31|da:30|ru:26|fi:14
2026-08-18T19:05:08Z,263490,en:4947|ru:1338|de:508|ja:488|es:168|pl:92|fr:57|pt:51|hu:36|nl:13
2026-08-18T19:05:08Z,951949934,de:3628|en:2762|fr:801|ru:566|uk:188|el:70|es:52|cs:44|tr:42|pl:41
2026-08-18T19:05:08Z,459931,en:7427|fi:404|nl:103|no:38|de:29|pt:25|es:25|pl:13|da:11|sv:7
2026-08-18T19:05:08Z,2058220722,fr:7776|es:62|de:36|en:14|ar:2|pt:1
2026-08-18T19:05:08Z,23020,en:4434|ru:1192|es:603|fr:302|de:173|pt:138|ar:51|pl:31|nl:19|cs:15
2026-08-18T19:05:08Z,488190,en:3804|ru:1077|es:1041|de:875|pt:535|uk:262|fr:28|sv:25|hu:19|no:17
2026-08-18T19:05:08Z,2112738408,en:7584|fr:177|ar:20|de:6|es:3|sv:2|ru:2|pt:2|asl:1
2026-08-18T19:05:08Z,852009328,en:3924|ru:1070|de:617|pt:423|fr:275|es:219|ja:176|zh:127|ar:101|uk:98
2026-08-18T19:05:08Z,24241,en:4525|de:976|zh:494|fr:435|ja:431|es:54|pl:27|th:26|ru:18|pt:8
2026-08-18T19:05:08Z,670138298,en:6180|other:887|fr:9|de:2|es:1
2026-08-18T19:05:08Z,65632,en:4602|fr:1038|de:460|pl:330|ru:265|fi:159|es:88|pt:49|hu:27|uk:22
2026-08-18T19:05:08Z,27284,en:4355|ru:1120|de:413|es:382|fr:185|pt:173|ja:121|it:106|pl:100|sv:38
2026-08-18T19:05:08Z,401587136,ru:4098|en:1037|pt:408|de:407|es:360|fr:123|zh:101|hu:87|tr:58|pl:57
2026-08-18T19:05:08Z,499634,en:5789|ru:519|pt:226|fr:85|es:26|de:4|tr:2|bg:1|ar:1|nl:0
2026-08-18T19:05:08Z,272263131,en:5405|fr:564|ja:178|zh:153|de:64|es:9|other:1|nl:1|fi:1|ca:0
2026-08-18T19:05:08Z,518203,ru:1795|fr:1142|es:1114|en:951|it:700|pt:647|de:276|hu:98|el:85|no:78
2026-08-18T19:05:08Z,494184,ru:6199|en:70|fr:58|pt:56|es:29|zh:4|uk:4|id:2|pl:1|other:1
2026-08-18T19:05:08Z,676802825,ja:1935|en:1100|cs:762|hu:483|de:394|fr:374|ru:321|ar:217|zh:123|pl:39
2026-08-18T19:05:08Z,1982936547,en:2398|de:345|nl:7|fr:7|ko:3|es:1
2026-08-18T19:05:08Z,417528,en:1868|es:1727|pt:1509|ru:415|fr:192|tr:173|de:69|pl:51|it:24|zh:16
2026-08-18T19:05:08Z,13389,en:5333|de:183|fr:149|cs:123|ru:28|sv:26|pl:24|fi:15|es:11
2026-08-18T19:05:08Z,497057,en:5484|de:164|ru:72|pt:50|ja:31|fr:30|es:24|it:17|ar:5|pl:4
2026-08-18T19:05:08Z,26936,en:3807|de:776|ru:446|ja:215|fr:181|other:58|es:44|pt:41|it:35|nl:29
2026-08-18T19:05:08Z,1282866981,en:3300|ru:433|fr:390|de:324|es:307|zh:275|pt:129|th:97|ja:67|ar:60
2026-08-18T19:05:08Z,66082,de:2220|en:1679|zh:551|fr:310|hu:280|ru:127|pt:110|es:43|pl:38|ja:26
2026-08-18T19:05:08Z,493959,ru:2776|en:867|de:864|fr:409|pt:199|th:130|es:73|uk:64|hu:36|cs:25
2026-08-18T19:05:08Z,12839,ru:4841|pl:292|uk:228|en:20
2026-08-18T19:05:08Z,1702520304,en:4593|ru:205|pt:196|de:90|ro:72|sv:35|ja:28|es:15|fr:12|pl:11
2026-08-18T19:05:08Z,55453844,ja:3593|en:995|pt:194|fr:94|es:58|zh:44|ru:37|fi:12|tr:0|it:0
2026-08-18T19:05:08Z,504461,en:4233|fr:306|es:245|ja:132|de:46|it:1
2026-08-18T19:05:08Z,1820839024,pl:3365|de:516|en:178|ru:163|fr:72|ja:54|es:30|hu:25|pt:11|nl:5
2026-08-18T19:05:08Z,2005329090,ja:4525|en:3
2026-08-18T19:05:08Z,512923,ru:2404|en:1564|de:232|zh:107|pl:104|fr:91|uk:82|hu:47|pt:27|th:11
2026-08-18T19:05:08Z,513143,en:3308|fr:265|pt:148|it:135|de:126|ru:107|es:70|bg:69|pl:31|ja:25
2026-08-18T19:05:08Z,1313351584,en:3679|fr:104|de:52|da:42|ru:8|pt:7|nl:5|es:4|cs:1
2026-08-18T19:05:08Z,1763263,fr:4302
2026-08-18T19:05:08Z,1913410799,fr:4002|en:166|ru:49|es:21|de:17|pl:9|pt:1|it:1
2026-08-18T19:05:08Z,884569009,en:3672|de:155|ru:48|pt:43|ar:35|es:20|sk:7|it:6|hu:6|nl:1
2026-08-18T19:05:08Z,630009802,en:3570|de:120|pt:108|es:55|fr:31|ja:26|zh:19|hu:2|ar:2|it:1
2026-08-18T19:05:08Z,805894826,fr:3659|en:265|de:0
2026-08-18T19:05:08Z,53195958,ru:4013|pt:41|en:8
2026-08-18T19:05:08Z,510218,fr:3508|en:284|de:111|ru:42|es:31|pl:14|it:9|tr:3|nl:2|uk:0
2026-08-18T19:05:08Z,1435206302,en:3635|sv:98|zh:49|ja:42|fr:12|de:9|es:7|pt:5|el:3
2026-08-18T19:05:08Z,20596,fr:3845|es:85|ar:29|en:25|pt:4
2026-08-18T19:05:08Z,100748035,en:3768|de:6
2026-08-18T19:05:08Z,490378,en:3802|es:3
2026-08-18T19:05:08Z,2748,en:3415|pt:99|ru:51|it:38|de:36|es:18|nl:16|fr:15|ja:0
2026-08-18T19:05:08Z,518184,en:2121|fr:518|de:470|ru:240|es:59|pl:56|it:35|nl:23|ja:22|pt:21
2026-08-18T19:05:08Z,31336,de:1534|tr:934|es:470|pt:211|pl:201|en:121|ro:89|cs:49|fr:37|it:19
2026-08-18T19:05:08Z,13332,en:2349|de:774|it:257|fr:74|es:73|nl:10|pl:9|pt:4|ja:2
2026-08-18T19:37:43Z,509658,en:160981|ru:94354|de:53386|fr:33071|it:25440|uk:24782|es:11825|el:9237|zh:8302|pt:5954
2026-08-18T19:37:43Z,32982,en:39859|de:25196|fr:25151|ru:8856|pt:5856|sv:4345|es:3201|nl:1633|it:1181|da:1174
2026-08-18T19:37:43Z,32399,ru:41308|pl:40557|en:16399|pt:9187|de:2503|es:1824|fr:1749|hu:1022|da:966|uk:893
2026-08-18T19:37:43Z,27471,en:44456|es:43810|de:14576|fr:7468|ru:2137|pt:1341|nl:926|pl:378|ja:311|it:263
2026-08-18T19:37:43Z,516575,de:45616|en:22142|zh:14920|fr:10404|pt:5152|es:4632|ru:3023|ja:1344|ar:1305|pl:562
2026-08-18T19:37:43Z,21779,en:35094|es:22736|fr:17191|de:7345|pt:6218|pl:4919|ja:3457|ru:2633|it:1452|hu:857
2026-08-18T19:37:43Z,18122,en:87659|de:3093|fr:2535|pt:2212|ru:2178|es:1600|pl:308|tr:159|sv:111|el:77
2026-08-18T19:37:43Z,1832841853,en:44095|ru:22522|es:9257|pt:9221|fr:4502|de:4162|zh:1824|pl:706|el:374|it:203
2026-08-18T19:37:43Z,509672,ru:28583|en:19924|de:15275|fr:3775|uk:2400|es:1882|it:1360|pt:887|sv:510|no:308
2026-08-18T19:37:43Z,33214,en:36938|de:6483|pt:5896|fr:4263|es:3582|it:1714|ru:1017|pl:503|ar:271|nl:256
2026-08-18T19:37:43Z,29595,ru:36739|en:12720|pt:2477|uk:460|es:209|de:193|other:86|th:73|sv:57|hu:53
2026-08-18T19:37:43Z,491931,en:30886|ru:3867|ja:3562|de:2353|fr:2209|it:907|es:535|pl:438|hu:278|pt:203
2026-08-18T19:37:43Z,498566,en:19251|de:18373|es:3459|pt:1926|other:552|fr:477|pl:391|ru:377|fi:262|no:205
2026-08-18T19:37:43Z,491487,fr:19450|en:14505|pt:2660|de:1980|ru:1476|es:767|pl:741|ar:514|ja:452|it:318
2026-08-18T19:37:43Z,778386489,en:36909|de:98|fr:36|ru:33|es:31|fi:14|pt:12|uk:10|it:6|sv:2
2026-08-18T19:37:43Z,1534124527,en:31805|ru:21|fr:14
2026-08-18T19:37:43Z,515025,en:20633|ja:1306|fr:1253|es:1180|pt:1123|de:864|ar:676|ru:525|zh:308|it:124
2026-08-18T19:37:43Z,509670,en:27969|de:198|fr:61|es:19|pl:5|it:5|ja:3|tr:2|ru:1|pt:1
2026-08-18T19:37:43Z,31339,es:10273|en:9277|ru:3555|de:1831|pt:1252|pl:1089|fr:365|fi:67|uk:61|zh-hk:43
2026-08-18T19:37:43Z,488559,en:26775
2026-08-18T19:37:43Z,1264310518,en:22744|pt:739|ar:667|es:579|ru:373|fr:269|de:149|ja:54|zh:53|pl:46
2026-08-18T19:37:43Z,138585,ru:11439|en:7563|fr:1790|zh:1480|ja:768|ar:489|uk:389|pt:154|es:133|de:117
2026-08-18T19:37:43Z,27546,en:14249|pl:3498|ru:1212|de:836|uk:704|cs:533|hu:380|es:122|fr:121|ja:81
2026-08-18T19:37:43Z,512710,en:13334|de:2410|fr:1843|it:1791|es:1278|pt:583|ru:207|pl:199|nl:195|hu:184
2026-08-18T19:37:43Z,624536948,en:9848|de:5193|pt:2854|it:1635|fr:868|es:658|ru:372|uk:335|nl:311|ar:175
2026-08-18T19:37:43Z,168648543,en:12210|de:2524|ru:2094|pt:1367|es:1171|nl:843|hi:456|pl:350|it:273|fr:265
2026-08-18T19:37:43Z,30921,es:14880|en:4510|de:1775|fr:779|it:178|pt:114|ar:78|pl:70|ru:45|sv:26
2026-08-18T19:37:43Z,602040818,en:1733|es:39|hu:24|fr:17|it:2
2026-08-18T19:37:43Z,623821345,de:20288|en:101|fr:3
2026-08-18T19:37:43Z,951949934,en:11877|de:3730|fr:1054|ru:529|uk:142|hu:118|el:72|es:59|cs:49|it:28
2026-08-18T19:37:43Z,512953,zh:8996|en:5173|de:681|fr:599|es:579|ru:508|ar:75|pt:59|pl:52|it:36
2026-08-18T19:37:43Z,511224,en:9101|ja:1394|fr:1321|ru:913|de:822|zh:342|es:281|it:253|ar:125|uk:74
2026-08-18T19:37:43Z,626298054,pl:15560|fr:28|fi:26|en:12|ru:10|sk:5
2026-08-18T19:37:43Z,499973,en:11126|fr:2107|es:939|de:549|ja:329|pt:62|bg:7|ca:3|ru:2|sk:1
2026-08-18T19:37:43Z,1669431183,de:8717|en:4375|es:1460|da:43|hu:40|fr:35|nl:23|fi:14|ja:12|it:10
2026-08-18T19:37:43Z,1036710512,en:10228|de:1618|fr:500|ru:278|ja:206|es:154|pt:85|sv:43|it:32|nl:25
2026-08-18T19:37:43Z,460630,en:9972|de:1439|fr:513|es:262|ru:197|pt:187|it:120|ar:61|nl:47|fi:37
2026-08-18T19:37:43Z,29452,pt:9713|en:3389|es:30|ru:25
2026-08-18T19:37:43Z,509660,en:8485|de:842|fr:696|ru:457|es:412|zh:401|ja:347|cs:285|pt:176|th:96
2026-08-18T19:37:43Z,126542259,de:2772|fr:13
2026-08-18T19:37:43Z,386821,en:5845|pt:2857|de:885|ru:740|zh:561|es:316|ja:308|th:168|fr:135|tr:98
2026-08-18T19:37:43Z,509659,en:9865|ru:1350|de:361|es:111|fr:76|ja:47|other:30|uk:29|it:5|pt:1
2026-08-18T19:37:43Z,350287257,fr:4168|uk:3862|en:2236|pt:354|de:301|hu:276|it:160|es:93|pl:23|ru:21
2026-08-18T19:37:43Z,493057,ru:4717|de:2545|en:2224|pt:587|es:236|el:181|zh:170|uk:136|tr:121|other:57
2026-08-18T19:37:43Z,29307,en:8221|ru:1501|pt:434|fr:322|de:261|es:102|pl:76|zh:69|tr:30|th:26
2026-08-18T19:37:43Z,19619,pt:8727|en:771|es:470|pl:334|sv:41|other:0
2026-08-18T19:37:43Z,2132205352,en:5375|ru:3429|pt:270|de:89|fr:68|ja:56|es:19|pl:18|uk:13|it:2
2026-08-18T19:37:43Z,2012789438,en:8535|fr:329|de:208|ar:173|pt:144|nl:65|da:31|es:27|ru:25|fi:7
2026-08-18T19:37:43Z,518203,ru:2825|it:1967|es:1532|fr:1283|en:960|pt:644|de:228|hu:76|no:60|zh:33
2026-08-18T19:37:43Z,263490,en:5172|ru:1765|de:543|ja:490|es:204|pt:145|pl:97|fr:80|hu:32|nl:11
2026-08-18T19:37:43Z,464339927,en:5531|ru:819|de:755|es:642|fr:255|pt:217|ar:206|pl:120|it:63|hu:47
2026-08-18T19:37:43Z,2058220722,fr:8665|es:75|de:35|no:25|en:24|ar:3|pt:1
2026-08-18T19:37:43Z,1840896223,en:8633|fr:33|ru:27|es:3|de:2|other:1
2026-08-18T19:37:43Z,488190,en:3753|de:1385|es:1265|ru:1173|pt:613|uk:280|fr:34|sv:29|hu:21|no:18
2026-08-18T19:37:43Z,513181,en:4687|es:984|ru:919|pt:622|fr:415|de:218|ja:132|pl:73|it:63|zh:40
2026-08-18T19:37:43Z,1081998272,fr:3467|en:2368|ru:692|es:323|pl:299|de:210|pt:137|it:88|zh:76|uk:57
2026-08-18T19:37:43Z,417752,es:3655|en:3476|fr:324|it:300|zh-hk:273|pt:37|no:23|ja:21|bg:10|ru:7
2026-08-18T19:37:43Z,2112738408,en:7558|fr:186|other:93|ar:17|es:8|de:8|ru:3|sv:2|it:1
2026-08-18T19:37:43Z,23020,en:3980|ru:1658|es:469|de:468|fr:310|pt:124|nl:106|ar:79|pl:30|zh:16
2026-08-18T19:37:43Z,459931,en:7410|fi:389|nl:92|de:28|pt:25|es:23|no:17|da:12|pl:11|sv:7
2026-08-18T19:37:43Z,24241,en:5100|de:979|fr:489|zh:487|ja:437|es:64|pl:29|ru:11|pt:11|it:5
2026-08-18T19:37:43Z,499634,en:6739|pt:291|ru:271|fr:124|es:20|de:7|tr:2|bg:1
2026-08-18T19:37:43Z,65632,en:4596|fr:1238|ru:427|pl:301|fi:170|es:125|de:113|hu:37|pt:34|uk:22
2026-08-18T19:37:43Z,27284,en:4568|ru:1155|es:353|fr:281|de:267|pt:178|it:134|pl:96|sv:31|uk:13
2026-08-18T19:37:43Z,852009328,en:3449|ru:974|pt:445|de:339|fr:297|ja:178|zh:162|uk:111|ar:93|es:64
2026-08-18T19:37:43Z,401587136,ru:4217|en:1135|pt:434|de:399|es:353|fr:135|zh:95|hu:79|pl:70|tr:62
2026-08-18T19:37:43Z,670138298,en:5974|other:941|fr:6|de:4|es:1
2026-08-18T19:37:43Z,26936,en:4565|de:729|ru:409|ja:226|fr:221|es:85|other:59|pt:40|it:34|nl:32
2026-08-18T19:37:43Z,1707018806,es:6732|fr:4
2026-08-18T19:37:43Z,494184,ru:6328|es:105|en:68|fr:62|pt:61|de:6|pl:5|uk:3|tl:3|id:2
2026-08-18T19:37:43Z,676802825,ja:1815|en:1730|cs:737|hu:465|fr:455|de:454|ru:351|ar:210|zh:130|it:31
2026-08-18T19:37:43Z,1982936547,en:5880|de:336|pt:8|fr:8|nl:6|es:6|ko:1
2026-08-18T19:37:43Z,13389,en:5233|fr:196|de:170|es:30|sv:28|ru:24|pl:20|cs:16|fi:14|tr:4
2026-08-18T19:37:43Z,497057,en:5509|de:136|ru:73|fr:64|pt:57|es:40|ja:34|it:30|ar:4|tr:3
2026-08-18T19:37:43Z,272263131,en:5184|fr:441|ja:189|zh:150|de:57|es:8|pl:1|other:1|nl:1|fi:1
2026-08-18T19:37:43Z,493959,ru:2757|en:882|de:812|fr:472|pt:241|th:143|uk:109|es:93|nl:43|hu:36
2026-08-18T19:37:43Z,417528,en:1891|es:1631|pt:1274|ru:222|fr:189|tr:168|pl:56|de:42|it:22|zh:18
2026-08-18T19:37:43Z,12839,ru:4999|pl:310|uk:252|en:34|es:2
2026-08-18T19:37:43Z,66082,de:2234|en:1548|zh:475|fr:392|hu:231|es:200|ru:117|pt:115|it:34|ja:20
2026-08-18T19:37:43Z,1702520304,en:4532|pt:199|ru:185|de:94|ro:65|sv:33|ja:29|es:17|fr:9|pl:7
2026-08-18T19:37:43Z,1282866981,en:3136|fr:452|ru:446|es:290|zh:229|de:217|th:93|pt:74|ar:65|ja:59
2026-08-18T19:37:43Z,504461,en:4187|fr:355|es:216|ja:135|de:63
2026-08-18T19:37:43Z,805894826,fr:3554|en:260|el:18|de:2
2026-08-18T19:37:43Z,1820839024,pl:3023|de:952|en:233|ru:188|fr:133|hu:41|it:21|ar:19|pt:17|nl:10
2026-08-18T19:37:43Z,1435206302,en:4566|zh:50|ja:30|fr:11|de:9|es:6|pt:3|el:3
2026-08-18T19:37:43Z,1763263,fr:4814
2026-08-18T19:37:43Z,2005329090,ja:4352|en:2
2026-08-18T19:37:43Z,512923,ru:2162|en:1559|de:163|fr:125|uk:57|hu:56|pt:23|pl:23|it:15|zh:11
2026-08-18T19:37:43Z,1313351584,en:4102|fr:129|da:76|de:52|pt:49|es:4|nl:2|cs:1
2026-08-18T19:37:43Z,20596,fr:4075|es:95|ar:31|en:25|pt:4
2026-08-18T19:37:43Z,1913410799,fr:3797|en:178|ru:62|de:12|pl:11|pt:1|it:1
2026-08-18T19:37:43Z,510218,fr:3399|en:308|de:163|ru:52|es:31|pl:11|it:11|tr:7|el:2
2026-08-18T19:37:43Z,630009802,en:3705|pt:117|de:116|es:58|fr:31|zh:19|ja:17|it:4|ru:3|ar:3
2026-08-18T19:37:43Z,499003,en:3266|fr:218|pt:122|de:36|es:31|ru:14|ja:9|zh:1
2026-08-18T19:37:43Z,490378,en:3889|de:6
2026-08-18T19:37:43Z,2748,en:3137|it:126|pt:97|ru:55|de:37|fr:30|es:27|ja:1
2026-08-18T19:37:43Z,491168,de:3040|ru:566|es:162|fr:147|it:86|en:28|sv:4|pl:3|pt:1|ar:0
2026-08-18T19:37:43Z,53195958,ru:3720|pt:41|en:9
2026-08-18T19:37:43Z,490377,en:2908|fr:382|de:141|pt:98|sk:41|ar:36|it:24|es:22|ru:21|nl:12
2026-08-18T19:37:43Z,518184,en:2022|fr:590|de:425|ru:187|pl:113|es:87|ja:33|pt:29|it:29|nl:26
2026-08-18T19:55:38Z,509658,en:172210|ru:92735|de:57653|fr:43923|uk:24767|it:23408|es:13800|zh:8313|pt:5968|pl:4977
2026-08-18T19:55:38Z,32982,en:39724|fr:29014|de:24900|ru:10096|pt:6036|es:3276|sv:3241|nl:1609|it:1380|hu:1225
2026-08-18T19:55:38Z,32399,ru:41993|pl:33760|en:15430|pt:8376|de:2546|es:2280|fr:1269|hu:1062|da:961|uk:911
2026-08-18T19:55:38Z,516575,de:47316|en:22889|fr:10559|zh:7881|pt:5479|es:3554|ru:3075|ar:1269|ja:904|pl:477
2026-08-18T19:55:38Z,21779,en:36322|es:23932|fr:11123|de:7157|pt:6360|pl:5537|ja:3357|it:3179|ru:2854|hu:1068
2026-08-18T19:55:38Z,18122,en:83408|de:2952|pt:2128|fr:2061|ru:1954|es:1502|pl:339|tr:162|it:80|el:74
2026-08-18T19:55:38Z,1832841853,en:36304|ru:21795|pt:9571|es:9003|fr:4542|de:4097|zh:1777|pl:709|it:402|el:360
2026-08-18T19:55:38Z,27471,en:45467|de:13902|fr:7828|ru:3776|pt:1460|es:1421|nl:913|pl:403|it:302|ja:217
2026-08-18T19:55:38Z,509672,ru:25477|en:17504|de:14731|it:2919|fr:2434|uk:2152|es:2068|pt:831|sv:458|no:283
2026-08-18T19:55:38Z,33214,en:36437|pt:6433|de:5654|fr:4103|es:3216|it:1858|ru:982|pl:452|ar:312|nl:263
2026-08-18T19:55:38Z,29595,ru:36620|en:12313|pt:2534|uk:438|de:209|es:203|other:98|fi:58|sv:54|th:52
2026-08-18T19:55:38Z,491931,en:31925|ru:3866|fr:2411|de:2322|ja:2039|it:945|es:480|pl:420|hu:284|pt:219
2026-08-18T19:55:38Z,498566,de:19698|en:18862|es:3537|pt:1876|fr:415|pl:396|other:332|fi:259|no:220|cs:113
2026-08-18T19:55:38Z,491487,fr:18721|en:14193|pt:2712|de:1935|ru:1694|es:1058|pl:768|ar:575|ja:457|it:365
2026-08-18T19:55:38Z,778386489,en:35601|de:104|fr:36|es:34|ru:28|uk:11|pt:9|it:7|sv:2|sk:2
2026-08-18T19:55:38Z,1534124527,en:32483|ru:19
2026-08-18T19:55:38Z,509670,en:31054|de:105|fr:65|es:18|ru:6|pl:4|ja:3|it:3|tr:2|pt:1
2026-08-18T19:55:38Z,31339,es:13302|en:9883|ru:3393|de:1455|pt:1292|pl:690|fr:367|uk:68|fi:67|it:40
2026-08-18T19:55:38Z,515025,en:19892|fr:1338|ja:1332|es:1136|pt:1001|de:830|ar:755|ru:506|zh:315|it:107
2026-08-18T19:55:38Z,1264310518,en:23949|pt:801|ar:574|es:568|fr:366|ru:360|de:151|pl:45|it:42|zh:33
2026-08-18T19:55:38Z,488559,en:26809|uk:3|es:1
2026-08-18T19:55:38Z,138585,ru:11642|en:7921|fr:2010|zh:1447|ja:762|ar:457|uk:396|es:125|pl:94|it:91
2026-08-18T19:55:38Z,512710,en:13610|de:2490|fr:2387|es:1259|it:843|pt:657|ru:215|pl:196|nl:163|no:151
2026-08-18T19:55:38Z,30921,es:15004|en:4708|de:1072|fr:711|pt:243|it:195|ar:118|pl:64|ru:37|sv:23
2026-08-18T19:55:38Z,624536948,en:9904|de:5391|pt:2650|it:1513|fr:780|es:587|ru:426|nl:310|ar:169|uk:99
2026-08-18T19:55:38Z,27546,en:14240|pl:3529|ru:1125|de:1060|uk:467|hu:362|fr:142|es:129|cs:92|ja:70
2026-08-18T19:55:38Z,168648543,en:12116|ru:1723|de:1583|pt:1300|es:1198|hi:434|pl:431|fr:321|it:257|ro:53
2026-08-18T19:55:38Z,623821345,de:19715|en:93|fr:6
2026-08-18T19:55:38Z,511224,en:10289|zh:2062|ja:1285|fr:1197|ru:866|de:740|es:358|it:272|ar:87|pt:84
2026-08-18T19:55:38Z,499973,en:12749|fr:2052|es:860|de:543|ja:285|pt:62|bg:8|ru:2|ca:2|sk:1
2026-08-18T19:55:38Z,512953,zh:8637|en:5120|de:665|es:586|fr:583|ru:485|ar:83|pl:65|pt:61|it:36
2026-08-18T19:55:38Z,626298054,pl:15996|fi:25|en:23|fr:17|ru:12|sk:6|es:1
2026-08-18T19:55:38Z,951949934,en:9762|de:3672|fr:1012|ru:465|hu:139|uk:129|el:69|es:64|cs:47|it:31
2026-08-18T19:55:38Z,1036710512,en:10448|de:2000|fr:510|ru:269|ja:213|es:150|pt:87|pl:66|it:41|no:23
2026-08-18T19:55:38Z,1669431183,de:7771|en:4291|es:1477|fr:54|hu:36|da:33|nl:24|fi:14|ja:10|el:10
2026-08-18T19:55:38Z,126542259,de:13639|fr:8
2026-08-18T19:55:38Z,509660,en:8119|de:713|fr:656|es:438|ja:360|ru:350|zh:348|cs:266|pt:151|th:93
2026-08-18T19:55:38Z,509659,en:9700|ru:1513|de:499|es:126|fr:104|ja:44|other:31|uk:25|it:5|pt:1
2026-08-18T19:55:38Z,460630,en:8651|de:1404|fr:534|es:283|pt:214|ru:213|it:146|nl:61|ar:51|fi:26
2026-08-18T19:55:38Z,386821,en:5792|pt:2833|de:849|ru:676|zh:548|es:360|ja:305|fr:144|th:129|tr:81
2026-08-18T19:55:38Z,493057,ru:4561|de:2506|en:2435|pt:839|es:235|el:174|zh:156|uk:146|tr:115|fr:73
2026-08-18T19:55:38Z,29307,en:8094|ru:1409|pt:443|de:268|fr:231|es:112|pl:72|zh:71|uk:46|tr:31
2026-08-18T19:55:38Z,29452,pt:7636|en:3330|ru:332|es:28
2026-08-18T19:55:38Z,518203,ru:3332|it:2331|es:1933|fr:1260|en:1034|pt:659|de:222|hu:66|no:61|ro:31
2026-08-18T19:55:38Z,2012789438,en:9893|fr:393|ar:171|pt:128|de:107|es:101|nl:52|ru:25|fi:6|other:5
2026-08-18T19:55:38Z,19619,pt:8757|en:730|es:538|pl:208|sv:40|other:0
2026-08-18T19:55:38Z,1081998272,fr:4564|en:2323|ru:570|pl:326|es:267|pt:218|de:174|zh:83|it:75|uk:58
2026-08-18T19:55:38Z,350287257,fr:4011|uk:3682|en:798|pt:410|hu:240|de:130|es:124|ru:21|pl:13|zh:10
2026-08-18T19:55:38Z,2132205352,en:5208|ru:3483|pt:272|fr:57|ja:55|cs:54|pl:21|es:21|de:17|uk:12
2026-08-18T19:55:38Z,464339927,en:5750|de:775|es:670|ru:648|fr:341|pt:198|pl:137|it:78|ar:52|other:30
2026-08-18T19:55:38Z,2058220722,fr:8746|es:72|de:29|no:21|en:19|ar:3|pt:1
2026-08-18T19:55:38Z,2112738408,en:8283|fr:105|other:90|de:9|ar:9|es:5|ru:3|sv:1|it:0
2026-08-18T19:55:38Z,488190,en:3836|de:1473|ru:1144|es:1028|pt:639|uk:277|sv:33|fr:29|hu:24|no:14
2026-08-18T19:55:38Z,1840896223,en:8217|fr:43|ru:29|es:11|other:2|de:1
2026-08-18T19:55:38Z,459931,en:7127|fi:386|nl:98|de:36|pt:30|es:23|no:10|pl:8|sv:6|fr:2
2026-08-18T19:55:38Z,499634,en:6931|pt:285|ru:267|fr:88|es:23|de:3|tr:2|bg:2
2026-08-18T19:55:38Z,263490,en:4638|ru:1530|de:557|ja:548|es:208|pt:174|fr:89|pl:78|hu:27|nl:9
2026-08-18T19:55:38Z,417752,es:3931|en:3248|it:382|fr:292|pt:30|no:20|ja:19|bg:10|ru:7|el:2
2026-08-18T19:55:38Z,852009328,en:3451|ru:1709|pt:898|de:312|fr:311|ja:182|zh:161|ar:138|uk:122|es:79
2026-08-18T19:55:38Z,670138298,en:6161|other:930|fr:8|de:7|es:1
2026-08-18T19:55:38Z,23020,en:4009|ru:972|de:440|es:378|fr:327|pt:204|nl:93|ar:88|pl:40|it:23
2026-08-18T19:55:38Z,513181,en:3588|es:980|ru:939|pt:596|fr:474|de:203|ja:118|it:86|pl:70|zh:32
2026-08-18T19:55:38Z,27284,en:4582|ru:1171|es:278|fr:273|de:272|pt:172|it:150|pl:90|sv:33|uk:13
2026-08-18T19:55:38Z,401587136,ru:4394|en:1233|pt:484|de:386|es:370|fr:130|zh:97|hu:73|tr:61|pl:42
2026-08-18T19:55:38Z,24241,en:4995|fr:536|de:433|ja:408|zh:391|es:67|pl:26|pt:16|ru:12|it:7
2026-08-18T19:55:38Z,65632,en:4706|fr:1262|ru:437|pl:264|fi:148|es:143|de:112|pt:44|hu:36|el:33
2026-08-18T19:55:38Z,494184,ru:6470|es:109|en:71|fr:64|pt:59|tl:5|pl:4|de:4|uk:3|th:1
2026-08-18T19:55:38Z,26936,en:4478|de:656|ru:364|ja:252|fr:186|es:87|other:60|it:35|pt:33|nl:29
2026-08-18T19:55:38Z,676802825,en:1837|ja:1795|cs:753|fr:468|de:454|ru:350|ar:174|zh:129|sv:33|it:30
2026-08-18T19:55:38Z,497057,en:5582|de:126|ru:90|fr:85|pt:63|es:38|it:26|ar:6|ja:5|tr:4
2026-08-18T19:55:38Z,13389,en:5319|fr:204|de:183|cs:151|es:53|sv:30|ru:24|pl:22|fi:15|tr:3
2026-08-18T19:55:38Z,272263131,en:5107|fr:315|ja:196|zh:154|de:60|es:7|pl:1|other:1|nl:1|fi:1
2026-08-18T19:55:38Z,13332,en:5422|it:254|de:140|fr:76|es:20|pl:18|nl:9|pt:5|ja:2|sv:1
2026-08-18T19:55:38Z,493959,ru:2686|de:866|en:833|fr:545|pt:313|th:115|uk:114|es:80|nl:42|hu:40
2026-08-18T19:55:38Z,12839,ru:5096|pl:305|uk:295|en:25|es:1
2026-08-18T19:55:38Z,66082,de:2334|en:1735|zh:445|fr:356|es:183|it:175|pt:118|ru:93|hu:65|ja:16
2026-08-18T19:55:38Z,417528,en:1877|es:1606|pt:1225|ru:305|fr:180|tr:168|pl:44|de:40|it:28|zh:18
2026-08-18T19:55:38Z,1702520304,en:4462|pt:399|ru:170|de:106|ro:66|sv:31|ja:28|es:15|pl:9|fr:6
2026-08-18T19:55:38Z,1707018806,es:5884|fr:3
2026-08-18T19:55:38Z,1282866981,en:3307|fr:421|ru:414|es:274|zh:239|de:227|th:85|pt:70|ar:70|ja:41
2026-08-18T19:55:38Z,1763263,fr:5024|en:1
2026-08-18T19:55:38Z,1584362682,it:5017
2026-08-18T19:55:38Z,1435206302,en:4948|zh:39|ja:30|fr:13|de:8|pt:4|el:3|es:1
2026-08-18T19:55:38Z,504461,en:4155|fr:344|es:193|de:56|ja:6
2026-08-18T19:55:38Z,1820839024,pl:2945|de:877|en:265|fr:165|ru:146|it:51|hu:44|ar:25|nl:10|uk:9
2026-08-18T19:55:38Z,1313351584,en:4017|fr:138|da:71|de:55|pt:33|es:5|nl:3|cs:1
2026-08-18T19:55:38Z,2005329090,ja:4277|en:1
2026-08-18T19:55:38Z,34134,en:2523|de:1249|fr:405|es:27|it:5|el:4|nl:3|ar:3|pt:1|ja:1
2026-08-18T19:55:38Z,20596,fr:3968|es:89|ar:33|en:28|pt:4
2026-08-18T19:55:38Z,491168,de:2847|ru:589|it:273|es:190|fr:136|en:114|el:12|pl:5|sv:2|other:2
2026-08-18T19:55:38Z,1913410799,fr:3721|en:218|ru:69|de:18|pl:10|it:2|pt:1
2026-08-18T19:55:38Z,630009802,en:3719|de:125|pt:110|es:58|fr:40|zh:15|ja:14|ar:4|ru:3|it:3
2026-08-18T19:55:38Z,510218,fr:3499|en:366|de:157|es:66|ru:46|it:10|pl:8|el:5|tr:4|fi:1
2026-08-18T19:55:38Z,490378,en:3987|de:6
2026-08-18T19:55:38Z,499003,en:3631|pt:119|fr:41|de:35|es:29|ja:12|ru:4|zh:1
2026-08-18T19:55:38Z,369418,it:2964|de:401|en:289|pt:210|uk:42|da:35|ru:33|pl:13|nl:13|fr:13
2026-08-18T19:55:38Z,490377,en:3029|fr:378|de:156|pt:94|sk:37|ar:35|ru:23|it:21|es:14|nl:12
2026-08-18T19:55:38Z,53195958,ru:3631|fr:54|pt:36|en:12
2026-08-18T19:55:38Z,31336,de:1398|tr:1057|es:472|pt:240|pl:149|en:134|ro:98|cs:43|fr:33|it:17
2026-08-18T19:55:38Z,100748035,en:3631
